source_file,cq_file,source_qid,transformed_qid,subject,outline_code,answer_key,validation_status,load_status,quarantine_reason,stem_len,has_annotation,has_components,has_intel,has_case_study,generated_db_identifier
C:\FOC\Workspace\Finished\CQ14000.md,CQ14000.md,14000,14000_bible_escape_room_trailer,CIVIL_PROCEDURE,93110300,D,PASS,draft_ready,,631,true,true,true,true,14000_bible_escape_room_trailer
C:\FOC\Workspace\Finished\CQ14001.md,CQ14001.md,14001,14001_christmas_stage_review,CIVIL_PROCEDURE,93110100,B,PASS,draft_ready,,738,true,true,true,true,14001_christmas_stage_review
C:\FOC\Workspace\Finished\CQ14007.md,CQ14007.md,14007,14007_winter_market_review,CIVIL_PROCEDURE,93110300,B,PASS,draft_ready,,766,true,true,true,true,14007_winter_market_review
C:\FOC\Workspace\Finished\CQ14014.md,CQ14014.md,14014,14014_scripture_cart_jury_poll,CIVIL_PROCEDURE,93110101,B,PASS,draft_ready,,750,true,true,true,true,14014_scripture_cart_jury_poll
C:\FOC\Workspace\Finished\CQ14062.md,CQ14062.md,14062,14062_stephens-orchard-late-changed-charge,CIVIL_PROCEDURE,91090400,C,PASS,draft_ready,,1368,true,true,true,true,14062_stephens-orchard-late-changed-charge
C:\FOC\Workspace\Finished\CQ14068.md,CQ14068.md,14068,14068_retreat_canoe,CIVIL_PROCEDURE,91090100,C,PASS,draft_ready,,1208,true,true,true,true,14068_retreat_canoe
C:\FOC\Workspace\Finished\CQ14071.md,CQ14071.md,14071,14071_threshing-sledge-patent,CIVIL_PROCEDURE,91090300,C,PASS,draft_ready,,1231,true,true,true,true,14071_threshing-sledge-patent
C:\FOC\Workspace\Finished\CQ14090.md,CQ14090.md,14090,14090_federal_military_property_duty_defense,CIVIL_PROCEDURE,96060200,C,PASS,draft_ready,,687,true,true,true,true,14090_federal_military_property_duty_defense
C:\FOC\Workspace\Finished\CQ14108.md,CQ14108.md,14108,14108_ebike_delivery_sign,CIVIL_PROCEDURE,92080201,C,PASS,draft_ready,,1458,true,true,true,true,14108_ebike_delivery_sign
C:\FOC\Workspace\Finished\CQ14132.md,CQ14132.md,14132,14132_lydia_vineyard_smj,CIVIL_PROCEDURE,92080104,B,PASS,draft_ready,,739,true,true,true,true,14132_lydia_vineyard_smj
C:\FOC\Workspace\Finished\CQ14148.md,CQ14148.md,14148,14148_vineyard-sanctions,CIVIL_PROCEDURE,95070101,A,PASS,draft_ready,,1081,true,true,true,true,14148_vineyard-sanctions
C:\FOC\Workspace\Finished\CQ14150.md,CQ14150.md,14150,14150_livestock_trailer_rancher,CIVIL_PROCEDURE,95070302,C,PASS,draft_ready,,636,true,true,true,true,14150_livestock_trailer_rancher
C:\FOC\Workspace\Finished\CQ14178.md,CQ14178.md,14178,14178_choir_robe_credit_good_faith,CIVIL_PROCEDURE,95070102,C,PASS,draft_ready,,764,true,true,true,true,14178_choir_robe_credit_good_faith
C:\FOC\Workspace\Finished\CQ14188.md,CQ14188.md,14188,14188_homeschool_discipleship_kit_files,CIVIL_PROCEDURE,95070404,B,PASS,draft_ready,,1170,true,true,true,true,14188_homeschool_discipleship_kit_files
C:\FOC\Workspace\Finished\CQ14205.md,CQ14205.md,14205,14205_fellowship_hall,CIVIL_PROCEDURE,97100200,D,PASS,draft_ready,,1164,true,true,true,true,14205_fellowship_hall
C:\FOC\Workspace\Finished\CQ14208.md,CQ14208.md,14208,14208_women_of_the_word,CIVIL_PROCEDURE,97100300,B,PASS,draft_ready,,1406,true,true,true,true,14208_women_of_the_word
C:\FOC\Workspace\Finished\CQ14216.md,CQ14216.md,14216,14216_retreat_shuttle,CIVIL_PROCEDURE,97100300,B,PASS,draft_ready,,576,true,true,true,true,14216_retreat_shuttle
C:\FOC\Workspace\Finished\CQ14222.md,CQ14222.md,14222,14222_piano_tutor_counterclaim_default,CIVIL_PROCEDURE,97100400,D,PASS,draft_ready,,611,true,true,true,true,14222_piano_tutor_counterclaim_default
C:\FOC\Workspace\Finished\CQ14223.md,CQ14223.md,14223,14223_library-bulletin,CONSTITUTIONAL_LAW,44040502,C,PASS,draft_ready,,1452,true,true,true,true,14223_library-bulletin
C:\FOC\Workspace\Finished\CQ14225.md,CQ14225.md,14225,14225_christian-tutor-license,CONSTITUTIONAL_LAW,44040203,C,PASS,draft_ready,,2023,true,true,true,true,14225_christian-tutor-license
C:\FOC\Workspace\Finished\CQ14226.md,CQ14226.md,14226,14226_corinth-wards,CONSTITUTIONAL_LAW,44040202,C,PASS,draft_ready,,1131,true,true,true,true,14226_corinth-wards
C:\FOC\Workspace\Finished\CQ14227.md,CQ14227.md,14227,14227_priscilla_treasurer,CONSTITUTIONAL_LAW,44040504,D,PASS,draft_ready,,1521,true,true,true,true,14227_priscilla_treasurer
C:\FOC\Workspace\Finished\CQ14229.md,CQ14229.md,14229,14229_daily-bread-depot,CONSTITUTIONAL_LAW,44040604,B,PASS,draft_ready,,1015,true,true,true,true,14229_daily-bread-depot
C:\FOC\Workspace\Finished\CQ14231.md,CQ14231.md,14231,14231_hymn-trailer-premium,CONSTITUTIONAL_LAW,44040100,B,PASS,draft_ready,,815,true,true,true,true,14231_hymn-trailer-premium
C:\FOC\Workspace\Finished\CQ14233.md,CQ14233.md,14233,14233_galilee_nets_fieldhouse,CONSTITUTIONAL_LAW,44040100,A,PASS,draft_ready,,1514,true,true,true,true,14233_galilee_nets_fieldhouse
C:\FOC\Workspace\Finished\CQ14234.md,CQ14234.md,14234,14234_barnabas-house,CONSTITUTIONAL_LAW,44040301,B,PASS,draft_ready,,740,true,true,true,true,14234_barnabas-house
C:\FOC\Workspace\Finished\CQ14236.md,CQ14236.md,14236,14236_sacred-grove,CONSTITUTIONAL_LAW,44040501,C,PASS,draft_ready,,1471,true,true,true,true,14236_sacred-grove
C:\FOC\Workspace\Finished\CQ14237.md,CQ14237.md,14237,14237_harvest_table_radio_segment,CONSTITUTIONAL_LAW,44040100,C,PASS,draft_ready,,1113,true,true,true,true,14237_harvest_table_radio_segment
C:\FOC\Workspace\Finished\CQ14242.md,CQ14242.md,14242,14242_lydia_linen_kiosk,CONSTITUTIONAL_LAW,44040305,A,PASS,draft_ready,,883,true,true,true,true,14242_lydia_linen_kiosk
C:\FOC\Workspace\Finished\CQ14248.md,CQ14248.md,14248,14248_lydia_clay_reclamation,CONSTITUTIONAL_LAW,44040604,B,PASS,draft_ready,,1040,true,true,true,true,14248_lydia_clay_reclamation
C:\FOC\Workspace\Finished\CQ14250.md,CQ14250.md,14250,14250_barnabas-paul-daniel-veterans-affairs,CONSTITUTIONAL_LAW,44040601,C,PASS,draft_ready,,586,true,true,true,true,14250_barnabas-paul-daniel-veterans-affairs
C:\FOC\Workspace\Finished\CQ14263.md,CQ14263.md,14263,14263_good_samaritan_market,CONSTITUTIONAL_LAW,44040601,C,PASS,draft_ready,,816,true,true,true,true,14263_good_samaritan_market
C:\FOC\Workspace\Finished\CQ14275.md,CQ14275.md,14275,14275_lantern_launch_observatory,CONSTITUTIONAL_LAW,44040100,B,PASS,draft_ready,,1248,true,true,true,true,14275_lantern_launch_observatory
C:\FOC\Workspace\Finished\CQ14286.md,CQ14286.md,14286,14286_human-cannonball-barnabas,CONSTITUTIONAL_LAW,44040503,C,PASS,draft_ready,,853,true,true,true,true,14286_human-cannonball-barnabas
C:\FOC\Workspace\Finished\CQ14287.md,CQ14287.md,14287,14287_psalm_choir_teacher_license,CONSTITUTIONAL_LAW,44040504,B,PASS,draft_ready,,765,true,true,true,true,14287_psalm_choir_teacher_license
C:\FOC\Workspace\Finished\CQ14293.md,CQ14293.md,14293,14293_mootness-live-stream,CONSTITUTIONAL_LAW,43020201,B,PASS,draft_ready,,785,true,true,true,true,14293_mootness-live-stream
C:\FOC\Workspace\Finished\CQ14294.md,CQ14294.md,14294,14294_bible_quiz_uprising,CONSTITUTIONAL_LAW,43020201,B,PASS,draft_ready,,1588,true,true,true,true,14294_bible_quiz_uprising
C:\FOC\Workspace\Finished\CQ14295.md,CQ14295.md,14295,14295_lampmakers_rule_review,CONSTITUTIONAL_LAW,43020200,C,NEEDS_HUMAN,quarantined,needs-human,1234,true,true,true,true,14295_lampmakers_rule_review
C:\FOC\Workspace\Finished\CQ14311.md,CQ14311.md,14311,14311_psalm_slides_field_kit,CONSTITUTIONAL_LAW,41030200,B,PASS,draft_ready,,631,true,true,true,true,14311_psalm_slides_field_kit
C:\FOC\Workspace\Finished\CQ14313.md,CQ14313.md,14313,14313_manna_hall_archive,CONSTITUTIONAL_LAW,41030200,B,NEEDS_HUMAN,quarantined,needs-human,623,true,true,true,true,14313_manna_hall_archive
C:\FOC\Workspace\Finished\CQ14314.md,CQ14314.md,14314,14314_christian_campground_permits,CONSTITUTIONAL_LAW,42010107,C,PASS,draft_ready,,1005,true,true,true,true,14314_christian_campground_permits
C:\FOC\Workspace\Finished\CQ14321.md,CQ14321.md,14321,14321_grace_harbor_sanctuary_candles,CONSTITUTIONAL_LAW,41030403,D,PASS,draft_ready,,1523,true,true,true,true,14321_grace_harbor_sanctuary_candles
C:\FOC\Workspace\Finished\CQ14324.md,CQ14324.md,14324,14324_lydia_illuminated_psalter,CONSTITUTIONAL_LAW,41030000,B,PASS,draft_ready,,929,true,true,true,true,14324_lydia_illuminated_psalter
C:\FOC\Workspace\Finished\CQ14327.md,CQ14327.md,14327,14327_hatteras_ferry_preemption,CONSTITUTIONAL_LAW,41030100,C,PASS,draft_ready,,1630,true,true,true,true,14327_hatteras_ferry_preemption
C:\FOC\Workspace\Finished\CQ14330.md,CQ14330.md,14330,14330_new_zion_battery_barn,CONSTITUTIONAL_LAW,41030300,C,PASS,draft_ready,,956,true,true,true,true,14330_new_zion_battery_barn
C:\FOC\Workspace\Finished\CQ14334.md,CQ14334.md,14334,14334_bethany_fig_goat_bounty,CONSTITUTIONAL_LAW,42010106,C,PASS,draft_ready,,947,true,true,true,true,14334_bethany_fig_goat_bounty
C:\FOC\Workspace\Finished\CQ14339.md,CQ14339.md,14339,14339_good_shepherd_science_kit,CONSTITUTIONAL_LAW,41030402,D,PASS,draft_ready,,1357,true,true,true,true,14339_good_shepherd_science_kit
C:\FOC\Workspace\Finished\CQ14342.md,CQ14342.md,14342,14342_scripturequest_finals_tax,CONSTITUTIONAL_LAW,42010101,D,PASS,draft_ready,,456,true,true,true,true,14342_scripturequest_finals_tax
C:\FOC\Workspace\Finished\CQ14343.md,CQ14343.md,14343,14343_esther_home_fire_readiness,CONSTITUTIONAL_LAW,42010202,A,PASS,draft_ready,,748,true,true,true,true,14343_esther_home_fire_readiness
C:\FOC\Workspace\Finished\CQ14344.md,CQ14344.md,14344,14344_lydia_marketplace,CONSTITUTIONAL_LAW,42010107,A,PASS,draft_ready,,447,true,true,true,true,14344_lydia_marketplace
C:\FOC\Workspace\Finished\CQ14345.md,CQ14345.md,14345,14345_ezra-commission,CONSTITUTIONAL_LAW,42010204,C,PASS,draft_ready,,1290,true,true,true,false,14345_ezra-commission
C:\FOC\Workspace\Finished\CQ14348.md,CQ14348.md,14348,14348_flame_furniture,CONSTITUTIONAL_LAW,42010103,C,PASS,draft_ready,,591,true,true,true,true,14348_flame_furniture
C:\FOC\Workspace\Finished\CQ14352.md,CQ14352.md,14352,14352_mercy_timing_act,CONSTITUTIONAL_LAW,42010206,A,PASS,draft_ready,,493,true,true,true,true,14352_mercy_timing_act
C:\FOC\Workspace\Finished\CQ14354.md,CQ14354.md,14354,14354_safe_wells_prize,CONSTITUTIONAL_LAW,42010101,B,NEEDS_HUMAN,quarantined,needs-human,894,true,true,true,true,14354_safe_wells_prize
C:\FOC\Workspace\Finished\CQ14355.md,CQ14355.md,14355,14355_zion-embassy,CONSTITUTIONAL_LAW,42010203,B,PASS,draft_ready,,886,true,true,true,true,14355_zion-embassy
C:\FOC\Workspace\Finished\CQ14365.md,CQ14365.md,14365,14365_imitation_honey,CONSTITUTIONAL_LAW,42010103,C,PASS,draft_ready,,720,true,true,true,true,14365_imitation_honey
C:\FOC\Workspace\Finished\CQ14369.md,CQ14369.md,14369,14369_congressional-exception,CONSTITUTIONAL_LAW,43020202,C,PASS,draft_ready,,1454,true,true,true,true,14369_congressional-exception
C:\FOC\Workspace\Finished\CQ14373.md,CQ14373.md,14373,14373_cq,CONTRACTS,52040300,C,PASS,draft_ready,,813,true,true,true,true,14373_cq
C:\FOC\Workspace\Finished\CQ14375.md,CQ14375.md,14375,14375_nativity_star_rig,CONTRACTS,56050200,B,PASS,draft_ready,,879,true,true,true,true,14375_nativity_star_rig
C:\FOC\Workspace\Finished\CQ14376.md,CQ14376.md,14376,14376_scripture_song_approval,CONTRACTS,52040300,C,PASS,draft_ready,,610,true,true,true,true,14376_scripture_song_approval
C:\FOC\Workspace\Finished\CQ14378.md,CQ14378.md,14378,14378_prayer_journal_discount,CONTRACTS,52040300,C,PASS,draft_ready,,1130,true,true,true,true,14378_prayer_journal_discount
C:\FOC\Workspace\Finished\CQ14379.md,CQ14379.md,14379,14379_psalm_lightshow,CONTRACTS,52040300,C,PASS,draft_ready,,818,true,true,true,true,14379_psalm_lightshow
C:\FOC\Workspace\Finished\CQ14381.md,CQ14381.md,14381,14381_scripture_journal_discount,CONTRACTS,52040300,B,PASS,draft_ready,,870,true,true,true,true,14381_scripture_journal_discount
C:\FOC\Workspace\Finished\CQ14382.md,CQ14382.md,14382,14382_bethlehem_lanterns,CONTRACTS,52040300,B,PASS,draft_ready,,687,true,true,true,true,14382_bethlehem_lanterns
C:\FOC\Workspace\Finished\CQ14385.md,CQ14385.md,14385,14385_esther_engraver,CONTRACTS,52040300,C,PASS,draft_ready,,1035,true,true,true,true,14385_esther_engraver
C:\FOC\Workspace\Finished\CQ14390.md,CQ14390.md,14390,14390_stephens-inherited-violin,CONTRACTS,54030800,C,PASS,draft_ready,,693,true,true,true,true,14390_stephens-inherited-violin
C:\FOC\Workspace\Finished\CQ14391.md,CQ14391.md,14391,14391_noble_fir_nativity,CONTRACTS,56050602,A,PASS,draft_ready,,1102,true,true,true,true,14391_noble_fir_nativity
C:\FOC\Workspace\Finished\CQ14392.md,CQ14392.md,14392,14392_tutor-typist-land,CONTRACTS,55020100,C,PASS,draft_ready,,892,true,true,true,true,14392_tutor-typist-land
C:\FOC\Workspace\Finished\CQ14394.md,CQ14394.md,14394,14394_lydia_puppet_stage,CONTRACTS,54030400,B,,draft_ready,,453,true,true,true,true,14394_lydia_puppet_stage
C:\FOC\Workspace\Finished\CQ14396.md,CQ14396.md,14396,14396_easter_handbell_plan,CONTRACTS,54031000,B,PASS,draft_ready,,581,true,true,true,true,14396_easter_handbell_plan
C:\FOC\Workspace\Finished\CQ14397.md,CQ14397.md,14397,14397_fish_keychains,CONTRACTS,54030400,D,PASS,draft_ready,,683,true,true,true,true,14397_fish_keychains
C:\FOC\Workspace\Finished\CQ14398.md,CQ14398.md,14398,14398_hannah_christmas_trees,CONTRACTS,54030300,D,PASS,draft_ready,,1672,true,true,true,true,14398_hannah_christmas_trees
C:\FOC\Workspace\Finished\CQ14399.md,CQ14399.md,14399,14399_shepherd-psalm-transform,CONTRACTS,54030600,C,PASS,draft_ready,,1098,true,true,true,true,14399_shepherd-psalm-transform
C:\FOC\Workspace\Finished\CQ14400.md,CQ14400.md,14400,14400_mechanical_camel,CONTRACTS,54030600,C,PASS,draft_ready,,1243,true,true,true,true,14400_mechanical_camel
C:\FOC\Workspace\Finished\CQ14401.md,CQ14401.md,14401,14401_psalm_van_repair,CONTRACTS,54030400,D,PASS,draft_ready,,1820,true,true,true,true,14401_psalm_van_repair
C:\FOC\Workspace\Finished\CQ14403.md,CQ14403.md,14403,14403_hymnal-collection-visit,CONTRACTS,54030900,B,PASS,draft_ready,,1051,true,true,true,true,14403_hymnal-collection-visit
C:\FOC\Workspace\Finished\CQ14404.md,CQ14404.md,14404,14404_ruth_naomi_nativity_cases,CONTRACTS,56050200,C,PASS,draft_ready,,1622,true,true,true,true,14404_ruth_naomi_nativity_cases
C:\FOC\Workspace\Finished\CQ14405.md,CQ14405.md,14405,14405_lydia_barnabas_handbell_accommodation,CONTRACTS,56050402,C,PASS,draft_ready,,816,true,true,true,true,14405_lydia_barnabas_handbell_accommodation
C:\FOC\Workspace\Finished\CQ14406.md,CQ14406.md,14406,14406_advent_lanterns,CONTRACTS,55020202,C,PASS,draft_ready,,692,true,true,true,true,14406_advent_lanterns
C:\FOC\Workspace\Finished\CQ14409.md,CQ14409.md,14409,14409_sunken_ark_hall,CONTRACTS,54030600,B,PASS,draft_ready,,997,true,true,true,true,14409_sunken_ark_hall
C:\FOC\Workspace\Finished\CQ14412.md,CQ14412.md,14412,14412_gospel_puzzle_invoice,CONTRACTS,55020204,B,PASS,draft_ready,,512,true,true,true,true,14412_gospel_puzzle_invoice
C:\FOC\Workspace\Finished\CQ14413.md,CQ14413.md,14413,14413_verse_challenge_store_credit,CONTRACTS,55020101,B,PASS,draft_ready,,485,true,true,true,true,14413_verse_challenge_store_credit
C:\FOC\Workspace\Finished\CQ14414.md,CQ14414.md,14414,14414_calligraphy_workshop_credit_guaranty,CONTRACTS,55020102,B,PASS,draft_ready,,978,true,true,true,true,14414_calligraphy_workshop_credit_guaranty
C:\FOC\Workspace\Finished\CQ14416.md,CQ14416.md,14416,14416_worship_sound_booth,CONTRACTS,52040200,C,PASS,draft_ready,,735,true,true,true,true,14416_worship_sound_booth
C:\FOC\Workspace\Finished\CQ14417.md,CQ14417.md,14417,14417_scripture_puzzle_job,CONTRACTS,55010102,C,PASS,draft_ready,,597,true,true,true,true,14417_scripture_puzzle_job
C:\FOC\Workspace\Finished\CQ14418.md,CQ14418.md,14418,14418_jericho_lamp_credit,CONTRACTS,55020102,B,PASS,draft_ready,,579,true,true,true,true,14418_jericho_lamp_credit
C:\FOC\Workspace\Finished\CQ14422.md,CQ14422.md,14422,14422_scripture_journal_arbitration,CONTRACTS,55020102,D,PASS,draft_ready,,1056,true,true,true,true,14422_scripture_journal_arbitration
C:\FOC\Workspace\Finished\CQ14423.md,CQ14423.md,14423,14423_missionary_satellite_vow,CONTRACTS,56050102,B,PASS,draft_ready,,449,true,true,true,true,14423_missionary_satellite_vow
C:\FOC\Workspace\Finished\CQ14424.md,CQ14424.md,14424,14424_christmas_pageant_lantern_bid,CONTRACTS,55020300,C,PASS,draft_ready,,869,true,true,true,true,14424_christmas_pageant_lantern_bid
C:\FOC\Workspace\Finished\CQ14425.md,CQ14425.md,14425,14425_accommodating-shipment,CONTRACTS,55020101,C,PASS,draft_ready,,637,true,true,true,true,14425_accommodating-shipment
C:\FOC\Workspace\Finished\CQ14427.md,CQ14427.md,14427,14427_peter_john_boat_inquiry,CONTRACTS,55020101,C,PASS,draft_ready,,471,true,true,true,true,14427_peter_john_boat_inquiry
C:\FOC\Workspace\Finished\CQ14428.md,CQ14428.md,14428,14428_retreat_supply_firm_offer,CONTRACTS,55020101,D,PASS,draft_ready,,576,true,true,true,true,14428_retreat_supply_firm_offer
C:\FOC\Workspace\Finished\CQ14430.md,CQ14430.md,14430,14430_psalm_room_option,CONTRACTS,55020101,B,PASS,draft_ready,,888,true,true,true,true,14430_psalm_room_option
C:\FOC\Workspace\Finished\CQ14431.md,CQ14431.md,14431,14431_prayer_garden_cistern,CONTRACTS,56050200,B,PASS,draft_ready,,999,true,true,true,true,14431_prayer_garden_cistern
C:\FOC\Workspace\Finished\CQ14434.md,CQ14434.md,14434,14434_crossed_handbells,CONTRACTS,55020100,C,PASS,draft_ready,,1057,true,true,true,true,14434_crossed_handbells
C:\FOC\Workspace\Finished\CQ14435.md,CQ14435.md,14435,14435_tent-maker-paul,CONTRACTS,56050200,D,PASS,draft_ready,,897,true,true,true,true,14435_tent-maker-paul
C:\FOC\Workspace\Finished\CQ14436.md,CQ14436.md,14436,14436_telescope-ruth-original,CONTRACTS,54030100,C,PASS,draft_ready,,770,true,true,true,true,14436_telescope-ruth-original
C:\FOC\Workspace\Finished\CQ14437.md,CQ14437.md,14437,14437_lydias_verse_card_boxes,CONTRACTS,55020101,C,,draft_ready,,635,true,true,true,true,14437_lydias_verse_card_boxes
C:\FOC\Workspace\Finished\CQ14438.md,CQ14438.md,14438,14438_nativity_ornament_kits,CONTRACTS,55020202,C,PASS,draft_ready,,760,true,true,true,true,14438_nativity_ornament_kits
C:\FOC\Workspace\Finished\CQ14439.md,CQ14439.md,14439,14439_bookstore-launch-setup,CONTRACTS,56050200,C,PASS,draft_ready,,1765,true,true,true,true,14439_bookstore-launch-setup
C:\FOC\Workspace\Finished\CQ14440.md,CQ14440.md,14440,14440_calligraphy_debt,CONTRACTS,55020204,B,PASS,draft_ready,,420,true,true,true,true,14440_calligraphy_debt
C:\FOC\Workspace\Finished\CQ14441.md,CQ14441.md,14441,14441_naomi_scripture_workshop_commission,CONTRACTS,52040200,D,PASS,draft_ready,,12591,true,true,true,true,14441_naomi_scripture_workshop_commission
C:\FOC\Workspace\Finished\CQ14443.md,CQ14443.md,14443,14443_bookshop_mural_release,CONTRACTS,56050200,C,PASS,draft_ready,,604,true,true,true,true,14443_bookshop_mural_release
C:\FOC\Workspace\Finished\CQ14445.md,CQ14445.md,14445,14445_bookshop_pension,CONTRACTS,55020300,A,PASS,draft_ready,,1194,true,true,true,true,14445_bookshop_pension
C:\FOC\Workspace\Finished\CQ14447.md,CQ14447.md,14447,14447_jericho_trumpet_deposit,CONTRACTS,55020300,B,PASS,draft_ready,,694,true,true,true,true,14447_jericho_trumpet_deposit
C:\FOC\Workspace\Finished\CQ14448.md,CQ14448.md,14448,14448_scripture_laminator,CONTRACTS,55020102,B,PASS,draft_ready,,504,true,true,true,true,14448_scripture_laminator
C:\FOC\Workspace\Finished\CQ14450.md,CQ14450.md,14450,14450_retreat-craft-order,CONTRACTS,55020101,B,PASS,draft_ready,,650,true,true,true,true,14450_retreat-craft-order
C:\FOC\Workspace\Finished\CQ14451.md,CQ14451.md,14451,14451_psalm_trail_quitclaim,CONTRACTS,55020205,D,PASS,draft_ready,,946,true,true,true,true,14451_psalm_trail_quitclaim
C:\FOC\Workspace\Finished\CQ14452.md,CQ14452.md,14452,14452_olive_lamp_liability_cap,CONTRACTS,55020102,B,PASS,draft_ready,,759,true,true,true,true,14452_olive_lamp_liability_cap
C:\FOC\Workspace\Finished\CQ14453.md,CQ14453.md,14453,14453_tractor_bargain,CONTRACTS,55020201,C,PASS,draft_ready,,1507,true,true,true,true,14453_tractor_bargain
C:\FOC\Workspace\Finished\CQ14455.md,CQ14455.md,14455,14455_tutor-piano,CONTRACTS,56050102,C,PASS,draft_ready,,975,true,true,true,true,14455_tutor-piano
C:\FOC\Workspace\Finished\CQ14457.md,CQ14457.md,14457,14457_advent_kits_requirements,CONTRACTS,55020203,C,PASS,draft_ready,,674,true,true,true,true,14457_advent_kits_requirements
C:\FOC\Workspace\Finished\CQ14458.md,CQ14458.md,14458,14458_verse_wristbands,CONTRACTS,55020203,D,PASS,draft_ready,,623,true,true,true,true,14458_verse_wristbands
C:\FOC\Workspace\Finished\CQ14460.md,CQ14460.md,14460,14460_fish_loaves_mosaic,CONTRACTS,56050604,B,PASS,draft_ready,,964,true,true,true,true,14460_fish_loaves_mosaic
C:\FOC\Workspace\Finished\CQ14462.md,CQ14462.md,14462,14462_mustard_seed_carts,CONTRACTS,56050604,C,PASS,draft_ready,,1014,true,true,true,true,14462_mustard_seed_carts
C:\FOC\Workspace\Finished\CQ14463.md,CQ14463.md,14463,14463_calligraphy_supplies,CONTRACTS,56050102,B,PASS,draft_ready,,809,true,true,true,true,14463_calligraphy_supplies
C:\FOC\Workspace\Finished\CQ14467.md,CQ14467.md,14467,14467_psalm_tutor_installments,CONTRACTS,56050401,C,PASS,draft_ready,,1063,true,true,true,true,14467_psalm_tutor_installments
C:\FOC\Workspace\Finished\CQ14468.md,CQ14468.md,14468,14468_waiver-of-notice-condition,CONTRACTS,56050604,B,PASS,draft_ready,,1467,true,true,true,true,14468_waiver-of-notice-condition
C:\FOC\Workspace\Finished\CQ14472.md,CQ14472.md,14472,14472_lydias_lantern_wall,CONTRACTS,56050602,B,PASS,draft_ready,,825,true,true,true,true,14472_lydias_lantern_wall
C:\FOC\Workspace\Finished\CQ14473.md,CQ14473.md,14473,14473_psalm_grove_closing,CONTRACTS,56050403,B,PASS,draft_ready,,406,true,true,true,true,14473_psalm_grove_closing
C:\FOC\Workspace\Finished\CQ14474.md,CQ14474.md,14474,14474_scripture_quiz_workbooks,CONTRACTS,56050403,B,PASS,draft_ready,,681,true,true,true,true,14474_scripture_quiz_workbooks
C:\FOC\Workspace\Finished\CQ14477.md,CQ14477.md,14477,14477_advent_mugs,CONTRACTS,56050300,B,PASS,draft_ready,,685,true,true,true,true,14477_advent_mugs
C:\FOC\Workspace\Finished\CQ14478.md,CQ14478.md,14478,14478_scripture_retreat_kits,CONTRACTS,56050402,A,PASS,draft_ready,,893,true,true,true,true,14478_scripture_retreat_kits
C:\FOC\Workspace\Finished\CQ14480.md,CQ14480.md,14480,14480_scroll,CONTRACTS,56050102,B,PASS,draft_ready,,790,true,true,true,true,14480_scroll
C:\FOC\Workspace\Finished\CQ14481.md,CQ14481.md,14481,14481_ruth_nativity_music_box,CONTRACTS,56050601,C,PASS,draft_ready,,693,true,true,true,true,14481_ruth_nativity_music_box
C:\FOC\Workspace\Finished\CQ14482.md,CQ14482.md,14482,14482_olive_wood_display_stands,CONTRACTS,52040100,D,PASS,draft_ready,,435,true,true,true,true,14482_olive_wood_display_stands
C:\FOC\Workspace\Finished\CQ14483.md,CQ14483.md,14483,14483_rare-bible-atlas,CONTRACTS,56050403,D,PASS,draft_ready,,2350,true,true,true,true,14483_rare-bible-atlas
C:\FOC\Workspace\Finished\CQ14485.md,CQ14485.md,14485,14485_calligraphy_parcel,CONTRACTS,56050403,A,PASS,draft_ready,,676,true,true,true,true,14485_calligraphy_parcel
C:\FOC\Workspace\Finished\CQ14487.md,CQ14487.md,14487,14487_grace_plant_window,CONTRACTS,56050607,C,PASS,draft_ready,,2385,true,true,true,true,14487_grace_plant_window
C:\FOC\Workspace\Finished\CQ14490.md,CQ14490.md,14490,14490_ruth_embroidery_waiver,CONTRACTS,56050604,B,PASS,draft_ready,,1040,true,true,true,true,14490_ruth_embroidery_waiver
C:\FOC\Workspace\Finished\CQ14491.md,CQ14491.md,14491,14491_hymn_studio_start_date,CONTRACTS,56050403,B,PASS,draft_ready,,624,true,true,true,true,14491_hymn_studio_start_date
C:\FOC\Workspace\Finished\CQ14492.md,CQ14492.md,14492,14492_psalm_lantern_kits,CONTRACTS,56050402,B,,draft_ready,,601,true,true,true,true,14492_psalm_lantern_kits
C:\FOC\Workspace\Finished\CQ14493.md,CQ14493.md,14493,14493_ark_stage,CONTRACTS,56050403,B,PASS,draft_ready,,599,true,true,true,true,14493_ark_stage
C:\FOC\Workspace\Finished\CQ14497.md,CQ14497.md,14497,14497_ruth_psalm_market_cart,CONTRACTS,56050402,B,PASS,draft_ready,,638,true,true,true,true,14497_ruth_psalm_market_cart
C:\FOC\Workspace\Finished\CQ14499.md,CQ14499.md,14499,14499_impossibility-restitution,CONTRACTS,51060201,C,PASS,draft_ready,,682,true,true,true,true,14499_impossibility-restitution
C:\FOC\Workspace\Finished\CQ14500.md,CQ14500.md,14500,14500_hymnal-restoration-price,CONTRACTS,51060101,C,PASS,draft_ready,,828,true,true,true,true,14500_hymnal-restoration-price
C:\FOC\Workspace\Finished\CQ14506.md,CQ14506.md,14506,14506_lydia_rooftop_loft,CONTRACTS,51060304,D,PASS,draft_ready,,807,true,true,true,true,14506_lydia_rooftop_loft
C:\FOC\Workspace\Finished\CQ14508.md,CQ14508.md,14508,14508_riverside_retreat_parcel,CONTRACTS,56050403,B,PASS,draft_ready,,707,true,true,true,true,14508_riverside_retreat_parcel
C:\FOC\Workspace\Finished\CQ14510.md,CQ14510.md,14510,14510_ark_puppet_stage,CONTRACTS,51060101,B,PASS,draft_ready,,634,true,true,true,true,14510_ark_puppet_stage
C:\FOC\Workspace\Finished\CQ14511.md,CQ14511.md,14511,14511_worship_studio_delay,CONTRACTS,51060103,B,PASS,draft_ready,,1349,true,true,true,true,14511_worship_studio_delay
C:\FOC\Workspace\Finished\CQ14512.md,CQ14512.md,14512,14512_used-boat-sale,CONTRACTS,54030800,C,PASS,draft_ready,,926,true,true,true,true,14512_used-boat-sale
C:\FOC\Workspace\Finished\CQ14516.md,CQ14516.md,14516,14516_lydia_nativity_sets,CONTRACTS,51060101,B,PASS,draft_ready,,755,true,true,true,true,14516_lydia_nativity_sets
C:\FOC\Workspace\Finished\CQ14517.md,CQ14517.md,14517,14517_tutor-oven,CONTRACTS,51060103,C,PASS,draft_ready,,1025,true,true,true,true,14517_tutor-oven
C:\FOC\Workspace\Finished\CQ14519.md,CQ14519.md,14519,14519_scripture_mural_commission,CONTRACTS,56050300,B,PASS,draft_ready,,643,true,true,true,true,14519_scripture_mural_commission
C:\FOC\Workspace\Finished\CQ14520.md,CQ14520.md,14520,14520_olive_wood_keepsake_crosses,CONTRACTS,51060101,D,PASS,draft_ready,,780,true,true,true,true,14520_olive_wood_keepsake_crosses
C:\FOC\Workspace\Finished\CQ14521.md,CQ14521.md,14521,14521_sea_of_galilee_lantern_walk,CONTRACTS,51060101,B,PASS,draft_ready,,673,true,true,true,true,14521_sea_of_galilee_lantern_walk
C:\FOC\Workspace\Finished\CQ14523.md,CQ14523.md,14523,14523_psalm_calligraphy_stipend,CONTRACTS,51060304,C,PASS,draft_ready,,962,true,true,true,true,14523_psalm_calligraphy_stipend
C:\FOC\Workspace\Finished\CQ14525.md,CQ14525.md,14525,14525_jonah_fish_escape,CONTRACTS,51060103,B,PASS,draft_ready,,1188,true,true,true,true,14525_jonah_fish_escape
C:\FOC\Workspace\Finished\CQ14530.md,CQ14530.md,14530,14530_lantern_courtyard,CONTRACTS,51060101,B,PASS,draft_ready,,864,true,true,true,true,14530_lantern_courtyard
C:\FOC\Workspace\Finished\CQ14532.md,CQ14532.md,14532,14532_scripture_audio_booth,CONTRACTS,51060107,C,PASS,draft_ready,,868,true,true,true,true,14532_scripture_audio_booth
C:\FOC\Workspace\Finished\CQ14541.md,CQ14541.md,14541,14541_marys_livestream_maintenance,CONTRACTS,53070100,C,PASS,draft_ready,,760,true,true,true,true,14541_marys_livestream_maintenance
C:\FOC\Workspace\Finished\CQ14542.md,CQ14542.md,14542,14542_emmaus_escape_room,CONTRACTS,53070100,B,PASS,draft_ready,,1064,true,true,true,true,14542_emmaus_escape_room
C:\FOC\Workspace\Finished\CQ14544.md,CQ14544.md,14544,14544_lydias_parable_puppets,CONTRACTS,53070300,B,PASS,draft_ready,,950,true,true,true,true,14544_lydias_parable_puppets
C:\FOC\Workspace\Finished\CQ14545.md,CQ14545.md,14545,,,,,,quarantined,BLOCK1_UNPARSEABLE; missing-key; missing-outline; missing-c3-annotation; missing-components; missing-program-intelligence; not-sql-emitted,,false,false,false,false,
C:\FOC\Workspace\Finished\CQ14546.md,CQ14546.md,14546,14546_koine_tutor,CONTRACTS,53070100,C,PASS,draft_ready,,440,true,true,true,true,14546_koine_tutor
C:\FOC\Workspace\Finished\CQ14549.md,CQ14549.md,14549,14549_hymn_barn_bell_lift,CONTRACTS,53070300,B,PASS,draft_ready,,1193,true,true,true,true,14549_hymn_barn_bell_lift
C:\FOC\Workspace\Finished\CQ14551.md,CQ14551.md,14551,14551_tent-maker-pledge,CONTRACTS,53070200,C,PASS,draft_ready,,579,true,true,true,true,14551_tent-maker-pledge
C:\FOC\Workspace\Finished\CQ14553.md,CQ14553.md,14553,14553_bronze_dove_chandelier,CONTRACTS,53070300,C,PASS,draft_ready,,972,true,true,true,true,14553_bronze_dove_chandelier
C:\FOC\Workspace\Finished\CQ14554.md,CQ14554.md,14554,14554_johns-hilltop,CRIMINAL,75070202,C,PASS,draft_ready,,1304,true,true,true,false,14554_johns-hilltop
C:\FOC\Workspace\Finished\CQ14555.md,CQ14555.md,14555,14555_private_bookstore_plea,CRIMINAL,75120000,C,PASS,draft_ready,,1040,true,true,true,true,14555_private_bookstore_plea
C:\FOC\Workspace\Finished\CQ14556.md,CQ14556.md,14556,14556_psalter_scrolls,CRIMINAL,75070100,B,PASS,draft_ready,,767,true,true,true,true,14556_psalter_scrolls
C:\FOC\Workspace\Finished\CQ14557.md,CQ14557.md,14557,,,,,,quarantined,NO_BLOCK1_YAML; missing-key; missing-outline; missing-c3-annotation; missing-components; missing-program-intelligence; not-sql-emitted,,false,false,false,false,
C:\FOC\Workspace\Finished\CQ14558.md,CQ14558.md,14558,14558_bethlehem_star_wristbands,CRIMINAL,72060105,B,PASS,draft_ready,,924,true,true,true,true,14558_bethlehem_star_wristbands
C:\FOC\Workspace\Finished\CQ14559.md,CQ14559.md,14559,14559_warrant-esther,CRIMINAL,75070202,A,PASS,draft_ready,,851,true,true,true,true,14559_warrant-esther
C:\FOC\Workspace\Finished\CQ14560.md,CQ14560.md,14560,14560_death_qualified_choir,CRIMINAL,75090500,C,PASS,draft_ready,,785,true,true,true,true,14560_death_qualified_choir
C:\FOC\Workspace\Finished\CQ14561.md,CQ14561.md,14561,14561_grand_jury_lantern_prints,CRIMINAL,75100000,B,PASS,draft_ready,,622,true,true,true,true,14561_grand_jury_lantern_prints
C:\FOC\Workspace\Finished\CQ14562.md,CQ14562.md,14562,14562_chapel_bank_stop,CRIMINAL,75080101,B,PASS,draft_ready,,895,true,true,true,true,14562_chapel_bank_stop
C:\FOC\Workspace\Finished\CQ14563.md,CQ14563.md,14563,14563_choir_loft_emergency_sweep,CRIMINAL,75070202,D,PASS,draft_ready,,1266,true,true,true,true,14563_choir_loft_emergency_sweep
C:\FOC\Workspace\Finished\CQ14564.md,CQ14564.md,14564,14564_fundraiser_deposit_confession,CRIMINAL,75080300,C,PASS,draft_ready,,606,true,true,true,true,14564_fundraiser_deposit_confession
C:\FOC\Workspace\Finished\CQ14565.md,CQ14565.md,14565,14565_camp_shed_grand_jury_attachment,CRIMINAL,75080401,B,PASS,draft_ready,,612,true,true,true,true,14565_camp_shed_grand_jury_attachment
C:\FOC\Workspace\Finished\CQ14566.md,CQ14566.md,14566,14566_choir_alibi_immunity,CRIMINAL,75080000,B,PASS,draft_ready,,581,true,true,true,true,14566_choir_alibi_immunity
C:\FOC\Workspace\Finished\CQ14567.md,CQ14567.md,14567,14567_bookstore_bedroom_miranda,CRIMINAL,75080101,C,PASS,draft_ready,,510,true,true,true,true,14567_bookstore_bedroom_miranda
C:\FOC\Workspace\Finished\CQ14568.md,CQ14568.md,14568,14568_good_samaritan_radios,CRIMINAL,75090600,B,PASS,draft_ready,,1222,true,true,true,true,14568_good_samaritan_radios
C:\FOC\Workspace\Finished\CQ14569.md,CQ14569.md,14569,14569_capernaum_calligraphy,CRIMINAL,75070201,B,PASS,draft_ready,,1169,true,true,true,true,14569_capernaum_calligraphy
C:\FOC\Workspace\Finished\CQ14570.md,CQ14570.md,14570,14570_manger_tote,CRIMINAL,75070202,C,PASS,draft_ready,,2668,true,true,true,true,14570_manger_tote
C:\FOC\Workspace\Finished\CQ14571.md,CQ14571.md,14571,14571_boarded_cottage_payton,CRIMINAL,75070201,C,PASS,draft_ready,,682,true,true,true,true,14571_boarded_cottage_payton
C:\FOC\Workspace\Finished\CQ14572.md,CQ14572.md,14572,14572_barnabas-at-the-sanctuary,CRIMINAL,72060101,C,PASS,draft_ready,,833,true,true,true,true,14572_barnabas-at-the-sanctuary
C:\FOC\Workspace\Finished\CQ14573.md,CQ14573.md,14573,14573_psalm_maze_stole,CRIMINAL,75070200,B,PASS,draft_ready,,1444,true,true,true,true,14573_psalm_maze_stole
C:\FOC\Workspace\Finished\CQ14574.md,CQ14574.md,14574,14574_jericho_wall_patrol_statement,CRIMINAL,75080101,C,PASS,draft_ready,,1058,true,true,true,true,14574_jericho_wall_patrol_statement
C:\FOC\Workspace\Finished\CQ14575.md,CQ14575.md,14575,14575_esther-marketplace,CRIMINAL,75080200,B,PASS,draft_ready,,615,true,true,true,true,14575_esther-marketplace
C:\FOC\Workspace\Finished\CQ14578.md,CQ14578.md,14578,,,,,,quarantined,NO_BLOCK1_YAML; missing-key; missing-outline; missing-c3-annotation; missing-components; missing-program-intelligence; not-sql-emitted,,false,false,false,false,
C:\FOC\Workspace\Finished\CQ14579.md,CQ14579.md,14579,14579_the_uncurtained_window,CRIMINAL,75070202,D,PASS,draft_ready,,1547,true,true,true,true,14579_the_uncurtained_window
C:\FOC\Workspace\Finished\CQ14580.md,CQ14580.md,14580,14580_ichthys_keyboard_case,CRIMINAL,75070100,B,PASS,draft_ready,,1445,true,true,true,true,14580_ichthys_keyboard_case
C:\FOC\Workspace\Finished\CQ14582.md,CQ14582.md,14582,14582_road_to_emmaus_confession,CRIMINAL,75080300,C,PASS,draft_ready,,856,true,true,true,true,14582_road_to_emmaus_confession
C:\FOC\Workspace\Finished\CQ14585.md,CQ14585.md,14585,14585_boathouse_fire,CRIMINAL,75090400,D,PASS,draft_ready,,857,true,true,true,true,14585_boathouse_fire
C:\FOC\Workspace\Finished\CQ14586.md,CQ14586.md,14586,14586_advent_ledger,CRIMINAL,75080100,C,PASS,draft_ready,,498,true,true,true,true,14586_advent_ledger
C:\FOC\Workspace\Finished\CQ14587.md,CQ14587.md,14587,14587_massiah-pretender,CRIMINAL,75090400,D,PASS,draft_ready,,701,true,true,true,true,14587_massiah-pretender
C:\FOC\Workspace\Finished\CQ14588.md,CQ14588.md,14588,14588_gospel_festival_drum,CRIMINAL,75090500,C,PASS,draft_ready,,674,true,true,true,true,14588_gospel_festival_drum
C:\FOC\Workspace\Finished\CQ14590.md,CQ14590.md,14590,14590_hallelujah_handbell_booth,CRIMINAL,75120300,A,PASS,draft_ready,,693,true,true,true,true,14590_hallelujah_handbell_booth
C:\FOC\Workspace\Finished\CQ14591.md,CQ14591.md,14591,14591_toll-booth-fentanyl,CRIMINAL,75070100,B,PASS,draft_ready,,984,true,true,true,true,14591_toll-booth-fentanyl
C:\FOC\Workspace\Finished\CQ14593.md,CQ14593.md,14593,14593_retreat_toolroom_voice_lineup,CRIMINAL,75080200,C,PASS,draft_ready,,966,true,true,true,true,14593_retreat_toolroom_voice_lineup
C:\FOC\Workspace\Finished\CQ14594.md,CQ14594.md,14594,14594_consent-plainview-tapestry,CRIMINAL,75070200,C,PASS,draft_ready,,2176,true,true,true,true,14594_consent-plainview-tapestry
C:\FOC\Workspace\Finished\CQ14595.md,CQ14595.md,14595,14595_daniel_riverside_cabin,CRIMINAL,75070200,C,PASS,draft_ready,,1189,true,true,true,true,14595_daniel_riverside_cabin
C:\FOC\Workspace\Finished\CQ14596.md,CQ14596.md,14596,14596_manger_mustard_seed,CRIMINAL,75120000,A,PASS,draft_ready,,462,true,true,true,true,14596_manger_mustard_seed
C:\FOC\Workspace\Finished\CQ14599.md,CQ14599.md,14599,14599_bethany_stoneworks_inventory,CRIMINAL,75070202,B,PASS,draft_ready,,2010,true,true,true,true,14599_bethany_stoneworks_inventory
C:\FOC\Workspace\Finished\CQ14600.md,CQ14600.md,14600,14600_grubbs_parcel,CRIMINAL,75070200,B,PASS,draft_ready,,1199,true,true,true,true,14600_grubbs_parcel
C:\FOC\Workspace\Finished\CQ14601.md,CQ14601.md,14601,14601_connelly-church,CRIMINAL,75080101,C,PASS,draft_ready,,546,true,true,true,true,14601_connelly-church
C:\FOC\Workspace\Finished\CQ14602.md,CQ14602.md,14602,14602_walled-prayer-courtyard,CRIMINAL,75070200,B,PASS,draft_ready,,623,true,true,true,true,14602_walled-prayer-courtyard
C:\FOC\Workspace\Finished\CQ14603.md,CQ14603.md,14603,14603_retreat_boutique_catwalk,CRIMINAL,75070201,C,PASS,draft_ready,,626,true,true,true,true,14603_retreat_boutique_catwalk
C:\FOC\Workspace\Finished\CQ14605.md,CQ14605.md,14605,14605_psalm_printing_van_fire,CRIMINAL,75090500,B,PASS,draft_ready,,715,true,true,true,true,14605_psalm_printing_van_fire
C:\FOC\Workspace\Finished\CQ14609.md,CQ14609.md,14609,14609_festival_signal_stop,CRIMINAL,75070100,C,PASS,draft_ready,,1199,true,true,true,true,14609_festival_signal_stop
C:\FOC\Workspace\Finished\CQ14610.md,CQ14610.md,14610,14610_timothy_grand_jury,CRIMINAL,75100000,D,PASS,draft_ready,,829,true,true,true,true,14610_timothy_grand_jury
C:\FOC\Workspace\Finished\CQ14615.md,CQ14615.md,14615,14615_psalm_cart_informant,CRIMINAL,75090400,C,PASS,draft_ready,,1017,true,true,true,true,14615_psalm_cart_informant
C:\FOC\Workspace\Finished\CQ14616.md,CQ14616.md,14616,14616_good_shepherd_cyber_watch,CRIMINAL,75070200,D,PASS,draft_ready,,1408,true,true,true,false,14616_good_shepherd_cyber_watch
C:\FOC\Workspace\Finished\CQ14618.md,CQ14618.md,14618,,,,,,quarantined,NO_BLOCK1_YAML; missing-key; missing-outline; missing-c3-annotation; missing-components; missing-program-intelligence; not-sql-emitted,,false,false,false,false,
C:\FOC\Workspace\Finished\CQ14619.md,CQ14619.md,14619,14619_peters_two_burden_instruction,CRIMINAL,75120000,B,PASS,draft_ready,,1244,true,true,true,false,14619_peters_two_burden_instruction
C:\FOC\Workspace\Finished\CQ14620.md,CQ14620.md,14620,14620_paul_grand_jury,CRIMINAL,75080400,C,PASS,draft_ready,,510,true,true,true,true,14620_paul_grand_jury
C:\FOC\Workspace\Finished\CQ14621.md,CQ14621.md,14621,,,,,,quarantined,NO_BLOCK1_YAML; missing-key; missing-outline; missing-c3-annotation; missing-components; missing-program-intelligence; not-sql-emitted,,false,false,false,false,
C:\FOC\Workspace\Finished\CQ14625.md,CQ14625.md,14625,14625_private_retreat_felony_murder,CRIMINAL,71040300,A,PASS,draft_ready,,1080,true,true,true,false,14625_private_retreat_felony_murder
C:\FOC\Workspace\Finished\CQ14626.md,CQ14626.md,14626,14626_lydias_sentencing_plan,CRIMINAL,00000000,A,PASS,quarantined,missing-outline,695,true,true,true,true,14626_lydias_sentencing_plan
C:\FOC\Workspace\Finished\CQ14627.md,CQ14627.md,14627,14627_galilee_honey_farm,CRIMINAL,,A,PASS,quarantined,missing-outline,1185,true,true,true,false,14627_galilee_honey_farm
C:\FOC\Workspace\Finished\CQ14629.md,CQ14629.md,14629,14629_parent_room_confession,CRIMINAL,,D,PASS,quarantined,missing-outline,1319,true,true,true,false,14629_parent_room_confession
C:\FOC\Workspace\Finished\CQ14630.md,CQ14630.md,14630,14630_fellowship_hall_white_powder,CRIMINAL,71040300,D,PASS,draft_ready,,586,true,true,true,false,14630_fellowship_hall_white_powder
C:\FOC\Workspace\Finished\CQ14631.md,CQ14631.md,14631,14631_manna_mart,CRIMINAL,72010302,C,PASS,draft_ready,,701,true,true,true,true,14631_manna_mart
C:\FOC\Workspace\Finished\CQ14633.md,CQ14633.md,14633,14633_galilee_cafe,CRIMINAL,72060201,A,PASS,draft_ready,,736,true,true,true,false,14633_galilee_cafe
C:\FOC\Workspace\Finished\CQ14634.md,CQ14634.md,14634,14634_chapel_bookstore_grab,CRIMINAL,,B,PASS,quarantined,missing-outline; tiny-stem,121,true,true,true,false,14634_chapel_bookstore_grab
C:\FOC\Workspace\Finished\CQ14635.md,CQ14635.md,14635,14635_barnabas_aspirin_capsule,CRIMINAL,73020300,B,PASS,draft_ready,,571,true,true,true,false,14635_barnabas_aspirin_capsule
C:\FOC\Workspace\Finished\CQ14636.md,CQ14636.md,14636,14636_bible_cafe_basement,CRIMINAL,72060201,D,PASS,draft_ready,,581,true,true,true,false,14636_bible_cafe_basement
C:\FOC\Workspace\Finished\CQ14637.md,CQ14637.md,14637,14637_peters_hilltop_car_crash,CRIMINAL,72010302,C,PASS,draft_ready,,917,true,true,true,false,14637_peters_hilltop_car_crash
C:\FOC\Workspace\Finished\CQ14638.md,CQ14638.md,14638,14638_galilee_garments,CRIMINAL,72010302,D,PASS,draft_ready,,785,true,true,true,false,14638_galilee_garments
C:\FOC\Workspace\Finished\CQ14639.md,CQ14639.md,14639,14639_prayer_walk_self_defense,CRIMINAL,72060201,A,PASS,draft_ready,,608,true,true,true,true,14639_prayer_walk_self_defense
C:\FOC\Workspace\Finished\CQ14640.md,CQ14640.md,14640,14640_church_preschool_custody,CRIMINAL,73020500,B,PASS,draft_ready,,894,true,true,true,false,14640_church_preschool_custody
C:\FOC\Workspace\Finished\CQ14641.md,CQ14641.md,14641,14641_bible_trivia_attempt,CRIMINAL,71040300,D,FORK_OR_SPLIT,draft_ready,,731,true,true,true,false,14641_bible_trivia_attempt
C:\FOC\Workspace\Finished\CQ14642.md,CQ14642.md,14642,14642_good_samaritan_softball,CRIMINAL,74020101,A,PASS,quarantined,tiny-stem,172,true,true,true,true,14642_good_samaritan_softball
C:\FOC\Workspace\Finished\CQ14643.md,CQ14643.md,14643,14643_daniels_watch_party,CRIMINAL,72060201,D,PASS,draft_ready,,697,true,true,true,false,14643_daniels_watch_party
C:\FOC\Workspace\Finished\CQ14644.md,CQ14644.md,14644,14644_barnabas_banquet,CRIMINAL,75120300,D,PASS,draft_ready,,821,true,true,true,true,14644_barnabas_banquet
C:\FOC\Workspace\Finished\CQ14645.md,CQ14645.md,14645,14645_advent_sidewalk,CRIMINAL,72060101,B,PASS,draft_ready,,687,true,true,true,true,14645_advent_sidewalk
C:\FOC\Workspace\Finished\CQ14649.md,CQ14649.md,14649,14649_pageant_warehouse,CRIMINAL,73030900,D,PASS,draft_ready,,677,true,true,true,true,14649_pageant_warehouse
C:\FOC\Workspace\Finished\CQ14650.md,CQ14650.md,14650,14650_fellowship_picnic,CRIMINAL,72060101,B,PASS,draft_ready,,564,true,true,true,true,14650_fellowship_picnic
C:\FOC\Workspace\Finished\CQ14654.md,CQ14654.md,14654,14654_fellowship_trail,CRIMINAL,72060101,B,PASS,draft_ready,,583,true,true,true,true,14654_fellowship_trail
C:\FOC\Workspace\Finished\CQ14655.md,CQ14655.md,14655,14655_study_bible_case,CRIMINAL,73030400,B,PASS,draft_ready,,387,true,true,true,true,14655_study_bible_case
C:\FOC\Workspace\Finished\CQ14656.md,CQ14656.md,14656,14656_fellowship_flag_football,CRIMINAL,74020101,B,PASS,draft_ready,,857,true,true,true,false,14656_fellowship_flag_football
C:\FOC\Workspace\Finished\CQ14657.md,CQ14657.md,14657,14657_lampstand_window_volley,CRIMINAL,73020200,B,PASS,draft_ready,,1017,true,true,true,false,14657_lampstand_window_volley
C:\FOC\Workspace\Finished\CQ14658.md,CQ14658.md,14658,14658_christian_publishing,CRIMINAL,74020101,A,PASS,draft_ready,,750,true,true,true,false,14658_christian_publishing
C:\FOC\Workspace\Finished\CQ14660.md,CQ14660.md,14660,14660_tent-revival-kerosene,CRIMINAL,74020102,B,PASS,draft_ready,,1017,true,true,true,true,14660_tent-revival-kerosene
C:\FOC\Workspace\Finished\CQ14663.md,CQ14663.md,14663,14663_lydias_bookstore_warehouse,CRIMINAL,74020101,A,PASS,draft_ready,,604,true,true,true,false,14663_lydias_bookstore_warehouse
C:\FOC\Workspace\Finished\CQ14664.md,CQ14664.md,14664,14664_bible_study_gas_station,CRIMINAL,74020101,A,PASS,draft_ready,,652,true,true,true,true,14664_bible_study_gas_station
C:\FOC\Workspace\Finished\CQ14665.md,CQ14665.md,14665,14665_bible_study_stop_sign,CRIMINAL,74020102,D,PASS,draft_ready,,526,true,true,true,false,14665_bible_study_stop_sign
C:\FOC\Workspace\Finished\CQ14667.md,CQ14667.md,14667,14667_mens_retreat_trust_test,CRIMINAL,74020101,A,PASS,draft_ready,,967,true,true,true,true,14667_mens_retreat_trust_test
C:\FOC\Workspace\Finished\CQ14668.md,CQ14668.md,14668,14668_laxative-lies,CRIMINAL,74020101,C,PASS,draft_ready,,1222,true,true,true,true,14668_laxative-lies
C:\FOC\Workspace\Finished\CQ14670.md,CQ14670.md,14670,14670_brass_handbell_pageant,CRIMINAL,72010302,B,PASS,draft_ready,,923,true,true,true,true,14670_brass_handbell_pageant
C:\FOC\Workspace\Finished\CQ14671.md,CQ14671.md,14671,14671_firewood-delivery,CRIMINAL,73031000,B,PASS,draft_ready,,697,true,true,true,true,14671_firewood-delivery
C:\FOC\Workspace\Finished\CQ14675.md,CQ14675.md,14675,14675_church-volunteer-mercy,CRIMINAL,74020101,B,PASS,draft_ready,,594,true,true,true,true,14675_church-volunteer-mercy
C:\FOC\Workspace\Finished\CQ14676_church_youth_accusation.md,CQ14676_church_youth_accusation.md,14676,14676_church_youth_accusation,CRIMINAL,74020102,C,PASS,draft_ready,,576,true,true,true,true,14676_church_youth_accusation
C:\FOC\Workspace\Finished\CQ14677.md,CQ14677.md,14677,14677_prop-gun-rehearsal,CRIMINAL,72060103,C,PASS,draft_ready,,661,true,true,true,true,14677_prop-gun-rehearsal
C:\FOC\Workspace\Finished\CQ14680.md,CQ14680.md,14680,14680_christian_bookstore_ricochet,CRIMINAL,72010302,A,PASS,draft_ready,,608,true,true,true,true,14680_christian_bookstore_ricochet
C:\FOC\Workspace\Finished\CQ14681.md,CQ14681.md,14681,14681_homeschool_expo_cashbox,CRIMINAL,74020101,B,PASS,draft_ready,,485,true,true,true,true,14681_homeschool_expo_cashbox
C:\FOC\Workspace\Finished\CQ14685.md,CQ14685.md,14685,14685_peter_hammer,CRIMINAL,74020101,A,PASS,draft_ready,,318,true,true,true,false,14685_peter_hammer
C:\FOC\Workspace\Finished\CQ14687.md,CQ14687.md,14687,14687_box_truck_transferred_intent,CRIMINAL,74020101,B,PASS,draft_ready,,984,true,true,true,true,14687_box_truck_transferred_intent
C:\FOC\Workspace\Finished\CQ14690.md,CQ14690.md,14690,14690_bible_study_protected_victim,CRIMINAL,73020700,B,PASS,draft_ready,,595,true,true,true,false,14690_bible_study_protected_victim
C:\FOC\Workspace\Finished\CQ14691.md,CQ14691.md,14691,14691_church-keyboard-heist,CRIMINAL,71040200,C,PASS,draft_ready,,890,true,true,true,true,14691_church-keyboard-heist
C:\FOC\Workspace\Finished\CQ14692.md,CQ14692.md,14692,14692_stolen_sound_mixer_festival,CRIMINAL,71040200,A,PASS,draft_ready,,692,true,true,true,true,14692_stolen_sound_mixer_festival
C:\FOC\Workspace\Finished\CQ14693.md,CQ14693.md,14693,14693_scripture_market_hit,CRIMINAL,71040300,C,PASS,draft_ready,,794,true,true,true,true,14693_scripture_market_hit
C:\FOC\Workspace\Finished\CQ14694.md,CQ14694.md,14694,14694_factual-impossibility-hunter,CRIMINAL,71040300,C,PASS,draft_ready,,622,true,true,true,true,14694_factual-impossibility-hunter
C:\FOC\Workspace\Finished\CQ14695.md,CQ14695.md,14695,,,,,,quarantined,BLOCK1_UNPARSEABLE; missing-key; missing-outline; missing-c3-annotation; missing-components; missing-program-intelligence; not-sql-emitted,,false,false,false,false,
C:\FOC\Workspace\Finished\CQ14696.md,CQ14696.md,14696,14696_purple-cloth-scheme,CRIMINAL,71040300,B,PASS,draft_ready,,745,true,true,true,true,14696_purple-cloth-scheme
C:\FOC\Workspace\Finished\CQ14697.md,CQ14697.md,14697,14697_hymn_stand_refund,CRIMINAL,71040300,D,PASS,draft_ready,,743,true,true,true,true,14697_hymn_stand_refund
C:\FOC\Workspace\Finished\CQ14698.md,CQ14698.md,14698,14698_psalmfest-cashbox,CRIMINAL,71040300,B,PASS,draft_ready,,1199,true,true,true,true,14698_psalmfest-cashbox
C:\FOC\Workspace\Finished\CQ14700.md,CQ14700.md,14700,14700_hymn_night_hire,CRIMINAL,71040100,A,FORK_OR_SPLIT,draft_ready,,550,true,true,true,true,14700_hymn_night_hire
C:\FOC\Workspace\Finished\CQ14707.md,CQ14707.md,14707,14707_hymnbook_customs,CRIMINAL,71040200,C,PASS,draft_ready,,707,true,true,true,true,14707_hymnbook_customs
C:\FOC\Workspace\Finished\CQ14708.md,CQ14708.md,14708,14708_lakeside_retreat_plot,CRIMINAL,71040200,B,PASS,draft_ready,,425,true,true,true,true,14708_lakeside_retreat_plot
C:\FOC\Workspace\Finished\CQ14709.md,CQ14709.md,14709,14709_olivewood_bible_stand,CRIMINAL,73030100,C,PASS,draft_ready,,647,true,true,true,true,14709_olivewood_bible_stand
C:\FOC\Workspace\Finished\CQ14710.md,CQ14710.md,14710,14710_private_concert_lockbox,CRIMINAL,73030100,B,PASS,draft_ready,,665,true,true,true,true,14710_private_concert_lockbox
C:\FOC\Workspace\Finished\CQ14711.md,CQ14711.md,14711,14711_most-likely-convicted,CRIMINAL,73030801,B,PASS,quarantined,tiny-stem,129,true,true,true,true,14711_most-likely-convicted
C:\FOC\Workspace\Finished\CQ14712.md,CQ14712.md,14712,14712_conference_camera_bag,CRIMINAL,73030400,D,PASS,draft_ready,,606,true,true,true,true,14712_conference_camera_bag
C:\FOC\Workspace\Finished\CQ14713.md,CQ14713.md,14713,14713_hymn_study_keys,CRIMINAL,73030100,B,PASS,draft_ready,,530,true,true,true,true,14713_hymn_study_keys
C:\FOC\Workspace\Finished\CQ14714.md,CQ14714.md,14714,14714_grape_arbor_pellets,CRIMINAL,73020200,B,PASS,draft_ready,,779,true,true,true,true,14714_grape_arbor_pellets
C:\FOC\Workspace\Finished\CQ14715.md,CQ14715.md,14715,14715_olivewood_nativity_greenhouse,CRIMINAL,73031000,B,PASS,draft_ready,,905,true,true,true,true,14715_olivewood_nativity_greenhouse
C:\FOC\Workspace\Finished\CQ14716.md,CQ14716.md,14716,14716_retreat_bookmark,CRIMINAL,73030100,B,PASS,draft_ready,,432,true,true,true,true,14716_retreat_bookmark
C:\FOC\Workspace\Finished\CQ14718.md,CQ14718.md,14718,14718_scripture_plaque_fire,CRIMINAL,73030900,D,PASS,draft_ready,,679,true,true,true,true,14718_scripture_plaque_fire
C:\FOC\Workspace\Finished\CQ14719.md,CQ14719.md,14719,14719_festival_lockbox,CRIMINAL,73030400,B,PASS,draft_ready,,766,true,true,true,true,14719_festival_lockbox
C:\FOC\Workspace\Finished\CQ14720.md,CQ14720.md,14720,14720_chapel_festival_loan,CRIMINAL,73030000,B,PASS,draft_ready,,399,true,true,true,true,14720_chapel_festival_loan
C:\FOC\Workspace\Finished\CQ14721.md,CQ14721.md,14721,14721_nativity_invoice,CRIMINAL,73030300,C,PASS,draft_ready,,755,true,true,true,true,14721_nativity_invoice
C:\FOC\Workspace\Finished\CQ14723.md,CQ14723.md,14723,14723_worship_van_collision,CRIMINAL,72050200,A,PASS,draft_ready,,482,true,true,true,true,14723_worship_van_collision
C:\FOC\Workspace\Finished\CQ14724.md,CQ14724.md,14724,14724_chapel_envelope,CRIMINAL,73030100,B,PASS,draft_ready,,482,true,true,true,true,14724_chapel_envelope
C:\FOC\Workspace\Finished\CQ14725.md,CQ14725.md,14725,14725_lydias_hymn_leaf,CRIMINAL,73030000,A,PASS,draft_ready,,849,true,true,true,true,14725_lydias_hymn_leaf
C:\FOC\Workspace\Finished\CQ14726.md,CQ14726.md,14726,14726_lantern_retreat,CRIMINAL,72050200,C,PASS,draft_ready,,1006,true,true,true,true,14726_lantern_retreat
C:\FOC\Workspace\Finished\CQ14727.md,CQ14727.md,14727,14727_saddle_camp_report,CRIMINAL,72050200,C,PASS,draft_ready,,1007,true,true,true,true,14727_saddle_camp_report
C:\FOC\Workspace\Finished\CQ14728.md,CQ14728.md,14728,14728_bible_quest_projector,CRIMINAL,72010302,D,PASS,draft_ready,,792,true,true,true,false,14728_bible_quest_projector
C:\FOC\Workspace\Finished\CQ14730.md,CQ14730.md,14730,14730_potluck_flight,CRIMINAL,72050300,D,PASS,draft_ready,,765,true,true,true,false,14730_potluck_flight
C:\FOC\Workspace\Finished\CQ14731.md,CQ14731.md,14731,14731_midnight_hymnbook_box,CRIMINAL,73031000,D,PASS,draft_ready,,569,true,true,true,true,14731_midnight_hymnbook_box
C:\FOC\Workspace\Finished\CQ14733.md,CQ14733.md,14733,14733_bethany_brass_trumpet,CRIMINAL,73030200,C,PASS,draft_ready,,778,true,true,true,true,14733_bethany_brass_trumpet
C:\FOC\Workspace\Finished\CQ14734.md,CQ14734.md,14734,14734_chapel_studio_lease,CRIMINAL,72050200,C,PASS,draft_ready,,619,true,true,true,true,14734_chapel_studio_lease
C:\FOC\Workspace\Finished\CQ14735.md,CQ14735.md,14735,14735_midnight_copyshop,CRIMINAL,72050200,C,PASS,draft_ready,,630,true,true,true,true,14735_midnight_copyshop
C:\FOC\Workspace\Finished\CQ14736.md,CQ14736.md,14736,14736_camp_van_crossing,CRIMINAL,73020500,C,PASS,draft_ready,,515,true,true,true,true,14736_camp_van_crossing
C:\FOC\Workspace\Finished\CQ14740.md,CQ14740.md,14740,14740_midnight-study-window,CRIMINAL,73031000,C,PASS,draft_ready,,610,true,true,true,true,14740_midnight-study-window
C:\FOC\Workspace\Finished\CQ14742.md,CQ14742.md,14742,14742_worship_keyboard_trailer,CRIMINAL,72050200,C,PASS,draft_ready,,753,true,true,true,true,14742_worship_keyboard_trailer
C:\FOC\Workspace\Finished\CQ14743.md,CQ14743.md,14743,14743_christmas_rehearsal_phone,CRIMINAL,73030100,D,PASS,draft_ready,,556,true,true,true,true,14743_christmas_rehearsal_phone
C:\FOC\Workspace\Finished\CQ14744.md,CQ14744.md,14744,14744_midnight_candle_stencils,CRIMINAL,73030000,D,,draft_ready,,1015,true,true,true,true,14744_midnight_candle_stencils
C:\FOC\Workspace\Finished\CQ14745.md,CQ14745.md,14745,14745_festival_ticket_trailer,CRIMINAL,72050400,C,PASS,draft_ready,,850,true,true,true,true,14745_festival_ticket_trailer
C:\FOC\Workspace\Finished\CQ14748.md,CQ14748.md,14748,14748_facsimile_sermon_page,CRIMINAL,73030100,A,,draft_ready,,694,true,true,true,true,14748_facsimile_sermon_page
C:\FOC\Workspace\Finished\CQ14756.md,CQ14756.md,14756,14756_lydia-cat-bookshop,EVIDENCE,33040102,C,PASS,draft_ready,,791,true,true,true,true,14756_lydia-cat-bookshop
C:\FOC\Workspace\Finished\CQ14757.md,CQ14757.md,14757,14757_bethany_bible_quest,EVIDENCE,33040103,B,PASS,draft_ready,,888,true,true,true,true,14757_bethany_bible_quest
C:\FOC\Workspace\Finished\CQ14758.md,CQ14758.md,14758,14758_psalm_lantern_rentals,EVIDENCE,34050101,B,PASS,draft_ready,,678,true,true,true,true,14758_psalm_lantern_rentals
C:\FOC\Workspace\Finished\CQ14760.md,CQ14760.md,14760,14760_forklift_warehouse,EVIDENCE,33040101,C,PASS,draft_ready,,779,true,true,true,true,14760_forklift_warehouse
C:\FOC\Workspace\Finished\CQ14761.md,CQ14761.md,14761,14761_harvest_festival_ladder,EVIDENCE,33040202,B,PASS,draft_ready,,485,true,true,true,true,14761_harvest_festival_ladder
C:\FOC\Workspace\Finished\CQ14763.md,CQ14763.md,14763,14763_puppet_camp_notice,EVIDENCE,33040203,C,PASS,draft_ready,,706,true,true,true,true,14763_puppet_camp_notice
C:\FOC\Workspace\Finished\CQ14764.md,CQ14764.md,14764,14764_red_sea_mat,EVIDENCE,33040103,B,PASS,draft_ready,,464,true,true,true,true,14764_red_sea_mat
C:\FOC\Workspace\Finished\CQ14765.md,CQ14765.md,14765,14765_daniel_bookstore_arson_bias,EVIDENCE,31010503,B,PASS,draft_ready,,361,true,true,true,true,14765_daniel_bookstore_arson_bias
C:\FOC\Workspace\Finished\CQ14766.md,CQ14766.md,14766,14766_psalm_night_voice_memo,EVIDENCE,33040302,C,PASS,draft_ready,,555,true,true,true,true,14766_psalm_night_voice_memo
C:\FOC\Workspace\Finished\CQ14767.md,CQ14767.md,14767,14767_paul_retreat_harness_admission,EVIDENCE,33040301,C,PASS,draft_ready,,392,true,true,true,true,14767_paul_retreat_harness_admission
C:\FOC\Workspace\Finished\CQ14769.md,CQ14769.md,14769,14769_animatronic_camel_tag,EVIDENCE,33040302,D,PASS,draft_ready,,468,true,true,true,true,14769_animatronic_camel_tag
C:\FOC\Workspace\Finished\CQ14772.md,CQ14772.md,14772,14772_fishing_vessel_log,EVIDENCE,33040203,C,PASS,draft_ready,,832,true,true,true,true,14772_fishing_vessel_log
C:\FOC\Workspace\Finished\CQ14773.md,CQ14773.md,14773,14773_hymn_practice_intake,EVIDENCE,33040302,B,PASS,draft_ready,,712,true,true,true,true,14773_hymn_practice_intake
C:\FOC\Workspace\Finished\CQ14775.md,CQ14775.md,14775,14775_camp_pos_records,EVIDENCE,33040400,D,,draft_ready,,1358,true,true,true,true,14775_camp_pos_records
C:\FOC\Workspace\Finished\CQ14776.md,CQ14776.md,14776,14776_loaves_fishes_fire_log,EVIDENCE,33040302,C,PASS,draft_ready,,506,true,true,true,true,14776_loaves_fishes_fire_log
C:\FOC\Workspace\Finished\CQ14777.md,CQ14777.md,14777,14777_christian-variance,EVIDENCE,33040301,C,PASS,draft_ready,,706,true,true,true,true,14777_christian-variance
C:\FOC\Workspace\Finished\CQ14778.md,CQ14778.md,14778,14778_retreat_loading_warning,EVIDENCE,33040203,C,PASS,draft_ready,,574,true,true,true,true,14778_retreat_loading_warning
C:\FOC\Workspace\Finished\CQ14785.md,CQ14785.md,14785,14785_choir_rehearsal_alarm,EVIDENCE,33040302,A,PASS,draft_ready,,252,true,true,true,true,14785_choir_rehearsal_alarm
C:\FOC\Workspace\Finished\CQ14788.md,CQ14788.md,14788,14788_noahs_ark_puppet,EVIDENCE,33040201,A,PASS,draft_ready,,623,true,true,true,true,14788_noahs_ark_puppet
C:\FOC\Workspace\Finished\CQ14789.md,CQ14789.md,14789,14789_ruth_wedding_dress,EVIDENCE,33040302,C,PASS,draft_ready,,460,true,true,true,true,14789_ruth_wedding_dress
C:\FOC\Workspace\Finished\CQ14791.md,CQ14791.md,14791,14791_bethlehem_star_handbook,EVIDENCE,33040302,D,,draft_ready,,961,true,true,true,true,14791_bethlehem_star_handbook
C:\FOC\Workspace\Finished\CQ14793.md,CQ14793.md,14793,14793_christian-variation,EVIDENCE,33040201,C,PASS,draft_ready,,847,true,true,true,true,14793_christian-variation
C:\FOC\Workspace\Finished\CQ14795.md,CQ14795.md,14795,14795_lydia-bookstore-log,EVIDENCE,33040302,C,PASS,draft_ready,,523,true,true,true,true,14795_lydia-bookstore-log
C:\FOC\Workspace\Finished\CQ14796.md,CQ14796.md,14796,14796_charity-auction-naomi,EVIDENCE,31010501,A,PASS,draft_ready,,454,true,true,true,true,14796_charity-auction-naomi
C:\FOC\Workspace\Finished\CQ14798.md,CQ14798.md,14798,14798_fair_alley,EVIDENCE,33040103,A,PASS,draft_ready,,600,true,true,true,true,14798_fair_alley
C:\FOC\Workspace\Finished\CQ14799.md,CQ14799.md,14799,14799_fishingboat_picnic,EVIDENCE,33040201,A,PASS,draft_ready,,652,true,true,true,true,14799_fishingboat_picnic
C:\FOC\Workspace\Finished\CQ14800.md,CQ14800.md,14800,14800_retreat_laryngitis_letter,EVIDENCE,33040101,D,,draft_ready,,488,true,true,true,true,14800_retreat_laryngitis_letter
C:\FOC\Workspace\Finished\CQ14803.md,CQ14803.md,14803,14803_bible_bookstore_rooftop_call,EVIDENCE,33040302,C,PASS,draft_ready,,760,true,true,true,true,14803_bible_bookstore_rooftop_call
C:\FOC\Workspace\Finished\CQ14804.md,CQ14804.md,14804,14804_nativity_badge_source,EVIDENCE,33040201,A,PASS,draft_ready,,512,true,true,true,true,14804_nativity_badge_source
C:\FOC\Workspace\Finished\CQ14805.md,CQ14805.md,14805,14805_psalm_planner_notes,EVIDENCE,33040302,C,PASS,draft_ready,,730,true,true,true,true,14805_psalm_planner_notes
C:\FOC\Workspace\Finished\CQ14806.md,CQ14806.md,14806,14806_wedding_cake,EVIDENCE,33040202,A,PASS,draft_ready,,1197,true,true,true,true,14806_wedding_cake
C:\FOC\Workspace\Finished\CQ14811.md,CQ14811.md,14811,14811_grace_galilee_lantern_market,EVIDENCE,33040202,B,PASS,draft_ready,,547,true,true,true,true,14811_grace_galilee_lantern_market
C:\FOC\Workspace\Finished\CQ14812.md,CQ14812.md,14812,14812_cracked_harp_recording,EVIDENCE,33040201,C,PASS,draft_ready,,651,true,true,true,true,14812_cracked_harp_recording
C:\FOC\Workspace\Finished\CQ14815.md,CQ14815.md,14815,14815_pageant_riser_cry,EVIDENCE,33040302,B,PASS,draft_ready,,434,true,true,true,true,14815_pageant_riser_cry
C:\FOC\Workspace\Finished\CQ14816.md,CQ14816.md,14816,,,,,,quarantined,NO_BLOCK1_YAML; missing-key; missing-outline; missing-c3-annotation; missing-components; missing-program-intelligence; not-sql-emitted,,false,false,false,false,
C:\FOC\Workspace\Finished\CQ14817.md,CQ14817.md,14817,14817_curriculum_fraud_notice,EVIDENCE,31010106,B,PASS,draft_ready,,283,true,true,true,true,14817_curriculum_fraud_notice
C:\FOC\Workspace\Finished\CQ14818.md,CQ14818.md,14818,14818_manna_minigolf_scope,EVIDENCE,31010402,C,PASS,draft_ready,,607,true,true,true,true,14818_manna_minigolf_scope
C:\FOC\Workspace\Finished\CQ14819.md,CQ14819.md,14819,,,,,,quarantined,NO_BLOCK1_YAML; missing-key; missing-outline; missing-c3-annotation; missing-components; missing-program-intelligence; not-sql-emitted,,false,false,false,false,
C:\FOC\Workspace\Finished\CQ14820.md,CQ14820.md,14820,,,,,,quarantined,NO_BLOCK1_YAML; missing-key; missing-outline; missing-c3-annotation; missing-components; missing-program-intelligence; not-sql-emitted,,false,false,false,false,
C:\FOC\Workspace\Finished\CQ14821.md,CQ14821.md,14821,14821_daniel_robotics_tablet_trade,EVIDENCE,31010501,B,PASS,draft_ready,,531,true,true,true,true,14821_daniel_robotics_tablet_trade
C:\FOC\Workspace\Finished\CQ14823.md,CQ14823.md,14823,14823_coastal_bakery,EVIDENCE,31010406,B,PASS,draft_ready,,323,true,true,true,true,14823_coastal_bakery
C:\FOC\Workspace\Finished\CQ14824.md,CQ14824.md,14824,14824_banner_drone,EVIDENCE,31010107,B,PASS,draft_ready,,703,true,true,true,true,14824_banner_drone
C:\FOC\Workspace\Finished\CQ14825.md,CQ14825.md,14825,14825_pantry-volunteer-incident-report,EVIDENCE,31010407,C,PASS,draft_ready,,1301,true,true,true,true,14825_pantry-volunteer-incident-report
C:\FOC\Workspace\Finished\CQ14826.md,CQ14826.md,14826,14826_mary_scooter_fundraiser_bias,EVIDENCE,31010503,C,PASS,draft_ready,,478,true,true,true,true,14826_mary_scooter_fundraiser_bias
C:\FOC\Workspace\Finished\CQ14827.md,CQ14827.md,14827,14827_the-fishing-dock-witness,EVIDENCE,32020405,A,PASS,draft_ready,,676,true,true,true,true,14827_the-fishing-dock-witness
C:\FOC\Workspace\Finished\CQ14828.md,CQ14828.md,14828,,,,,,quarantined,NO_BLOCK1_YAML; missing-key; missing-outline; missing-c3-annotation; missing-components; missing-program-intelligence; not-sql-emitted,,false,false,false,false,
C:\FOC\Workspace\Finished\CQ14829.md,CQ14829.md,14829,14829_daniel_retreat_supply_room_confession,EVIDENCE,31010107,C,PASS,draft_ready,,457,true,true,true,true,14829_daniel_retreat_supply_room_confession
C:\FOC\Workspace\Finished\CQ14830.md,CQ14830.md,14830,14830_lydia_bike_repair_adjuster,EVIDENCE,31010503,C,PASS,draft_ready,,423,true,true,true,true,14830_lydia_bike_repair_adjuster
C:\FOC\Workspace\Finished\CQ14831.md,CQ14831.md,14831,,,,,,quarantined,NO_BLOCK1_YAML; missing-key; missing-outline; missing-c3-annotation; missing-components; missing-program-intelligence; not-sql-emitted,,false,false,false,false,
C:\FOC\Workspace\Finished\CQ14833.md,CQ14833.md,14833,14833_peter-harp-luthier,EVIDENCE,31010405,C,PASS,draft_ready,,605,true,true,true,true,14833_peter-harp-luthier
C:\FOC\Workspace\Finished\CQ14834.md,CQ14834.md,14834,14834_orchard-dying-declaration,EVIDENCE,31010107,C,PASS,draft_ready,,578,true,true,true,true,14834_orchard-dying-declaration
C:\FOC\Workspace\Finished\CQ14835.md,CQ14835.md,14835,14835_conference_badge_email,EVIDENCE,31010107,D,PASS,draft_ready,,458,true,true,true,true,14835_conference_badge_email
C:\FOC\Workspace\Finished\CQ14836.md,CQ14836.md,14836,14836_picnic_alibi,EVIDENCE,31010406,A,PASS,draft_ready,,795,true,true,true,true,14836_picnic_alibi
C:\FOC\Workspace\Finished\CQ14840.md,CQ14840.md,14840,14840_youth-ministry-leadership-rivalry,EVIDENCE,31010503,C,PASS,draft_ready,,912,true,true,true,true,14840_youth-ministry-leadership-rivalry
C:\FOC\Workspace\Finished\CQ14841.md,CQ14841.md,14841,14841_witness-sequestration-tort,EVIDENCE,31010201,C,PASS,draft_ready,,952,true,true,true,true,14841_witness-sequestration-tort
C:\FOC\Workspace\Finished\CQ14842.md,CQ14842.md,14842,14842_vanished_bush_pilot,EVIDENCE,31010103,C,PASS,draft_ready,,1476,true,true,true,true,14842_vanished_bush_pilot
C:\FOC\Workspace\Finished\CQ14843.md,CQ14843.md,14843,14843_manna_mail,EVIDENCE,31010103,D,PASS,draft_ready,,431,true,true,true,true,14843_manna_mail
C:\FOC\Workspace\Finished\CQ14844.md,CQ14844.md,14844,14844_divorce-to-deacon,EVIDENCE,31010406,B,PASS,draft_ready,,1110,true,true,true,true,14844_divorce-to-deacon
C:\FOC\Workspace\Finished\CQ14847.md,CQ14847.md,14847,14847_outreach_van_clerk,EVIDENCE,31010404,B,PASS,draft_ready,,313,true,true,true,true,14847_outreach_van_clerk
C:\FOC\Workspace\Finished\CQ14849.md,CQ14849.md,14849,14849_christian-barn-raise,EVIDENCE,31010501,C,PASS,draft_ready,,632,true,true,true,true,14849_christian-barn-raise
C:\FOC\Workspace\Finished\CQ14851.md,CQ14851.md,14851,14851_festival_qr_badge,EVIDENCE,31010504,C,PASS,draft_ready,,875,true,true,true,true,14851_festival_qr_badge
C:\FOC\Workspace\Finished\CQ14853.md,CQ14853.md,14853,14853_jonah_whale_rig,EVIDENCE,35030100,B,PASS,draft_ready,,517,true,true,true,true,14853_jonah_whale_rig
C:\FOC\Workspace\Finished\CQ14854.md,CQ14854.md,14854,14854_exodus_ark_release,EVIDENCE,35030302,C,PASS,draft_ready,,663,true,true,true,true,14854_exodus_ark_release
C:\FOC\Workspace\Finished\CQ14855.md,CQ14855.md,14855,14855_psalm_stage_report,EVIDENCE,35030100,B,PASS,draft_ready,,527,true,true,true,true,14855_psalm_stage_report
C:\FOC\Workspace\Finished\CQ14857.md,CQ14857.md,14857,14857_good_samaritan_5k,EVIDENCE,35030203,A,PASS,draft_ready,,601,true,true,true,true,14857_good_samaritan_5k
C:\FOC\Workspace\Finished\CQ14858.md,CQ14858.md,14858,14858_warehouse-fire-rain-jacket,EVIDENCE,35030201,C,PASS,draft_ready,,638,true,true,true,true,14858_warehouse-fire-rain-jacket
C:\FOC\Workspace\Finished\CQ14861.md,CQ14861.md,14861,14861_lydia_luxembourg_ledgers,EVIDENCE,35030205,B,PASS,draft_ready,,430,true,true,true,true,14861_lydia_luxembourg_ledgers
C:\FOC\Workspace\Finished\CQ14862.md,CQ14862.md,14862,14862_good_friday_judge_threat,EVIDENCE,35030204,B,PASS,draft_ready,,463,true,true,true,true,14862_good_friday_judge_threat
C:\FOC\Workspace\Finished\CQ14863.md,CQ14863.md,14863,,,,,,quarantined,BLOCK1_UNPARSEABLE; missing-key; missing-outline; missing-c3-annotation; missing-components; missing-program-intelligence; not-sql-emitted,,false,false,false,false,
C:\FOC\Workspace\Finished\CQ14867.md,CQ14867.md,14867,14867_scripture_market_cart,EVIDENCE,32020802,B,PASS,draft_ready,,571,true,true,true,true,14867_scripture_market_cart
C:\FOC\Workspace\Finished\CQ14870.md,CQ14870.md,14870,14870_christian_publishing_comptroller,EVIDENCE,32020100,B,PASS,draft_ready,,768,true,true,true,true,14870_christian_publishing_comptroller
C:\FOC\Workspace\Finished\CQ14871.md,CQ14871.md,14871,14871_lampstand_guide_memo,EVIDENCE,32020700,A,PASS,quarantined,tiny-stem,101,true,true,true,true,14871_lampstand_guide_memo
C:\FOC\Workspace\Finished\CQ14872.md,CQ14872.md,14872,14872_hannah_sleet_cart,EVIDENCE,32020302,B,PASS,draft_ready,,724,true,true,true,true,14872_hannah_sleet_cart
C:\FOC\Workspace\Finished\CQ14873.md,CQ14873.md,14873,14873_crossbow_goliath_room,EVIDENCE,32020404,B,PASS,draft_ready,,544,true,true,true,true,14873_crossbow_goliath_room
C:\FOC\Workspace\Finished\CQ14874.md,CQ14874.md,14874,14874_scripture_escape_room_fear,EVIDENCE,32020804,B,PASS,draft_ready,,397,true,true,true,true,14874_scripture_escape_room_fear
C:\FOC\Workspace\Finished\CQ14878.md,CQ14878.md,14878,14878_daily-bread-reputation,EVIDENCE,32020403,A,PASS,draft_ready,,326,true,true,true,true,14878_daily-bread-reputation
C:\FOC\Workspace\Finished\CQ14879.md,CQ14879.md,14879,14879_waffle_wagon_coverage,EVIDENCE,32020100,B,PASS,draft_ready,,268,true,true,true,true,14879_waffle_wagon_coverage
C:\FOC\Workspace\Finished\CQ14880.md,CQ14880.md,14880,14880_bible_quiz_mint_tin,EVIDENCE,32020700,C,PASS,draft_ready,,592,true,true,true,true,14880_bible_quiz_mint_tin
C:\FOC\Workspace\Finished\CQ14881.md,CQ14881.md,14881,14881_prize_bull_breeding_record,EVIDENCE,32020405,C,PASS,draft_ready,,392,true,true,true,true,14881_prize_bull_breeding_record
C:\FOC\Workspace\Finished\CQ14885.md,CQ14885.md,14885,14885_honey_jar_harvest_fair,EVIDENCE,32020600,A,PASS,draft_ready,,283,true,true,true,true,14885_honey_jar_harvest_fair
C:\FOC\Workspace\Finished\CQ14888.md,CQ14888.md,14888,14888_hymnbook_alley_propensity,EVIDENCE,32020402,B,PASS,draft_ready,,527,true,true,true,true,14888_hymnbook_alley_propensity
C:\FOC\Workspace\Finished\CQ14889.md,CQ14889.md,14889,14889_mission-flight-relevance,EVIDENCE,32020100,C,PASS,draft_ready,,881,true,true,true,true,14889_mission-flight-relevance
C:\FOC\Workspace\Finished\CQ14892.md,CQ14892.md,14892,14892_scripture_card_call,EVIDENCE,32020700,B,PASS,draft_ready,,578,true,true,true,true,14892_scripture_card_call
C:\FOC\Workspace\Finished\CQ14893.md,CQ14893.md,14893,14893_scripture_trailer_coupler,EVIDENCE,32020402,C,PASS,draft_ready,,729,true,true,true,true,14893_scripture_trailer_coupler
C:\FOC\Workspace\Finished\CQ14894.md,CQ14894.md,14894,14894_dock-threat,EVIDENCE,32020700,B,PASS,draft_ready,,1100,true,true,true,true,14894_dock-threat
C:\FOC\Workspace\Finished\CQ14895.md,CQ14895.md,14895,14895_ark-ledger,EVIDENCE,32020401,D,PASS,draft_ready,,567,true,true,true,true,14895_ark-ledger
C:\FOC\Workspace\Finished\CQ14896.md,CQ14896.md,14896,14896_gospel_fair_cashbox,EVIDENCE,32020404,A,PASS,draft_ready,,376,true,true,true,true,14896_gospel_fair_cashbox
C:\FOC\Workspace\Finished\CQ14897.md,CQ14897.md,14897,14897_lakeside_paddle,EVIDENCE,32020403,C,PASS,draft_ready,,533,true,true,true,true,14897_lakeside_paddle
C:\FOC\Workspace\Finished\CQ14900.md,CQ14900.md,14900,14900_psalms_canvas_fog_machine,EVIDENCE,32020803,A,PASS,draft_ready,,633,true,true,true,true,14900_psalms_canvas_fog_machine
C:\FOC\Workspace\Finished\CQ14902.md,CQ14902.md,14902,14902_felt_lamb_puppet,EVIDENCE,34050101,B,PASS,draft_ready,,433,true,true,true,true,14902_felt_lamb_puppet
C:\FOC\Workspace\Finished\CQ14903.md,CQ14903.md,14903,14903_scriptorium_counterfeit_bibles,EVIDENCE,34050101,D,PASS,draft_ready,,563,true,true,true,true,14903_scriptorium_counterfeit_bibles
C:\FOC\Workspace\Finished\CQ14904.md,CQ14904.md,14904,14904_best_evidence_refresh,EVIDENCE,34050200,C,PASS,draft_ready,,1239,true,true,true,true,14904_best_evidence_refresh
C:\FOC\Workspace\Finished\CQ14905.md,CQ14905.md,14905,14905_psalm_riser_still,EVIDENCE,34050101,A,PASS,draft_ready,,588,true,true,true,true,14905_psalm_riser_still
C:\FOC\Workspace\Finished\CQ14906.md,CQ14906.md,14906,14906_barnabas-v-lydia-land-deal,REAL_PROPERTY,85030103,C,PASS,draft_ready,,1149,true,true,true,true,14906_barnabas-v-lydia-land-deal
C:\FOC\Workspace\Finished\CQ14908.md,CQ14908.md,14908,,,,,,quarantined,NO_BLOCK1_YAML; missing-key; missing-outline; missing-c3-annotation; missing-components; missing-program-intelligence; not-sql-emitted,,false,false,false,false,
C:\FOC\Workspace\Finished\CQ14910.md,CQ14910.md,14910,14910_lydia_timothy_riverpasture,REAL_PROPERTY,85030100,D,PASS,draft_ready,,2022,true,true,true,true,14910_lydia_timothy_riverpasture
C:\FOC\Workspace\Finished\CQ14911.md,CQ14911.md,14911,14911_lakecabin_wildfire,REAL_PROPERTY,85030400,A,PASS,draft_ready,,1270,true,true,true,true,14911_lakecabin_wildfire
C:\FOC\Workspace\Finished\CQ14914.md,CQ14914.md,14914,14914_olive_branch_alley_order,REAL_PROPERTY,85030100,C,PASS,draft_ready,,1230,true,true,true,true,14914_olive_branch_alley_order
C:\FOC\Workspace\Finished\CQ14915.md,CQ14915.md,14915,14915_selah_orchard_deposit,REAL_PROPERTY,85030100,B,PASS,draft_ready,,944,true,true,true,true,14915_selah_orchard_deposit
C:\FOC\Workspace\Finished\CQ14916.md,CQ14916.md,14916,14916_sonoma_vineyard_waiver,REAL_PROPERTY,85030300,A,PASS,draft_ready,,944,true,true,true,true,14916_sonoma_vineyard_waiver
C:\FOC\Workspace\Finished\CQ14917.md,CQ14917.md,14917,14917_scripture_sign_parcel,REAL_PROPERTY,85030101,C,PASS,draft_ready,,829,true,true,true,true,14917_scripture_sign_parcel
C:\FOC\Workspace\Finished\CQ14918.md,CQ14918.md,14918,14918_maranatha_cottage,REAL_PROPERTY,85030100,A,PASS,draft_ready,,867,true,true,true,true,14918_maranatha_cottage
C:\FOC\Workspace\Finished\CQ14919.md,CQ14919.md,14919,14919_psalm_print_coffee_lot,REAL_PROPERTY,85030300,C,PASS,draft_ready,,597,true,true,true,true,14919_psalm_print_coffee_lot
C:\FOC\Workspace\Finished\CQ14920.md,CQ14920.md,14920,14920_farmstead,REAL_PROPERTY,85030300,B,PASS,draft_ready,,1336,true,true,true,true,14920_farmstead
C:\FOC\Workspace\Finished\CQ14922.md,CQ14922.md,14922,14922_lakeside_prayer_garden,REAL_PROPERTY,85030300,B,PASS,draft_ready,,875,true,true,true,true,14922_lakeside_prayer_garden
C:\FOC\Workspace\Finished\CQ14923.md,CQ14923.md,14923,14923_christian_cottage_lot,REAL_PROPERTY,85030102,C,PASS,draft_ready,,600,true,true,true,true,14923_christian_cottage_lot
C:\FOC\Workspace\Finished\CQ14925.md,CQ14925.md,14925,14925_mission_cottage,REAL_PROPERTY,82010404,C,PASS,draft_ready,,1410,true,true,true,true,14925_mission_cottage
C:\FOC\Workspace\Finished\CQ14929.md,CQ14929.md,14929,14929_hay_barn_as_is_termite,REAL_PROPERTY,85030100,A,PASS,draft_ready,,620,true,true,true,true,14929_hay_barn_as_is_termite
C:\FOC\Workspace\Finished\CQ14931.md,CQ14931.md,14931,14931_parchment_chapel_lot,REAL_PROPERTY,85030102,B,PASS,draft_ready,,1547,true,true,true,false,14931_parchment_chapel_lot
C:\FOC\Workspace\Finished\CQ14932.md,CQ14932.md,14932,14932_cedarbrook_scripture_studio,REAL_PROPERTY,85030102,B,PASS,draft_ready,,1468,true,true,true,true,14932_cedarbrook_scripture_studio
C:\FOC\Workspace\Finished\CQ14933.md,CQ14933.md,14933,14933_lydia_hidden_mesa_parcel,REAL_PROPERTY,84040205,B,PASS,draft_ready,,916,true,true,true,true,14933_lydia_hidden_mesa_parcel
C:\FOC\Workspace\Finished\CQ14939.md,CQ14939.md,14939,14939_daniel-hannah-stable,REAL_PROPERTY,83050302,C,PASS,draft_ready,,1362,true,true,true,true,14939_daniel-hannah-stable
C:\FOC\Workspace\Finished\CQ14942.md,CQ14942.md,14942,14942_selah_house_redemption,REAL_PROPERTY,83050602,B,PASS,draft_ready,,736,true,true,true,true,14942_selah_house_redemption
C:\FOC\Workspace\Finished\CQ14946.md,CQ14946.md,14946,14946_emmaus_lantern_mortgagee,REAL_PROPERTY,83050303,C,PASS,draft_ready,,1169,true,true,true,true,14946_emmaus_lantern_mortgagee
C:\FOC\Workspace\Finished\CQ14947.md,CQ14947.md,14947,14947_hymn_press_lot,REAL_PROPERTY,83050102,C,PASS,draft_ready,,1018,true,true,true,true,14947_hymn_press_lot
C:\FOC\Workspace\Finished\CQ14948.md,CQ14948.md,14948,14948_harbor-wharf,REAL_PROPERTY,83050604,C,PASS,draft_ready,,964,true,true,true,true,14948_harbor-wharf
C:\FOC\Workspace\Finished\CQ14949.md,CQ14949.md,14949,14949_psalm_garden_cottage,REAL_PROPERTY,83050105,B,PASS,draft_ready,,803,true,true,true,true,14949_psalm_garden_cottage
C:\FOC\Workspace\Finished\CQ14950.md,CQ14950.md,14950,14950_lydia_calligraphy_foreclosure,REAL_PROPERTY,83050603,B,PASS,draft_ready,,11314,true,true,true,true,14950_lydia_calligraphy_foreclosure
C:\FOC\Workspace\Finished\CQ14951.md,CQ14951.md,14951,14951_martha_scripture_parcel_mortgage,REAL_PROPERTY,83050105,B,PASS,draft_ready,,11686,true,true,true,true,14951_martha_scripture_parcel_mortgage
C:\FOC\Workspace\Finished\CQ14952.md,CQ14952.md,14952,14952_lakeside_retreat_subject_to,REAL_PROPERTY,83050401,C,PASS,draft_ready,,970,true,true,true,true,14952_lakeside_retreat_subject_to
C:\FOC\Workspace\Finished\CQ14954.md,CQ14954.md,14954,14954_psalter_porch_panels,REAL_PROPERTY,81020602,B,PASS,draft_ready,,1255,true,true,true,true,14954_psalter_porch_panels
C:\FOC\Workspace\Finished\CQ14955.md,CQ14955.md,14955,14955_bethlehem_bread_assumption,REAL_PROPERTY,83050401,B,PASS,draft_ready,,685,true,true,true,true,14955_bethlehem_bread_assumption
C:\FOC\Workspace\Finished\CQ14956.md,CQ14956.md,14956,14956_barnabas-bakery-assumption,REAL_PROPERTY,83050401,D,PASS,draft_ready,,525,true,true,true,true,14956_barnabas-bakery-assumption
C:\FOC\Workspace\Finished\CQ14958.md,CQ14958.md,14958,14958_lakeside_cottage_note,REAL_PROPERTY,83050102,A,PASS,draft_ready,,754,true,true,true,true,14958_lakeside_cottage_note
C:\FOC\Workspace\Finished\CQ14961.md,CQ14961.md,14961,14961_christian-vineyard-foreclosure,REAL_PROPERTY,83050601,C,PASS,draft_ready,,1072,true,true,true,true,14961_christian-vineyard-foreclosure
C:\FOC\Workspace\Finished\CQ14974.md,CQ14974.md,14974,14974_covenant_orchard,REAL_PROPERTY,82010101,A,PASS,draft_ready,,702,true,true,true,true,14974_covenant_orchard
C:\FOC\Workspace\Finished\CQ14977.md,CQ14977.md,14977,14977_mulberry-mill-tax-deed,REAL_PROPERTY,82010303,B,PASS,draft_ready,,1712,true,true,true,true,14977_mulberry-mill-tax-deed
C:\FOC\Workspace\Finished\CQ14980.md,CQ14980.md,14980,14980_olive_grove_appointment,REAL_PROPERTY,82010200,D,PASS,draft_ready,,1314,true,true,true,true,14980_olive_grove_appointment
C:\FOC\Workspace\Finished\CQ14982.md,CQ14982.md,14982,14982_art_collection,REAL_PROPERTY,82010502,A,PASS,draft_ready,,1357,true,true,true,true,14982_art_collection
C:\FOC\Workspace\Finished\CQ14985.md,CQ14985.md,14985,14985_hillside-vineyard-wall,REAL_PROPERTY,82010303,C,PASS,draft_ready,,1221,true,true,true,true,14985_hillside-vineyard-wall
C:\FOC\Workspace\Finished\CQ14986.md,CQ14986.md,14986,14986_lantern_yard_partition,REAL_PROPERTY,82010303,B,PASS,draft_ready,,1088,true,true,true,true,14986_lantern_yard_partition
C:\FOC\Workspace\Finished\CQ14987.md,CQ14987.md,14987,14987_bethany_kiln_yard,REAL_PROPERTY,82010103,C,PASS,draft_ready,,819,true,true,true,true,14987_bethany_kiln_yard
C:\FOC\Workspace\Finished\CQ14988.md,CQ14988.md,14988,14988_missionary_acreage,REAL_PROPERTY,82010301,D,PASS,draft_ready,,701,true,true,true,true,14988_missionary_acreage
C:\FOC\Workspace\Finished\CQ14989.md,CQ14989.md,14989,14989_harbor-wharves,REAL_PROPERTY,82010503,C,PASS,draft_ready,,2078,true,true,true,true,14989_harbor-wharves
C:\FOC\Workspace\Finished\CQ14990.md,CQ14990.md,14990,14990_silent-festival-parcels,REAL_PROPERTY,82010501,C,PASS,draft_ready,,1463,true,true,true,true,14990_silent-festival-parcels
C:\FOC\Workspace\Finished\CQ14993.md,CQ14993.md,14993,14993_cedar-tutoring-lot,REAL_PROPERTY,82010102,A,PASS,draft_ready,,939,true,true,true,true,14993_cedar-tutoring-lot
C:\FOC\Workspace\Finished\CQ14994.md,CQ14994.md,14994,14994_cedaracre_scripture_orchard,REAL_PROPERTY,82010201,A,PASS,draft_ready,,1072,true,true,true,true,14994_cedaracre_scripture_orchard
C:\FOC\Workspace\Finished\CQ14995.md,CQ14995.md,14995,14995_olive-press-workshop,REAL_PROPERTY,82010301,B,PASS,draft_ready,,1119,true,true,true,true,14995_olive-press-workshop
C:\FOC\Workspace\Finished\CQ14999.md,CQ14999.md,14999,14999_good-news-literacy-studio,REAL_PROPERTY,82010101,B,PASS,draft_ready,,806,true,true,true,true,14999_good-news-literacy-studio
C:\FOC\Workspace\Finished\CQ15002.md,CQ15002.md,15002,15002_condemnation-lease-church-barn,REAL_PROPERTY,81020801,C,PASS,draft_ready,,1135,true,true,true,true,15002_condemnation-lease-church-barn
C:\FOC\Workspace\Finished\CQ15003.md,CQ15003.md,15003,15003_pauls_mineral_rights,REAL_PROPERTY,00000000,A,PASS,quarantined,missing-outline,951,true,true,true,true,15003_pauls_mineral_rights
C:\FOC\Workspace\Finished\CQ15004.md,CQ15004.md,15004,15004_counterfeit_wristband_loft,REAL_PROPERTY,82010405,B,PASS,draft_ready,,752,true,true,true,true,15004_counterfeit_wristband_loft
C:\FOC\Workspace\Finished\CQ15006.md,CQ15006.md,15006,15006_bethel-ridge-vineyard,REAL_PROPERTY,82010201,A,PASS,draft_ready,,416,true,true,true,true,15006_bethel-ridge-vineyard
C:\FOC\Workspace\Finished\CQ15007.md,CQ15007.md,15007,15007_galilee_harvest_loft,REAL_PROPERTY,82010301,C,PASS,draft_ready,,1013,true,true,true,true,15007_galilee_harvest_loft
C:\FOC\Workspace\Finished\CQ15008.md,CQ15008.md,15008,15008_lydia-barnabas-excavation,REAL_PROPERTY,81020901,C,PASS,draft_ready,,783,true,true,true,true,15008_lydia-barnabas-excavation
C:\FOC\Workspace\Finished\CQ15009.md,CQ15009.md,15009,15009_scripture-print-fixtures,REAL_PROPERTY,81020603,B,PASS,draft_ready,,1084,true,true,true,true,15009_scripture-print-fixtures
C:\FOC\Workspace\Finished\CQ15011.md,CQ15011.md,15011,15011_psalm_ridge_meadow,REAL_PROPERTY,81020102,D,PASS,draft_ready,,950,true,true,true,true,15011_psalm_ridge_meadow
C:\FOC\Workspace\Finished\CQ15014.md,CQ15014.md,15014,15014,REAL_PROPERTY,81020502,D,PASS,draft_ready,,1506,true,true,true,false,15014
C:\FOC\Workspace\Finished\CQ15015.md,CQ15015.md,15015,15015_advent_lantern,REAL_PROPERTY,81020603,B,PASS,draft_ready,,787,true,true,true,true,15015_advent_lantern
C:\FOC\Workspace\Finished\CQ15016.md,CQ15016.md,15016,15016_shadowed_scriptorium,REAL_PROPERTY,81020101,B,PASS,draft_ready,,904,true,true,true,true,15016_shadowed_scriptorium
C:\FOC\Workspace\Finished\CQ15017.md,CQ15017.md,15017,15017_repair-wall,REAL_PROPERTY,81020401,C,PASS,draft_ready,,1783,true,true,true,true,15017_repair-wall
C:\FOC\Workspace\Finished\CQ15018.md,CQ15018.md,15018,15018_illumination_birdbaths,REAL_PROPERTY,81020500,B,PASS,draft_ready,,739,true,true,true,true,15018_illumination_birdbaths
C:\FOC\Workspace\Finished\CQ15019.md,CQ15019.md,15019,15019_scripture_garden_path,REAL_PROPERTY,81020500,C,PASS,draft_ready,,2419,true,true,true,true,15019_scripture_garden_path
C:\FOC\Workspace\Finished\CQ15020.md,CQ15020.md,15020,15020_bethel_grove_height_cap,REAL_PROPERTY,81020700,B,PASS,draft_ready,,503,true,true,true,true,15020_bethel_grove_height_cap
C:\FOC\Workspace\Finished\CQ15021.md,CQ15021.md,15021,15021_pageant_props_next_door,REAL_PROPERTY,81020000,D,PASS,draft_ready,,1114,true,true,true,true,15021_pageant_props_next_door
C:\FOC\Workspace\Finished\CQ15022.md,CQ15022.md,15022,15022_psalm_lane_covenant,REAL_PROPERTY,81020502,D,PASS,draft_ready,,1135,true,true,true,true,15022_psalm_lane_covenant
C:\FOC\Workspace\Finished\CQ15025.md,CQ15025.md,15025,15025_olive_path,REAL_PROPERTY,81020104,B,PASS,draft_ready,,922,true,true,true,true,15025_olive_path
C:\FOC\Workspace\Finished\CQ15026.md,CQ15026.md,15026,15026_solar-barn,REAL_PROPERTY,81020000,C,PASS,draft_ready,,1430,true,true,true,true,15026_solar-barn
C:\FOC\Workspace\Finished\CQ15027.md,CQ15027.md,15027,15027_emmaus_courtyard_fountain,REAL_PROPERTY,81020503,A,PASS,draft_ready,,1129,true,true,true,true,15027_emmaus_courtyard_fountain
C:\FOC\Workspace\Finished\CQ15029.md,CQ15029.md,15029,15029_farm-easement-prescription,REAL_PROPERTY,81020102,C,PASS,draft_ready,,867,true,true,true,true,15029_farm-easement-prescription
C:\FOC\Workspace\Finished\CQ15030.md,CQ15030.md,15030,15030_vineyard-easement,REAL_PROPERTY,81020103,B,PASS,draft_ready,,1753,true,true,true,true,15030_vineyard-easement
C:\FOC\Workspace\Finished\CQ15032.md,CQ15032.md,15032,15032_partition-vineyard-siblings,REAL_PROPERTY,82010304,C,PASS,draft_ready,,1314,true,true,true,true,15032_partition-vineyard-siblings
C:\FOC\Workspace\Finished\CQ15034.md,CQ15034.md,15034,15034_psalm_ridge_accounting_cottage,REAL_PROPERTY,81020501,C,PASS,draft_ready,,1535,true,true,true,true,15034_psalm_ridge_accounting_cottage
C:\FOC\Workspace\Finished\CQ15035.md,CQ15035.md,15035,15035_damascus_alley,REAL_PROPERTY,81020105,D,PASS,draft_ready,,941,true,true,true,true,15035_damascus_alley
C:\FOC\Workspace\Finished\CQ15036.md,CQ15036.md,15036,15036_scripture_garden_side_gate,REAL_PROPERTY,81020300,C,PASS,draft_ready,,834,true,true,true,true,15036_scripture_garden_side_gate
C:\FOC\Workspace\Finished\CQ15038.md,CQ15038.md,15038,15038_olive_grove_psalm_lane,REAL_PROPERTY,81020101,C,PASS,draft_ready,,688,true,true,true,true,15038_olive_grove_psalm_lane
C:\FOC\Workspace\Finished\CQ15039.md,CQ15039.md,15039,15039_psalm_studio_judgment,REAL_PROPERTY,84040403,A,PASS,draft_ready,,874,true,true,true,true,15039_psalm_studio_judgment
C:\FOC\Workspace\Finished\CQ15041.md,CQ15041.md,15041,15041_scripture_print_studio_lien,REAL_PROPERTY,84040000,B,PASS,draft_ready,,1068,true,true,true,true,15041_scripture_print_studio_lien
C:\FOC\Workspace\Finished\CQ15043.md,CQ15043.md,15043,15043_orchard_deed_after_memorial,REAL_PROPERTY,84040203,B,PASS,draft_ready,,1027,true,true,true,true,15043_orchard_deed_after_memorial
C:\FOC\Workspace\Finished\CQ15044.md,CQ15044.md,15044,15044_prayer_garden_dead_grantee,REAL_PROPERTY,84040203,B,PASS,draft_ready,,1189,true,true,true,true,15044_prayer_garden_dead_grantee
C:\FOC\Workspace\Finished\CQ15045.md,CQ15045.md,15045,15045_deed-delivery-presumption,REAL_PROPERTY,84040203,C,PASS,draft_ready,,1486,true,true,true,true,15045_deed-delivery-presumption
C:\FOC\Workspace\Finished\CQ15046.md,CQ15046.md,15046,15046_lakeside_cottage_deed_handoff,REAL_PROPERTY,84040203,C,PASS,draft_ready,,1050,true,true,true,true,15046_lakeside_cottage_deed_handoff
C:\FOC\Workspace\Finished\CQ15049.md,CQ15049.md,15049,15049_emmaus_recording_loft,REAL_PROPERTY,84040300,D,PASS,draft_ready,,859,true,true,true,true,15049_emmaus_recording_loft
C:\FOC\Workspace\Finished\CQ15050.md,CQ15050.md,15050,15050_bfp-judgment-lien-vineyard,REAL_PROPERTY,84040403,C,PASS,draft_ready,,1746,true,true,true,true,15050_bfp-judgment-lien-vineyard
C:\FOC\Workspace\Finished\CQ15051.md,CQ15051.md,15051,15051_tent-village-mortgage,REAL_PROPERTY,83050000,B,PASS,draft_ready,,751,true,true,true,true,15051_tent-village-mortgage
C:\FOC\Workspace\Finished\CQ15052.md,CQ15052.md,15052,15052_psalm_path,REAL_PROPERTY,85030400,B,PASS,draft_ready,,575,true,true,true,true,15052_psalm_path
C:\FOC\Workspace\Finished\CQ15054.md,CQ15054.md,15054,15054_sparrowfield_retreat,REAL_PROPERTY,84040103,B,PASS,draft_ready,,732,true,true,true,true,15054_sparrowfield_retreat
C:\FOC\Workspace\Finished\CQ15059.md,CQ15059.md,15059,15059_widows_orchard_warranty,REAL_PROPERTY,84040205,A,PASS,draft_ready,,1443,true,true,true,true,15059_widows_orchard_warranty
C:\FOC\Workspace\Finished\CQ15060.md,CQ15060.md,15060,15060_scriptorium_storefront_mortgage,REAL_PROPERTY,84040406,B,PASS,draft_ready,,1563,true,true,true,true,15060_scriptorium_storefront_mortgage
C:\FOC\Workspace\Finished\CQ15062.md,CQ15062.md,15062,15062_esthers_gravel_lane,REAL_PROPERTY,84040404,B,PASS,draft_ready,,1273,true,true,true,true,15062_esthers_gravel_lane
C:\FOC\Workspace\Finished\CQ15065.md,CQ15065.md,15065,15065_manna-meal-bakers-deed,REAL_PROPERTY,84040201,C,PASS,draft_ready,,1280,true,true,true,true,15065_manna-meal-bakers-deed
C:\FOC\Workspace\Finished\CQ15067.md,CQ15067.md,15067,15067_scripture_memory_garden,REAL_PROPERTY,84040101,A,PASS,draft_ready,,1264,true,true,true,true,15067_scripture_memory_garden
C:\FOC\Workspace\Finished\CQ15068.md,CQ15068.md,15068,15068_jubilee_yard,REAL_PROPERTY,84040201,B,PASS,draft_ready,,1168,true,true,true,true,15068_jubilee_yard
C:\FOC\Workspace\Finished\CQ15074.md,CQ15074.md,15074,15074_forged-deed-church-parcel,REAL_PROPERTY,84040208,C,PASS,draft_ready,,899,true,true,true,true,15074_forged-deed-church-parcel
C:\FOC\Workspace\Finished\CQ15075.md,CQ15075.md,15075,15075_bethany_orchard_race_notice,REAL_PROPERTY,84040406,B,PASS,draft_ready,,880,true,true,true,true,15075_bethany_orchard_race_notice
C:\FOC\Workspace\Finished\CQ15076.md,CQ15076.md,15076,15076_scripture_greenhouse_lot,REAL_PROPERTY,84040103,D,PASS,draft_ready,,1367,true,true,true,true,15076_scripture_greenhouse_lot
C:\FOC\Workspace\Finished\CQ15080.md,CQ15080.md,15080,15080_coastal_wedding_venue,REAL_PROPERTY,84040206,A,PASS,draft_ready,,822,true,true,true,true,15080_coastal_wedding_venue
C:\FOC\Workspace\Finished\CQ15081.md,CQ15081.md,15081,15081_cedar_ridge_apiary_notice,REAL_PROPERTY,84040404,B,PASS,draft_ready,,1164,true,true,true,true,15081_cedar_ridge_apiary_notice
C:\FOC\Workspace\Finished\CQ15087.md,CQ15087.md,15087,15087_barnabas-storehouse,TORTS,64010201,B,PASS,draft_ready,,512,true,true,true,true,15087_barnabas-storehouse
C:\FOC\Workspace\Finished\CQ15088.md,CQ15088.md,15088,15088_christian-dog-park,TORTS,64010202,C,PASS,draft_ready,,435,true,true,true,true,15088_christian-dog-park
C:\FOC\Workspace\Finished\CQ15091.md,CQ15091.md,15091,15091_debt-collector-dog-breeder,TORTS,64010104,C,PASS,draft_ready,,1287,true,true,true,true,15091_debt-collector-dog-breeder
C:\FOC\Workspace\Finished\CQ15097.md,CQ15097.md,15097,15097_sleeping-apprehension,TORTS,64010101,C,PASS,draft_ready,,1236,true,true,true,true,15097_sleeping-apprehension
C:\FOC\Workspace\Finished\CQ15098.md,CQ15098.md,15098,15098_christian-bus-vicarious,TORTS,62060100,C,PASS,draft_ready,,620,true,true,true,true,15098_christian-bus-vicarious
C:\FOC\Workspace\Finished\CQ15100.md,CQ15100.md,15100,15100_naomi-pickup,TORTS,64010203,C,PASS,draft_ready,,591,true,true,true,true,15100_naomi-pickup
C:\FOC\Workspace\Finished\CQ15111.md,CQ15111.md,15111,15111_gideon-repair-shed,TORTS,62060203,C,PASS,draft_ready,,1335,true,true,true,true,15111_gideon-repair-shed
C:\FOC\Workspace\Finished\CQ15123.md,CQ15123.md,15123,15123_christian-bookstore-locked,TORTS,64010103,A,PASS,draft_ready,,716,true,true,true,true,15123_christian-bookstore-locked
C:\FOC\Workspace\Finished\CQ15131.md,CQ15131.md,15131,15131_indivisible-harm,TORTS,62060201,C,PASS,draft_ready,,1613,true,true,true,true,15131_indivisible-harm
C:\FOC\Workspace\Finished\CQ15135.md,CQ15135.md,15135,15135_galilee_rooftop_macaw,TORTS,61020202,B,PASS,draft_ready,,610,true,true,true,true,15135_galilee_rooftop_macaw
C:\FOC\Workspace\Finished\CQ15151.md,CQ15151.md,15151,15151_retreat_courtyard_culverts,TORTS,61020401,B,PASS,draft_ready,,631,true,true,true,true,15151_retreat_courtyard_culverts
C:\FOC\Workspace\Finished\CQ15197.md,CQ15197.md,15197,15197_christian_calligraphy_cart,TORTS,61020203,A,PASS,draft_ready,,611,true,true,true,true,15197_christian_calligraphy_cart
C:\FOC\Workspace\Finished\CQ15209.md,CQ15209.md,15209,15209_esther_cookie_cart_nps,TORTS,61020302,B,PASS,draft_ready,,781,true,true,true,true,15209_esther_cookie_cart_nps
C:\FOC\Workspace\Finished\CQ15238.md,CQ15238.md,15238,15238_church-fireworks-timothy,TORTS,63040300,B,PASS,draft_ready,,628,true,true,true,true,15238_church-fireworks-timothy
C:\FOC\Workspace\Finished\CQ15239.md,CQ15239.md,15239,15239_auctioneer-tractor,TORTS,63030400,B,PASS,draft_ready,,1166,true,true,true,true,15239_auctioneer-tractor
C:\FOC\Workspace\Finished\CQ15260.md,CQ15260.md,15260,15260_creation_lantern_flare,TORTS,63030100,B,PASS,draft_ready,,925,true,true,true,true,15260_creation_lantern_flare
C:\FOC\Workspace\Finished\CQ16000_scribes_loft_warrant.md,CQ16000_scribes_loft_warrant.md,16000,16000_scribes_loft_warrant,CRIMINAL,75070201,A,PASS,draft_ready,,1651,true,true,true,true,16000_scribes_loft_warrant
C:\FOC\Workspace\Finished\CQ16001.md,CQ16001.md,16001,16001_seminary_baggage_claim,CRIMINAL,75070202,D,PASS,draft_ready,,617,true,true,true,true,16001_seminary_baggage_claim
C:\FOC\Workspace\Finished\CQ16003.md,CQ16003.md,16003,16003_four_motions,CRIMINAL,75070202,B,PASS,draft_ready,,18262,true,true,true,true,16003_four_motions
C:\FOC\Workspace\Finished\CQ16004.md,CQ16004.md,16004,16004_church_picnic_lantern,CRIMINAL,73030100,C,PASS,draft_ready,,638,true,true,true,true,16004_church_picnic_lantern
C:\FOC\Workspace\Finished\CQ16006.md,CQ16006.md,16006,16006_retreat_name-badge_pin,CRIMINAL,73030100,C,PASS,draft_ready,,573,true,true,true,true,16006_retreat_name-badge_pin
C:\FOC\Workspace\Finished\CQ16007.md,CQ16007.md,16007,16007_youth-retreat-tonic,CRIMINAL,73020700,D,PASS,draft_ready,,1576,true,true,true,true,16007_youth-retreat-tonic
C:\FOC\Workspace\Finished\CQ16011.md,CQ16011.md,16011,16011_gethsemane_intent,CRIMINAL,71040300,C,PASS,quarantined,tiny-stem,96,true,true,true,true,16011_gethsemane_intent
C:\FOC\Workspace\Finished\CQ16012.md,CQ16012.md,16012,16012_stolen-flock,CRIMINAL,75080200,D,PASS,draft_ready,,923,true,true,true,true,16012_stolen-flock
C:\FOC\Workspace\Finished\CQ16019.md,CQ16019.md,16019,16019_attempt-jonah,CRIMINAL,73020200,C,PASS,quarantined,missing-c3-annotation; missing-components; missing-program-intelligence,827,false,false,false,false,16019_attempt-jonah
C:\FOC\Workspace\Finished\CQ16021.md,CQ16021.md,16021,16021_motorboat-sinker-stephen,CRIMINAL,74020102,B,PASS,draft_ready,,984,true,true,true,true,16021_motorboat-sinker-stephen
C:\FOC\Workspace\Finished\CQ16022.md,CQ16022.md,16022,16022_baptismal_release,CRIMINAL,72010301,C,PASS,draft_ready,,1334,true,true,true,true,16022_baptismal_release
C:\FOC\Workspace\Finished\CQ16025.md,CQ16025.md,16025,16025_calligraphy_studio,CRIMINAL,72060201,B,PASS,draft_ready,,260,true,true,true,true,16025_calligraphy_studio
C:\FOC\Workspace\Finished\CQ16028.md,CQ16028.md,16028,16028_lydia_holy_cloth,CRIMINAL,73030300,A,PASS,draft_ready,,1170,true,true,true,true,16028_lydia_holy_cloth
C:\FOC\Workspace\Finished\CQ16031.md,CQ16031.md,16031,16031_prayer_room_bookshelf,CRIMINAL,73030500,C,PASS,draft_ready,,604,true,true,true,true,16031_prayer_room_bookshelf
C:\FOC\Workspace\Finished\CQ16032.md,CQ16032.md,16032,16032_solomon_treasurer_vote,CRIMINAL,74020102,B,PASS,draft_ready,,785,true,true,true,true,16032_solomon_treasurer_vote
C:\FOC\Workspace\Finished\CQ16036.md,CQ16036.md,16036,16036_farm-homecoming-manslaughter,CRIMINAL,74020102,D,PASS,draft_ready,,861,true,true,true,true,16036_farm-homecoming-manslaughter
C:\FOC\Workspace\Finished\CQ16039.md,CQ16039.md,16039,16039_priscilla-heater-valve,CRIMINAL,74020102,B,PASS,draft_ready,,1025,true,true,true,true,16039_priscilla-heater-valve
C:\FOC\Workspace\Finished\CQ16042.md,CQ16042.md,16042,,,,,,quarantined,NO_BLOCK1_YAML; missing-key; missing-outline; missing-c3-annotation; missing-components; missing-program-intelligence; not-sql-emitted,,false,false,false,false,
C:\FOC\Workspace\Finished\CQ16044.md,CQ16044.md,16044,16044_barnabas_haul,CRIMINAL,74020101,B,PASS,draft_ready,,829,true,true,true,true,16044_barnabas_haul
C:\FOC\Workspace\Finished\CQ16045.md,CQ16045.md,16045,16045_christian-tutor-bribery,CRIMINAL,72050300,C,PASS,draft_ready,,1043,true,true,true,true,16045_christian-tutor-bribery
C:\FOC\Workspace\Finished\CQ16047.md,CQ16047.md,16047,16047_cat_sitter_fireworks_crate,CRIMINAL,73030100,C,PASS,draft_ready,,951,true,true,true,true,16047_cat_sitter_fireworks_crate
C:\FOC\Workspace\Finished\CQ16059.md,CQ16059.md,16059,16059_mission_airfield_dual_sovereigns,CRIMINAL,75080403,B,PASS,draft_ready,,571,true,true,true,true,16059_mission_airfield_dual_sovereigns
C:\FOC\Workspace\Finished\CQ16061.md,CQ16061.md,16061,16061_retreat_lake_unlicensed_boat,CRIMINAL,74020102,A,PASS,draft_ready,,798,true,true,true,true,16061_retreat_lake_unlicensed_boat
C:\FOC\Workspace\Finished\CQ16063.md,CQ16063.md,16063,16063_fishing_death,CRIMINAL,74020101,D,PASS,draft_ready,,725,true,true,true,true,16063_fishing_death
C:\FOC\Workspace\Finished\CQ16065.md,CQ16065.md,16065,16065_hymn_archive_provocation,CRIMINAL,74020102,B,PASS,draft_ready,,700,true,true,true,true,16065_hymn_archive_provocation
C:\FOC\Workspace\Finished\CQ16067.md,CQ16067.md,16067,16067,CRIMINAL,73030900,C,PASS,draft_ready,,1222,true,true,true,true,16067
C:\FOC\Workspace\Finished\CQ16070.md,CQ16070.md,16070,16070,CRIMINAL,72060100,A,PASS,quarantined,NO_STEM; tiny-stem; not-sql-emitted,0,true,true,true,false,
C:\FOC\Workspace\Finished\CQ16073.md,CQ16073.md,16073,16073_digital_piano_inventory,CRIMINAL,73030100,C,PASS,draft_ready,,828,true,true,true,true,16073_digital_piano_inventory
C:\FOC\Workspace\Finished\CQ16081.md,CQ16081.md,16081,16081_vineyard-fire,CRIMINAL,75080401,B,PASS,draft_ready,,966,true,true,true,true,16081_vineyard-fire
C:\FOC\Workspace\Finished\CQ16085.md,CQ16085.md,16085,16085_church-thrift-variant,CRIMINAL,73020500,A,PASS,draft_ready,,708,true,true,true,true,16085_church-thrift-variant
C:\FOC\Workspace\Finished\CQ16087.md,CQ16087.md,16087,16087_scribes_scroll,CRIMINAL,73030900,B,PASS,draft_ready,,853,true,true,true,true,16087_scribes_scroll
C:\FOC\Workspace\Finished\CQ16093.md,CQ16093.md,16093,16093_christian_publishing_flash_drive,CRIMINAL,75080400,B,PASS,draft_ready,,637,true,true,true,true,16093_christian_publishing_flash_drive
C:\FOC\Workspace\Finished\CQ16099.md,CQ16099.md,16099,16099_calligraphy_cubby_cash,CRIMINAL,73030100,C,PASS,draft_ready,,758,true,true,true,true,16099_calligraphy_cubby_cash
C:\FOC\Workspace\Finished\CQ16100.md,CQ16100.md,16100,16100_beekeepers_end,CRIMINAL,74020101,B,PASS,draft_ready,,1040,true,true,true,true,16100_beekeepers_end
C:\FOC\Workspace\Finished\CQ16105.md,CQ16105.md,16105,16105_parking-variance,CRIMINAL,75080400,B,PASS,draft_ready,,912,true,true,true,true,16105_parking-variance
C:\FOC\Workspace\Finished\CQ16112.md,CQ16112.md,16112,16112_retreat_page-marker,CRIMINAL,73030100,D,PASS,draft_ready,,545,true,true,true,true,16112_retreat_page-marker
C:\FOC\Workspace\Finished\CQ16114.md,CQ16114.md,16114,16114_camp-silence,CRIMINAL,72050200,C,PASS,draft_ready,,661,true,true,true,true,16114_camp-silence
C:\FOC\Workspace\Finished\CQ16120.md,CQ16120.md,16120,16120_farmhouse-firearms-suppress,CRIMINAL,75100000,C,PASS,draft_ready,,2138,true,true,true,true,16120_farmhouse-firearms-suppress
C:\FOC\Workspace\Finished\CQ16123.md,CQ16123.md,16123,16123_peter_gospel_trivia_getaway,CRIMINAL,74020102,C,PASS,draft_ready,,1054,true,true,true,true,16123_peter_gospel_trivia_getaway
C:\FOC\Workspace\Finished\CQ16127.md,CQ16127.md,16127,16127_stewardship_bomb,CRIMINAL,72010400,C,PASS,draft_ready,,512,true,true,true,true,16127_stewardship_bomb
C:\FOC\Workspace\Finished\CQ16131.md,CQ16131.md,16131,16131_peters_gale,CRIMINAL,72010301,A,PASS,draft_ready,,1013,true,true,true,true,16131_peters_gale
C:\FOC\Workspace\Finished\CQ16137.md,CQ16137.md,16137,16137_retreat-shuttle-line,CRIMINAL,72050200,D,PASS,draft_ready,,451,true,true,true,true,16137_retreat-shuttle-line
C:\FOC\Workspace\Finished\CQ16147.md,CQ16147.md,16147,16147_christian_supply,CRIMINAL,73031000,A,PASS,draft_ready,,1455,true,true,true,true,16147_christian_supply
C:\FOC\Workspace\Finished\CQ16150.md,CQ16150.md,16150,16150_lake_retreat_certificate,CRIMINAL,74020102,B,PASS,draft_ready,,499,true,true,true,true,16150_lake_retreat_certificate
C:\FOC\Workspace\Finished\CQ16158.md,CQ16158.md,16158,16158,CRIMINAL,73030200,B,PASS,quarantined,NO_CALL; tiny-stem; not-sql-emitted,100,true,true,true,false,
C:\FOC\Workspace\Finished\CQ16160_christian_variant.md,CQ16160_christian_variant.md,,,,,,,quarantined,NO_BLOCK1_YAML; missing-key; missing-outline; missing-c3-annotation; missing-components; missing-program-intelligence; not-sql-emitted,,false,false,false,false,
C:\FOC\Workspace\Finished\CQ16161.md,CQ16161.md,16161,16161_festival_tablets,CRIMINAL,72060104,C,PASS,draft_ready,,600,true,true,true,true,16161_festival_tablets
C:\FOC\Workspace\Finished\CQ16163.md,CQ16163.md,16163,,,,,,quarantined,NO_BLOCK1_YAML; missing-key; missing-outline; missing-c3-annotation; missing-components; missing-program-intelligence; not-sql-emitted,,false,false,false,false,
C:\FOC\Workspace\Finished\CQ16166.md,CQ16166.md,16166,16166_advent_bookstore_voice,CRIMINAL,74020101,B,PASS,draft_ready,,824,true,true,true,true,16166_advent_bookstore_voice
C:\FOC\Workspace\Finished\CQ16168.md,CQ16168.md,16168,16168_ruth-church-basement,CRIMINAL,73031000,B,PASS,quarantined,CHOICES=[]; not-sql-emitted,672,true,true,true,true,
C:\FOC\Workspace\Finished\CQ16169.md,CQ16169.md,16169,,,,,,quarantined,NO_BLOCK1_YAML; missing-key; missing-outline; missing-c3-annotation; missing-components; missing-program-intelligence; not-sql-emitted,,false,false,false,false,
C:\FOC\Workspace\Finished\CQ16172.md,CQ16172.md,16172,16172_chapel_bookstore_lineup,CRIMINAL,75090400,B,PASS,draft_ready,,790,true,true,true,true,16172_chapel_bookstore_lineup
C:\FOC\Workspace\Finished\CQ16173.md,CQ16173.md,16173,16173_jury-verdict-book-booth,CRIMINAL,75090100,B,PASS,draft_ready,,929,true,true,true,true,16173_jury-verdict-book-booth
C:\FOC\Workspace\Finished\CQ16176.md,CQ16176.md,16176,16176_daniel_bookstore_mistrial,CRIMINAL,75080404,C,PASS,draft_ready,,749,true,true,true,true,16176_daniel_bookstore_mistrial
C:\FOC\Workspace\Finished\CQ16179.md,CQ16179.md,16179,16179_bible_bookstore_faretta_warning,CRIMINAL,75090400,B,PASS,draft_ready,,876,true,true,true,true,16179_bible_bookstore_faretta_warning
C:\FOC\Workspace\Finished\CQ16181.md,CQ16181.md,16181,16181_border-flock-dual-sovereignty,CRIMINAL,75080403,C,PASS,draft_ready,,764,true,true,true,true,16181_border-flock-dual-sovereignty
C:\FOC\Workspace\Finished\CQ16182.md,CQ16182.md,16182,16182_tabithas_tithing,CRIMINAL,75070202,C,PASS,draft_ready,,1333,true,true,true,true,16182_tabithas_tithing
C:\FOC\Workspace\Finished\CQ16184.md,CQ16184.md,16184,,,,,,quarantined,NO_BLOCK1_YAML; missing-key; missing-outline; missing-c3-annotation; missing-components; missing-program-intelligence; not-sql-emitted,,false,false,false,false,
C:\FOC\Workspace\Finished\CQ16185.md,CQ16185.md,16185,16185_bookmobile_carjacking,CRIMINAL,75110100,B,PASS,draft_ready,,476,true,true,true,true,16185_bookmobile_carjacking
C:\FOC\Workspace\Finished\CQ16187.md,CQ16187.md,16187,,,,,,quarantined,BLOCK1_UNPARSEABLE; missing-key; missing-outline; missing-c3-annotation; missing-components; missing-program-intelligence; not-sql-emitted,,false,false,false,false,
C:\FOC\Workspace\Finished\CQ16198.md,CQ16198.md,16198,16198_farmhouse-mission-robbery,CRIMINAL,75070100,B,PASS,draft_ready,,1174,true,true,true,true,16198_farmhouse-mission-robbery
C:\FOC\Workspace\Finished\CQ16202.md,CQ16202.md,16202,16202_mission_fund_theft,CRIMINAL,75100000,A,PASS,draft_ready,,515,true,true,true,true,16202_mission_fund_theft
C:\FOC\Workspace\Finished\CQ17001.md,CQ17001.md,17001,17001_psalm_lavender,CONTRACTS,55010101,C,PASS,draft_ready,,361,true,true,true,true,17001_psalm_lavender
C:\FOC\Workspace\Finished\CQ17006.md,CQ17006.md,17006,17006_barnabas-boatworks,CIVIL_PROCEDURE,94020201,D,PASS,draft_ready,,736,true,true,true,true,17006_barnabas-boatworks
C:\FOC\Workspace\Finished\CQ17007.md,CQ17007.md,17007,17007_contract-rights-assign-discharge,CONTRACTS,53070200,C,PASS,draft_ready,,1023,true,true,true,true,17007_contract-rights-assign-discharge
C:\FOC\Workspace\Finished\CQ17012.md,CQ17012.md,17012,17012_restitution-vs-reliance,CONTRACTS,51060102,C,PASS,draft_ready,,937,true,true,true,true,17012_restitution-vs-reliance
C:\FOC\Workspace\Finished\CQ17015.md,CQ17015.md,17015,,,,,,quarantined,NO_BLOCK1_YAML; missing-key; missing-outline; missing-c3-annotation; missing-components; missing-program-intelligence; not-sql-emitted,,false,false,false,false,
C:\FOC\Workspace\Finished\CQ17017.md,CQ17017.md,17017,17017_missionary-trust-variant,EVIDENCE,31010103,A,PASS,draft_ready,,875,true,true,true,true,17017_missionary-trust-variant
C:\FOC\Workspace\Finished\CQ17018.md,CQ17018.md,17018,17018_youth_dodgeball_consent,TORTS,64010400,C,PASS,draft_ready,,309,true,true,true,true,17018_youth_dodgeball_consent
C:\FOC\Workspace\Finished\CQ17023.md,CQ17023.md,17023,17023_antioch-memo,CIVIL_PROCEDURE,95070403,B,PASS,draft_ready,,1010,true,true,true,true,17023_antioch-memo
C:\FOC\Workspace\Finished\CQ17025.md,CQ17025.md,17025,17025_esther-printing-shop,CRIMINAL,75070100,C,PASS,draft_ready,,758,true,true,true,true,17025_esther-printing-shop
C:\FOC\Workspace\Finished\CQ17026.md,CQ17026.md,17026,17026_manger_prop_bundles,CONTRACTS,52040300,C,PASS,draft_ready,,767,true,true,true,false,17026_manger_prop_bundles
C:\FOC\Workspace\Finished\CQ17027.md,CQ17027.md,17027,17027_heritage_plow_fraud,CIVIL_PROCEDURE,96060100,C,PASS,draft_ready,,862,true,true,true,true,17027_heritage_plow_fraud
C:\FOC\Workspace\Finished\CQ17028.md,CQ17028.md,17028,17028_misfiled_retreat_offer,CRIMINAL,75090400,C,PASS,draft_ready,,512,true,true,true,true,17028_misfiled_retreat_offer
C:\FOC\Workspace\Finished\CQ17034.md,CQ17034.md,17034,17034_church-mercy-ministry-trauma-notice,CIVIL_PROCEDURE,95070401,C,,draft_ready,,1441,true,true,true,true,17034_church-mercy-ministry-trauma-notice
C:\FOC\Workspace\Finished\CQ17037.md,CQ17037.md,17037,17037_v1,CONTRACTS,51060304,C,PASS,draft_ready,,552,true,true,true,true,17037_v1
C:\FOC\Workspace\Finished\CQ17044.md,CQ17044.md,17044,17044_goat-lily,TORTS,63040200,C,PASS,draft_ready,,700,true,true,true,true,17044_goat-lily
C:\FOC\Workspace\Finished\CQ17045.md,CQ17045.md,17045,17045_scripture_banner_cloth,EVIDENCE,32020801,B,PASS,quarantined,missing-c3-annotation; missing-components; missing-program-intelligence,1511,false,false,false,true,17045_scripture_banner_cloth
C:\FOC\Workspace\Finished\CQ17052.md,CQ17052.md,17052,17052_depraved-anton,CRIMINAL,72050200,A,PASS,draft_ready,,541,true,true,true,true,17052_depraved-anton
C:\FOC\Workspace\Finished\CQ17058.md,CQ17058.md,17058,17058_advent_honey_parcel,REAL_PROPERTY,84040201,B,PASS,draft_ready,,496,true,true,true,false,17058_advent_honey_parcel
C:\FOC\Workspace\Finished\CQ17063.md,CQ17063.md,17063,,,,,,quarantined,BLOCK1_UNPARSEABLE; missing-key; missing-outline; missing-c3-annotation; missing-components; missing-program-intelligence; not-sql-emitted,,false,false,false,false,
C:\FOC\Workspace\Finished\CQ17074.md,CQ17074.md,17074,17074_conference_espresso_trailer,CONTRACTS,56050101,B,PASS,draft_ready,,549,true,true,true,true,17074_conference_espresso_trailer
C:\FOC\Workspace\Finished\CQ17077.md,CQ17077.md,17077,17077_lakeside_bible_retreat_cabin,REAL_PROPERTY,82010103,B,PASS,draft_ready,,354,true,true,true,true,17077_lakeside_bible_retreat_cabin
C:\FOC\Workspace\Finished\CQ17084.md,CQ17084.md,17084,17084_five_loaves_bank_records,CRIMINAL,75070200,B,PASS,draft_ready,,683,true,true,true,false,17084_five_loaves_bank_records
C:\FOC\Workspace\Finished\CQ17086.md,CQ17086.md,17086,17086_bible_coffee_cart_annulment,EVIDENCE,31010504,A,PASS,draft_ready,,410,true,true,true,true,17086_bible_coffee_cart_annulment
C:\FOC\Workspace\Finished\CQ17088.md,CQ17088.md,17088,17088_hymn_press_message_thread,EVIDENCE,31010105,C,PASS,draft_ready,,625,true,true,true,true,17088_hymn_press_message_thread
C:\FOC\Workspace\Finished\CQ17089.md,CQ17089.md,17089,17089_gospel_vendor_permit,EVIDENCE,32020700,A,PASS,draft_ready,,416,true,true,true,true,17089_gospel_vendor_permit
C:\FOC\Workspace\Finished\CQ17091.md,CQ17091.md,17091,,,,,,quarantined,NO_BLOCK1_YAML; missing-key; missing-outline; missing-c3-annotation; missing-components; missing-program-intelligence; not-sql-emitted,,false,false,false,false,
C:\FOC\Workspace\Finished\CQ17097.md,CQ17097.md,17097,17097_pastor-daniel-gun-variant,CRIMINAL,74020101,C,PASS,draft_ready,,1075,true,true,true,true,17097_pastor-daniel-gun-variant
C:\FOC\Workspace\Finished\CQ17098.md,CQ17098.md,17098,17098_barnabas_copyright_bench,EVIDENCE,31010401,A,PASS,draft_ready,,588,true,true,true,true,17098_barnabas_copyright_bench
C:\FOC\Workspace\Finished\CQ17102.md,CQ17102.md,17102,17102_paul_bookstore_screwdriver,EVIDENCE,31010104,C,PASS,draft_ready,,440,true,true,true,true,17102_paul_bookstore_screwdriver
C:\FOC\Workspace\Finished\CQ17106.md,CQ17106.md,17106,17106_scripture_mural_subpoena,EVIDENCE,35030205,C,PASS,draft_ready,,639,true,true,true,true,17106_scripture_mural_subpoena
C:\FOC\Workspace\Finished\CQ17110.md,CQ17110.md,17110,17110_sticker_press_guaranty,CONTRACTS,55010200,D,PASS,draft_ready,,410,true,true,true,true,17110_sticker_press_guaranty
C:\FOC\Workspace\Finished\CQ17111.md,CQ17111.md,17111,17111_parish_newsletter_republication,TORTS,62050401,C,PASS,draft_ready,,691,true,true,true,true,17111_parish_newsletter_republication
C:\FOC\Workspace\Finished\CQ17112.md,CQ17112.md,17112,17112_peter-guitar-lesson,CONTRACTS,55020101,B,PASS,draft_ready,,857,true,true,true,true,17112_peter-guitar-lesson
C:\FOC\Workspace\Finished\CQ17113.md,CQ17113.md,17113,17113_pottery-studio,CONTRACTS,51060304,C,PASS,draft_ready,,837,true,true,true,true,17113_pottery-studio
C:\FOC\Workspace\Finished\CQ17114.md,CQ17114.md,17114,17114_farmstand_excessive_fine,CONSTITUTIONAL_LAW,44040201,C,PASS,draft_ready,,865,true,true,true,true,17114_farmstand_excessive_fine
C:\FOC\Workspace\Finished\CQ17117.md,CQ17117.md,17117,17117_day_school_playground_jmol,CIVIL_PROCEDURE,92080202,B,PASS,draft_ready,,928,true,true,true,true,17117_day_school_playground_jmol
C:\FOC\Workspace\Finished\CQ17134.md,CQ17134.md,17134,17134_church_picnic_lantern,EVIDENCE,31010102,C,PASS,draft_ready,,435,true,true,true,true,17134_church_picnic_lantern
C:\FOC\Workspace\Finished\CQ17140.md,CQ17140.md,17140,17140_paul_discrimination_email,EVIDENCE,31010501,A,PASS,draft_ready,,530,true,true,true,true,17140_paul_discrimination_email
C:\FOC\Workspace\Finished\CQ17151.md,CQ17151.md,17151,17151_carol_program,CRIMINAL,72060101,B,PASS,draft_ready,,497,true,true,true,false,17151_carol_program
C:\FOC\Workspace\Finished\CQ17157.md,CQ17157.md,17157,17157_vocational-rehab,CONSTITUTIONAL_LAW,44040300,C,PASS,draft_ready,,851,true,true,true,true,17157_vocational-rehab
C:\FOC\Workspace\Finished\CQ17163.md,CQ17163.md,17163,17163_permit_fee_ledger,CONSTITUTIONAL_LAW,44040203,C,PASS,draft_ready,,647,true,true,true,true,17163_permit_fee_ledger
C:\FOC\Workspace\Finished\CQ17167.md,CQ17167.md,17167,17167_manger_lights_portal,CONSTITUTIONAL_LAW,42010104,A,PASS,draft_ready,,428,true,true,true,true,17167_manger_lights_portal
C:\FOC\Workspace\Finished\CQ17168.md,CQ17168.md,17168,17168_farmhouse-retreat,CRIMINAL,75070200,C,PASS,draft_ready,,626,true,true,true,true,17168_farmhouse-retreat
C:\FOC\Workspace\Finished\CQ17170.md,CQ17170.md,17170,17170_good_samaritan_shelter_remedy,CONSTITUTIONAL_LAW,44040303,C,PASS,draft_ready,,450,true,true,true,true,17170_good_samaritan_shelter_remedy
C:\FOC\Workspace\Finished\CQ17173.md,CQ17173.md,17173,17173_road_to_emmaus_puzzle_quest,CONTRACTS,51060101,C,PASS,draft_ready,,508,true,true,true,false,17173_road_to_emmaus_puzzle_quest
C:\FOC\Workspace\Finished\CQ17179.md,CQ17179.md,17179,17179_potluck_lot_rear_end,CIVIL_PROCEDURE,95070301,A,PASS,draft_ready,,338,true,true,true,true,17179_potluck_lot_rear_end
C:\FOC\Workspace\Finished\CQ17181.md,CQ17181.md,17181,17181_galilee-fishing-fre615,EVIDENCE,31010401,C,PASS,draft_ready,,442,true,true,true,true,17181_galilee-fishing-fre615
C:\FOC\Workspace\Finished\CQ17183.md,CQ17183.md,17183,17183_scripture_calligraphy_display_cases,REAL_PROPERTY,81020101,D,PASS,draft_ready,,343,true,true,true,true,17183_scripture_calligraphy_display_cases
C:\FOC\Workspace\Finished\CQ17186.md,CQ17186.md,17186,17186_choir_flashlight,CRIMINAL,72060201,B,PASS,draft_ready,,545,true,true,true,true,17186_choir_flashlight
C:\FOC\Workspace\Finished\CQ17187.md,CQ17187.md,17187,17187_antioch_hook,CRIMINAL,73031000,B,PASS,draft_ready,,430,true,true,true,true,17187_antioch_hook
C:\FOC\Workspace\Finished\CQ17194.md,CQ17194.md,17194,17194_wedding_album,EVIDENCE,35030302,B,PASS,draft_ready,,910,true,true,true,true,17194_wedding_album
C:\FOC\Workspace\Finished\CQ17196.md,CQ17196.md,17196,17196_winepress-lever,CRIMINAL,75090400,A,PASS,draft_ready,,829,true,true,true,true,17196_winepress-lever
C:\FOC\Workspace\Finished\CQ17205.md,CQ17205.md,17205,17205_chapel_projector_case,CRIMINAL,73030100,C,PASS,draft_ready,,376,true,true,true,true,17205_chapel_projector_case
C:\FOC\Workspace\Finished\CQ17209.md,CQ17209.md,17209,17209_stewardship_cooler,TORTS,61020102,C,PASS,draft_ready,,564,true,true,true,true,17209_stewardship_cooler
C:\FOC\Workspace\Finished\CQ17220.md,CQ17220.md,17220,17220_chapel_robes_notice,EVIDENCE,31010102,C,PASS,draft_ready,,345,true,true,true,true,17220_chapel_robes_notice
C:\FOC\Workspace\Finished\CQ17225.md,CQ17225.md,17225,17225_midnight_utility_fraud,CRIMINAL,73031000,D,PASS,draft_ready,,301,true,true,true,true,17225_midnight_utility_fraud
C:\FOC\Workspace\Finished\CQ17226.md,CQ17226.md,17226,17226_cookbook_libel,CIVIL_PROCEDURE,94020303,C,PASS,draft_ready,,771,true,true,true,true,17226_cookbook_libel
C:\FOC\Workspace\Finished\CQ17228.md,CQ17228.md,17228,17228_harvest_supper_lay_intoxication,EVIDENCE,31010202,C,PASS,draft_ready,,357,true,true,true,true,17228_harvest_supper_lay_intoxication
C:\FOC\Workspace\Finished\CQ17231.md,CQ17231.md,17231,17231_ruth_watch,CONTRACTS,55010200,B,PASS,draft_ready,,792,true,true,true,true,17231_ruth_watch
C:\FOC\Workspace\Finished\CQ17233.md,CQ17233.md,17233,17233_galilee_charter_sailing,EVIDENCE,31010102,B,PASS,draft_ready,,453,true,true,true,true,17233_galilee_charter_sailing
C:\FOC\Workspace\Finished\CQ17236.md,CQ17236.md,17236,17236_wellness_visit_revocation,TORTS,64010400,C,PASS,draft_ready,,352,true,true,true,true,17236_wellness_visit_revocation
C:\FOC\Workspace\Finished\CQ17251.md,CQ17251.md,17251,17251_manna_heat_chili_cookoff,EVIDENCE,31010502,A,PASS,draft_ready,,543,true,true,true,true,17251_manna_heat_chili_cookoff
C:\FOC\Workspace\Finished\CQ17259.md,CQ17259.md,17259,17259_retreat_shuttle_signal,EVIDENCE,31010202,C,PASS,draft_ready,,262,true,true,true,true,17259_retreat_shuttle_signal
C:\FOC\Workspace\Finished\CQ17260.md,CQ17260.md,17260,17260_marthas_bakehouse,CONTRACTS,51060302,B,PASS,draft_ready,,1012,true,true,true,true,17260_marthas_bakehouse
C:\FOC\Workspace\Finished\CQ17264.md,CQ17264.md,17264,17264_prayer_parcel_trip,TORTS,61020202,A,PASS,draft_ready,,348,true,true,true,true,17264_prayer_parcel_trip
C:\FOC\Workspace\Finished\CQ17271.md,CQ17271.md,17271,17271_peter-harp,CONTRACTS,56050403,B,PASS,draft_ready,,765,true,true,true,true,17271_peter-harp
C:\FOC\Workspace\Finished\CQ17273.md,CQ17273.md,17273,17273_rule49b_christian_bookstore,CIVIL_PROCEDURE,92080204,C,PASS,draft_ready,,663,true,true,true,true,17273_rule49b_christian_bookstore
C:\FOC\Workspace\Finished\CQ17279.md,CQ17279.md,17279,17279_tractor_field_ruth,CRIMINAL,74020102,A,PASS,draft_ready,,539,true,true,true,true,17279_tractor_field_ruth
C:\FOC\Workspace\Finished\CQ17281.md,CQ17281.md,17281,17281_hospitality_course,CONSTITUTIONAL_LAW,42010104,D,PASS,draft_ready,,367,true,true,true,true,17281_hospitality_course
C:\FOC\Workspace\Finished\CQ17286.md,CQ17286.md,17286,17286_vineyard-wire-fraud,CRIMINAL,75090400,B,PASS,draft_ready,,424,true,true,true,true,17286_vineyard-wire-fraud
C:\FOC\Workspace\Finished\CQ17289.md,CQ17289.md,17289,17289_foundation_paneling,TORTS,62050200,B,PASS,draft_ready,,507,true,true,true,true,17289_foundation_paneling
C:\FOC\Workspace\Finished\CQ17294.md,CQ17294.md,17294,17294_peter_workshop_open_fields,CRIMINAL,75070200,A,PASS,draft_ready,,673,true,true,true,true,17294_peter_workshop_open_fields
C:\FOC\Workspace\Finished\CQ17309.md,CQ17309.md,17309,17309_customs-counterfeit-anticipatory,CRIMINAL,75070201,B,PASS,draft_ready,,780,true,true,true,true,17309_customs-counterfeit-anticipatory
C:\FOC\Workspace\Finished\CQ17312.md,CQ17312.md,17312,17312_food_pantry_van,CRIMINAL,75070202,B,PASS,draft_ready,,569,true,true,true,true,17312_food_pantry_van
C:\FOC\Workspace\Finished\CQ17324.md,CQ17324.md,17324,17324_priscillas_inventory,CRIMINAL,75070000,C,Core,draft_ready,,635,true,true,true,true,17324_priscillas_inventory
C:\FOC\Workspace\Finished\CQ17331.md,CQ17331.md,17331,17331_psalmpress_harborlight,REAL_PROPERTY,82010205,B,PASS,draft_ready,,322,true,true,true,true,17331_psalmpress_harborlight
C:\FOC\Workspace\Finished\CQ17332.md,CQ17332.md,17332,17332_lakeside_retreat,CRIMINAL,73031000,B,PASS,draft_ready,,7366,true,true,true,true,17332_lakeside_retreat
C:\FOC\Workspace\Finished\CQ17345.md,CQ17345.md,17345,17345_retreat_cider,CRIMINAL,72060206,B,PASS,draft_ready,,505,true,true,true,true,17345_retreat_cider
C:\FOC\Workspace\Finished\CQ17357.md,CQ17357.md,17357,17357_psalm_herbs_preserve,REAL_PROPERTY,81020802,C,PASS,draft_ready,,615,true,true,true,true,17357_psalm_herbs_preserve
C:\FOC\Workspace\Finished\CQ17363.md,CQ17363.md,17363,17363_bible_archive_passcode,CRIMINAL,75080100,C,PASS,draft_ready,,344,true,true,true,true,17363_bible_archive_passcode
C:\FOC\Workspace\Finished\CQ17370.md,CQ17370.md,17370,17370_fishing-retreat,CRIMINAL,72060101,A,PASS,draft_ready,,755,true,true,true,true,17370_fishing-retreat
C:\FOC\Workspace\Finished\CQ17375.md,CQ17375.md,17375,17375_fishing-charter-asportation,CRIMINAL,73020500,B,PASS,draft_ready,,724,true,true,true,true,17375_fishing-charter-asportation
C:\FOC\Workspace\Finished\CQ17377.md,CQ17377.md,17377,17377_transcript_confession,EVIDENCE,35030206,A,PASS,draft_ready,,497,true,true,true,true,17377_transcript_confession
C:\FOC\Workspace\Finished\CQ17386.md,CQ17386.md,17386,17386_book_fair_shove,CRIMINAL,72060201,C,PASS,draft_ready,,445,true,true,true,true,17386_book_fair_shove
C:\FOC\Workspace\Finished\CQ17405.md,CQ17405.md,17405,,,,,,quarantined,NO_BLOCK1_YAML; missing-key; missing-outline; missing-c3-annotation; missing-components; missing-program-intelligence; not-sql-emitted,,false,false,false,false,
C:\FOC\Workspace\Finished\CQ17406.md,CQ17406.md,17406,17406_oak_choir_stall,CIVIL_PROCEDURE,92080104,A,PASS,draft_ready,,835,true,true,true,true,17406_oak_choir_stall
C:\FOC\Workspace\Finished\CQ17412.md,CQ17412.md,17412,17412_seminary_faculty_apartment,CIVIL_PROCEDURE,94010100,A,PASS,draft_ready,,449,true,true,true,true,17412_seminary_faculty_apartment
C:\FOC\Workspace\Finished\CQ17419.md,CQ17419.md,17419,,,,,,quarantined,NO_BLOCK1_YAML; missing-key; missing-outline; missing-c3-annotation; missing-components; missing-program-intelligence; not-sql-emitted,,false,false,false,false,
C:\FOC\Workspace\Finished\CQ17420.md,CQ17420.md,17420,,,,,,quarantined,NO_BLOCK1_YAML; missing-key; missing-outline; missing-c3-annotation; missing-components; missing-program-intelligence; not-sql-emitted,,false,false,false,false,
C:\FOC\Workspace\Finished\CQ17422.md,CQ17422.md,17422,17422_cedar_ridge_van_sale,EVIDENCE,31010401,A,PASS,draft_ready,,570,true,true,true,true,17422_cedar_ridge_van_sale
C:\FOC\Workspace\Finished\CQ17426.md,CQ17426.md,17426,17426_cedar_ridge_rope_course,CRIMINAL,73030600,C,PASS,draft_ready,,444,true,true,true,true,17426_cedar_ridge_rope_course
C:\FOC\Workspace\Finished\CQ17434.md,CQ17434.md,17434,17434_church_storage,CRIMINAL,75070201,D,PASS,draft_ready,,15297,true,true,true,true,17434_church_storage
C:\FOC\Workspace\Finished\CQ17440.md,CQ17440.md,17440,17440_arson-warehouse-miriam,EVIDENCE,31010203,B,PASS,draft_ready,,331,true,true,true,true,17440_arson-warehouse-miriam
C:\FOC\Workspace\Finished\CQ17441.md,CQ17441.md,17441,17441_calligraphy_studio_no_ouster,REAL_PROPERTY,82010303,C,PASS,draft_ready,,609,true,true,true,true,17441_calligraphy_studio_no_ouster
C:\FOC\Workspace\Finished\CQ17443.md,CQ17443.md,17443,17443_devotional_auto_renew,CIVIL_PROCEDURE,95070303,B,PASS,draft_ready,,501,true,true,true,true,17443_devotional_auto_renew
C:\FOC\Workspace\Finished\CQ17448.md,CQ17448.md,17448,17448_rescue-at-sea,CONTRACTS,55020300,B,PASS,draft_ready,,1039,true,true,true,true,17448_rescue-at-sea
C:\FOC\Workspace\Finished\CQ17450.md,CQ17450.md,17450,17450_tutor-statute-frauds,CONTRACTS,54030400,C,PASS,draft_ready,,1035,true,true,true,true,17450_tutor-statute-frauds
C:\FOC\Workspace\Finished\CQ17458.md,CQ17458.md,17458,17458_harbor_net,EVIDENCE,31010108,C,PASS,draft_ready,,418,true,true,true,true,17458_harbor_net
C:\FOC\Workspace\Finished\CQ17486.md,CQ17486.md,17486,17486_lampstand_alley_lineup,CRIMINAL,75080200,B,PASS,draft_ready,,415,true,true,true,true,17486_lampstand_alley_lineup
C:\FOC\Workspace\Finished\CQ17495.md,CQ17495.md,17495,17495_barnabas-joinder,CRIMINAL,73030400,B,PASS,draft_ready,,562,true,true,true,true,17495_barnabas-joinder
C:\FOC\Workspace\Finished\CQ17503.md,CQ17503.md,17503,17503_good_samaritan_harvest_board,CONSTITUTIONAL_LAW,41030100,C,PASS,draft_ready,,388,true,true,true,true,17503_good_samaritan_harvest_board
C:\FOC\Workspace\Finished\CQ17521.md,CQ17521.md,17521,17521_christian_wedding_cake,CONTRACTS,55020102,C,PASS,draft_ready,,447,true,true,true,true,17521_christian_wedding_cake
C:\FOC\Workspace\Finished\CQ17534.md,CQ17534.md,17534,17534_scripture_bookmarks,CRIMINAL,71040300,D,PASS,draft_ready,,401,true,true,true,true,17534_scripture_bookmarks
C:\FOC\Workspace\Finished\CQ17538.md,CQ17538.md,17538,17538_fellowship_van_keys,CRIMINAL,73030100,C,PASS,draft_ready,,315,true,true,true,true,17538_fellowship_van_keys
C:\FOC\Workspace\Finished\CQ17540.md,CQ17540.md,17540,17540_good_samaritan_lantern_vapor,CONSTITUTIONAL_LAW,42010302,C,PASS,draft_ready,,1010,true,true,true,true,17540_good_samaritan_lantern_vapor
C:\FOC\Workspace\Finished\CQ17542.md,CQ17542.md,17542,17542_church-pews-letter,CIVIL_PROCEDURE,92080204,C,PASS,draft_ready,,1320,true,true,true,true,17542_church-pews-letter
C:\FOC\Workspace\Finished\CQ17564.md,CQ17564.md,17564,,,,,,quarantined,NO_BLOCK1_YAML; missing-key; missing-outline; missing-c3-annotation; missing-components; missing-program-intelligence; not-sql-emitted,,false,false,false,false,
C:\FOC\Workspace\Finished\CQ17574.md,CQ17574.md,17574,17574_christian_podcast_school_board,CONSTITUTIONAL_LAW,44040502,B,PASS,draft_ready,,460,true,true,true,true,17574_christian_podcast_school_board
C:\FOC\Workspace\Finished\CQ17576.md,CQ17576.md,17576,17576_concert_wristband_fire_questioning,CRIMINAL,75090400,B,PASS,draft_ready,,651,true,true,true,true,17576_concert_wristband_fire_questioning
C:\FOC\Workspace\Finished\CQ17583.md,CQ17583.md,17583,17583_bookshop_securities_followup,CIVIL_PROCEDURE,97100300,A,PASS,draft_ready,,544,true,true,true,true,17583_bookshop_securities_followup
C:\FOC\Workspace\Finished\CQ17584.md,CQ17584.md,17584,17584_silver_bracelets_lydia,EVIDENCE,31010103,D,PASS,draft_ready,,574,true,true,true,true,17584_silver_bracelets_lydia
C:\FOC\Workspace\Finished\CQ17588.md,CQ17588.md,17588,17588_flooded-storage-timothy,EVIDENCE,31010202,D,PASS,draft_ready,,479,true,true,true,true,17588_flooded-storage-timothy
C:\FOC\Workspace\Finished\CQ17591.md,CQ17591.md,17591,17591_retreat_studio_solvent_jugs,EVIDENCE,31010502,D,PASS,draft_ready,,417,true,true,true,true,17591_retreat_studio_solvent_jugs
C:\FOC\Workspace\Finished\CQ17626.md,CQ17626.md,17626,17626_harvest-embezzlement,CRIMINAL,75080101,B,PASS,draft_ready,,555,true,true,true,true,17626_harvest-embezzlement
C:\FOC\Workspace\Finished\CQ17630.md,CQ17630.md,17630,17630_blown_bible_orchard,TORTS,64010201,A,PASS,draft_ready,,578,true,true,true,true,17630_blown_bible_orchard
C:\FOC\Workspace\Finished\CQ17674.md,CQ17674.md,17674,17674_scripture_card_commission,CONTRACTS,55010202,C,PASS,draft_ready,,450,true,true,true,true,17674_scripture_card_commission
C:\FOC\Workspace\Finished\CQ17675.md,CQ17675.md,17675,17675_psalm_fair_signal_box,TORTS,61020102,C,PASS,draft_ready,,550,true,true,true,true,17675_psalm_fair_signal_box
C:\FOC\Workspace\Finished\CQ17680.md,CQ17680.md,17680,17680_ministry_housing_permit,CONSTITUTIONAL_LAW,44040305,A,PASS,draft_ready,,545,true,true,true,true,17680_ministry_housing_permit
C:\FOC\Workspace\Finished\CQ17704.md,CQ17704.md,17704,17704_fender_shepherd,CIVIL_PROCEDURE,97100300,C,PASS,draft_ready,,451,true,true,true,true,17704_fender_shepherd
C:\FOC\Workspace\Finished\CQ17709.md,CQ17709.md,17709,17709_tutoring_tithe,CIVIL_PROCEDURE,94010100,D,PASS,draft_ready,,438,true,true,true,true,17709_tutoring_tithe
C:\FOC\Workspace\Finished\CQ17711.md,CQ17711.md,17711,17711_mercy_clinic_zoning,CIVIL_PROCEDURE,95070302,A,PASS,draft_ready,,487,true,true,true,true,17711_mercy_clinic_zoning
C:\FOC\Workspace\Finished\CQ17712.md,CQ17712.md,17712,17712_maybe-mary,CRIMINAL,73030900,C,PASS,quarantined,missing-c3-annotation; missing-components; missing-program-intelligence,816,false,false,false,false,17712_maybe-mary
C:\FOC\Workspace\Finished\CQ17715.md,CQ17715.md,17715,17715_motorcycle_restoration,EVIDENCE,31010105,D,PASS,draft_ready,,532,true,true,true,true,17715_motorcycle_restoration
C:\FOC\Workspace\Finished\CQ17718.md,CQ17718.md,17718,17718_scripture_copying_workshop,REAL_PROPERTY,82010204,C,PASS,draft_ready,,288,true,true,true,true,17718_scripture_copying_workshop
C:\FOC\Workspace\Finished\CQ17727.md,CQ17727.md,17727,17727_selah_ridge_cabin,REAL_PROPERTY,84040402,C,PASS,draft_ready,,588,true,true,true,true,17727_selah_ridge_cabin
C:\FOC\Workspace\Finished\CQ17728.md,CQ17728.md,17728,17728_illuminated_manuscript,CONSTITUTIONAL_LAW,42010103,B,PASS,draft_ready,,615,true,true,true,true,17728_illuminated_manuscript
C:\FOC\Workspace\Finished\CQ17763.md,CQ17763.md,17763,17763_retreat_lodge_reservation,CIVIL_PROCEDURE,94020302,B,PASS,draft_ready,,730,true,true,true,true,17763_retreat_lodge_reservation
C:\FOC\Workspace\Finished\CQ17776.md,CQ17776.md,17776,17776_hannah-delivery,CRIMINAL,72060206,C,PASS,draft_ready,,606,true,true,true,true,17776_hannah-delivery
C:\FOC\Workspace\Finished\CQ17809.md,CQ17809.md,17809,17809_olive_ink_conduit,REAL_PROPERTY,84040000,B,PASS,draft_ready,,1711,true,true,true,true,17809_olive_ink_conduit
C:\FOC\Workspace\Finished\CQ17811.md,CQ17811.md,17811,17811_psalm_studio_threat_card,CRIMINAL,75080200,A,PASS,draft_ready,,488,true,true,true,true,17811_psalm_studio_threat_card
C:\FOC\Workspace\Finished\CQ17812.md,CQ17812.md,17812,17812_psalm_grove_wild_deed,REAL_PROPERTY,84040405,C,PASS,draft_ready,,892,true,true,true,true,17812_psalm_grove_wild_deed
C:\FOC\Workspace\Finished\CQ17823.md,CQ17823.md,17823,17823_josephs_chariot,CRIMINAL,73030200,A,Core,draft_ready,,608,true,true,true,true,17823_josephs_chariot
C:\FOC\Workspace\Finished\CQ17833.md,CQ17833.md,17833,17833_prayer_garden_deed_signature,REAL_PROPERTY,84040201,B,PASS,draft_ready,,436,true,true,true,true,17833_prayer_garden_deed_signature
C:\FOC\Workspace\Finished\CQ17857.md,CQ17857.md,17857,17857_living_nativity_carver,TORTS,62050302,A,PASS,draft_ready,,577,true,true,true,true,17857_living_nativity_carver
C:\FOC\Workspace\Finished\CQ17859.md,CQ17859.md,17859,17859_olive_branch_ornament,CRIMINAL,73030100,C,PASS,draft_ready,,385,true,true,true,true,17859_olive_branch_ornament
C:\FOC\Workspace\Finished\CQ17862.md,CQ17862.md,17862,17862_puppet_stage_sprocket_guard,TORTS,61020303,C,PASS,draft_ready,,462,true,true,true,true,17862_puppet_stage_sprocket_guard
C:\FOC\Workspace\Finished\CQ17870.md,CQ17870.md,17870,17870_lydia_donut_truck,CRIMINAL,74020101,A,PASS,draft_ready,,456,true,true,true,true,17870_lydia_donut_truck
C:\FOC\Workspace\Finished\CQ17873.md,CQ17873.md,17873,17873_music_school_speaker_cabinet,CRIMINAL,74020101,A,PASS,draft_ready,,420,true,true,true,true,17873_music_school_speaker_cabinet
C:\FOC\Workspace\Finished\CQ17883.md,CQ17883.md,17883,17883_choir_potluck_stairwell_fire,CRIMINAL,73030900,B,PASS,draft_ready,,411,true,true,true,true,17883_choir_potluck_stairwell_fire
C:\FOC\Workspace\Finished\CQ17884.md,CQ17884.md,17884,17884_cedar_hall_trailer,CRIMINAL,75110200,B,PASS,draft_ready,,776,true,true,true,true,17884_cedar_hall_trailer
C:\FOC\Workspace\Finished\CQ17893.md,CQ17893.md,17893,17893_sting-recovered-bike,CRIMINAL,73030801,D,PASS,draft_ready,,349,true,true,true,true,17893_sting-recovered-bike
C:\FOC\Workspace\Finished\CQ17913.md,CQ17913.md,17913,17913_summit_klaxon,CIVIL_PROCEDURE,96060100,C,PASS,draft_ready,,723,true,true,true,true,17913_summit_klaxon
C:\FOC\Workspace\Finished\CQ17929.md,CQ17929.md,17929,17929_parking-lot-retreat,CRIMINAL,72060201,B,PASS,draft_ready,,398,true,true,true,true,17929_parking-lot-retreat
C:\FOC\Workspace\Finished\CQ17930.md,CQ17930.md,17930,,,,,,quarantined,NO_BLOCK1_YAML; missing-key; missing-outline; missing-c3-annotation; missing-components; missing-program-intelligence; not-sql-emitted,,false,false,false,false,
C:\FOC\Workspace\Finished\CQ17950.md,CQ17950.md,17950,17950_choir-loft,CRIMINAL,72060202,C,PASS,draft_ready,,800,true,true,true,true,17950_choir-loft
C:\FOC\Workspace\Finished\CQ17955.md,CQ17955.md,17955,17955_pottery-sale,EVIDENCE,31010505,C,PASS,draft_ready,,870,true,true,true,true,17955_pottery-sale
C:\FOC\Workspace\Finished\CQ17956.md,CQ17956.md,17956,17956_stewards_heavyheart,TORTS,62050403,A,PASS,draft_ready,,751,true,true,true,true,17956_stewards_heavyheart
C:\FOC\Workspace\Finished\CQ17971.md,CQ17971.md,17971,17971_good_shepherd_apiary_deed,REAL_PROPERTY,84040204,A,PASS,draft_ready,,1221,true,true,true,true,17971_good_shepherd_apiary_deed
C:\FOC\Workspace\Finished\CQ17979.md,CQ17979.md,17979,17979_hannahs_tractor,TORTS,63030302,B,PASS,draft_ready,,553,true,true,true,true,17979_hannahs_tractor
C:\FOC\Workspace\Finished\CQ17980.md,CQ17980.md,17980,17980_advent_gift_box_forum_clause,CIVIL_PROCEDURE,94050200,A,PASS,draft_ready,,664,true,true,true,true,17980_advent_gift_box_forum_clause
C:\FOC\Workspace\Finished\CQ17993.md,CQ17993.md,17993,17993_peters_scabbard,CRIMINAL,73030400,B,Core,draft_ready,,550,true,true,true,true,17993_peters_scabbard
C:\FOC\Workspace\Finished\CQ17996.md,CQ17996.md,17996,17996_shepherding_call,EVIDENCE,31010505,C,PASS,draft_ready,,450,true,true,true,true,17996_shepherding_call
C:\FOC\Workspace\Finished\CQ18017.md,CQ18017.md,18017,18017_daniel_handbell_heat_of_passion,CRIMINAL,74020102,C,PASS,draft_ready,,388,true,true,true,true,18017_daniel_handbell_heat_of_passion
C:\FOC\Workspace\Finished\CQ18018.md,CQ18018.md,18018,18018_lydia_tutoring_interpleader,CIVIL_PROCEDURE,95070301,D,PASS,draft_ready,,9752,true,true,true,true,18018_lydia_tutoring_interpleader
C:\FOC\Workspace\Finished\CQ18020.dm.md,CQ18020.dm.md,,15020,REAL_PROPERTY,81020500,C,PASS,quarantined,NO_SOURCE_QID; not-sql-emitted,564,true,true,true,false,
C:\FOC\Workspace\Finished\CQ18029.md,CQ18029.md,18029,18029_vigil_candle_stand,CRIMINAL,72060101,A,PASS,draft_ready,,345,true,true,true,true,18029_vigil_candle_stand
C:\FOC\Workspace\Finished\CQ18060.md,CQ18060.md,18060,18060_tutor_barnabas,CIVIL_PROCEDURE,94040200,C,PASS,draft_ready,,374,true,true,true,true,18060_tutor_barnabas
C:\FOC\Workspace\Finished\CQ18063.md,CQ18063.md,18063,18063_prayer_studio_alarm_map,CRIMINAL,73031000,A,PASS,draft_ready,,605,true,true,true,true,18063_prayer_studio_alarm_map
C:\FOC\Workspace\Finished\CQ18066.md,CQ18066.md,18066,18066_church_office,CRIMINAL,75070200,B,PASS,draft_ready,,15310,true,true,true,true,18066_church_office
C:\FOC\Workspace\Finished\CQ18069.md,CQ18069.md,18069,18069_timothy_garden_variance,CRIMINAL,72060201,C,PASS,draft_ready,,451,true,true,true,true,18069_timothy_garden_variance
C:\FOC\Workspace\Finished\CQ18077.md,CQ18077.md,18077,18077_maranatha_meadow,REAL_PROPERTY,82010203,C,PASS,draft_ready,,441,true,true,true,true,18077_maranatha_meadow
C:\FOC\Workspace\Finished\CQ18090.md,CQ18090.md,18090,18090_prayer_journals_price_line,CONTRACTS,51060303,C,PASS,draft_ready,,448,true,true,true,true,18090_prayer_journals_price_line
C:\FOC\Workspace\Finished\CQ18106.md,CQ18106.md,18106,18106_fish-market-conspiracy,CRIMINAL,71040200,B,PASS,draft_ready,,497,true,true,true,true,18106_fish-market-conspiracy
C:\FOC\Workspace\Finished\CQ18111.md,CQ18111.md,18111,18111_camp_stipend_forgery,CRIMINAL,73030700,A,PASS,draft_ready,,398,true,true,true,true,18111_camp_stipend_forgery
C:\FOC\Workspace\Finished\CQ18123.md,CQ18123.md,18123,18123_barnabas-loading-dock,CRIMINAL,73030801,C,PASS,draft_ready,,323,true,true,true,true,18123_barnabas-loading-dock
C:\FOC\Workspace\Finished\CQ18132.md,CQ18132.md,18132,18132_daniel-ministry,CRIMINAL,75090400,D,PASS,draft_ready,,1591,true,true,true,true,18132_daniel-ministry
C:\FOC\Workspace\Finished\CQ18135.md,CQ18135.md,18135,18135_mountain_lodge_looseboard,TORTS,61020100,B,PASS,draft_ready,,452,true,true,true,true,18135_mountain_lodge_looseboard
C:\FOC\Workspace\Finished\CQ18156.md,CQ18156.md,18156,18156_orchard-harvest-false-pretenses,CRIMINAL,73030300,D,PASS,draft_ready,,470,true,true,true,true,18156_orchard-harvest-false-pretenses
C:\FOC\Workspace\Finished\CQ18171.md,CQ18171.md,18171,18171_chapel_offering_box,CRIMINAL,74020101,D,PASS,draft_ready,,474,true,true,true,true,18171_chapel_offering_box
C:\FOC\Workspace\Finished\CQ18174.md,CQ18174.md,18174,18174_school_reimbursement_check,CRIMINAL,73030700,D,PASS,draft_ready,,267,true,true,true,true,18174_school_reimbursement_check
C:\FOC\Workspace\Finished\CQ18175.md,CQ18175.md,18175,,,,,,quarantined,BLOCK1_UNPARSEABLE; missing-key; missing-outline; missing-c3-annotation; missing-components; missing-program-intelligence; not-sql-emitted,,false,false,false,false,
C:\FOC\Workspace\Finished\CQ18179.md,CQ18179.md,18179,18179_campfire_rim_warning,TORTS,63030100,D,PASS,draft_ready,,503,true,true,true,true,18179_campfire_rim_warning
C:\FOC\Workspace\Finished\CQ18182.md,CQ18182.md,18182,18182_bookstore_mandamus,CIVIL_PROCEDURE,93110100,D,PASS,draft_ready,,602,true,true,true,true,18182_bookstore_mandamus
C:\FOC\Workspace\Finished\CQ18196.md,CQ18196.md,18196,18196_riverstone_citizenship,CIVIL_PROCEDURE,94010100,A,PASS,draft_ready,,276,true,true,true,true,18196_riverstone_citizenship
C:\FOC\Workspace\Finished\CQ18197.md,CQ18197.md,18197,18197_athletics_bus_collision,TORTS,62060201,B,PASS,draft_ready,,583,true,true,true,true,18197_athletics_bus_collision
C:\FOC\Workspace\Finished\CQ18201.md,CQ18201.md,18201,18201_olivewood,CONTRACTS,51060105,D,PASS,draft_ready,,630,true,true,true,true,18201_olivewood
C:\FOC\Workspace\Finished\CQ18217.md,CQ18217.md,18217,18217_youth_rally_stop,CRIMINAL,75070200,C,PASS,draft_ready,,436,true,true,true,true,18217_youth_rally_stop
C:\FOC\Workspace\Finished\CQ18230.md,CQ18230.md,18230,18230_daniel_olive_press_mortgage_chain,REAL_PROPERTY,83050401,B,PASS,draft_ready,,1051,true,true,true,true,18230_daniel_olive_press_mortgage_chain
C:\FOC\Workspace\Finished\CQ18235.md,CQ18235.md,18235,18235_esther-paul-sequestration,EVIDENCE,31010401,C,PASS,draft_ready,,673,true,true,true,true,18235_esther-paul-sequestration
C:\FOC\Workspace\Finished\CQ18240.md,CQ18240.md,18240,18240_family_table_refund,CIVIL_PROCEDURE,94010100,A,PASS,draft_ready,,936,true,true,true,true,18240_family_table_refund
C:\FOC\Workspace\Finished\CQ18252.md,CQ18252.md,18252,,,,,,quarantined,NO_BLOCK1_YAML; missing-key; missing-outline; missing-c3-annotation; missing-components; missing-program-intelligence; not-sql-emitted,,false,false,false,false,
C:\FOC\Workspace\Finished\CQ18279.md,CQ18279.md,18279,18279_bookstore_alley_replica,CRIMINAL,72060201,A,PASS,draft_ready,,443,true,true,true,true,18279_bookstore_alley_replica
C:\FOC\Workspace\Finished\CQ18287.md,CQ18287.md,18287,18287_manger_cradle_collapse,TORTS,61020304,A,PASS,draft_ready,,846,true,true,true,true,18287_manger_cradle_collapse
C:\FOC\Workspace\Finished\CQ18294.md,CQ18294.md,18294,18294_desert_oasis_devotionals,CIVIL_PROCEDURE,95070104,B,PASS,draft_ready,,1136,true,true,true,true,18294_desert_oasis_devotionals
C:\FOC\Workspace\Finished\CQ18296.md,CQ18296.md,18296,,,,,,quarantined,BLOCK1_UNPARSEABLE; missing-key; missing-outline; missing-c3-annotation; missing-components; missing-program-intelligence; not-sql-emitted,,false,false,false,false,
C:\FOC\Workspace\Finished\CQ18298.md,CQ18298.md,18298,18298_fellowship_hall_grab,TORTS,64010101,A,PASS,draft_ready,,500,true,true,true,true,18298_fellowship_hall_grab
C:\FOC\Workspace\Finished\CQ18308.md,CQ18308.md,18308,18308_lydia-brady-camp,CRIMINAL,75090600,B,PASS,draft_ready,,1120,true,true,true,true,18308_lydia-brady-camp
C:\FOC\Workspace\Finished\CQ18312.md,CQ18312.md,18312,18312_hymn_studio_trench,REAL_PROPERTY,81020901,C,PASS,draft_ready,,455,true,true,true,true,18312_hymn_studio_trench
C:\FOC\Workspace\Finished\CQ18317.md,CQ18317.md,18317,18317_chapel_lot_plainclothes_arrest,CRIMINAL,72060203,D,PASS,draft_ready,,375,true,true,true,true,18317_chapel_lot_plainclothes_arrest
C:\FOC\Workspace\Finished\CQ18323.md,CQ18323.md,18323,18323_psalm_pouch_pendants,CRIMINAL,75070201,B,PASS,draft_ready,,308,true,true,true,true,18323_psalm_pouch_pendants
C:\FOC\Workspace\Finished\CQ18342.md,CQ18342.md,18342,,,,,,quarantined,NO_BLOCK1_YAML; missing-key; missing-outline; missing-c3-annotation; missing-components; missing-program-intelligence; not-sql-emitted,,false,false,false,false,
C:\FOC\Workspace\Finished\CQ18352.md,CQ18352.md,18352,18352_hymnal_inventory_lineup,CRIMINAL,75090400,B,PASS,draft_ready,,687,true,true,true,true,18352_hymnal_inventory_lineup
C:\FOC\Workspace\Finished\CQ18356.md,CQ18356.md,18356,18356_sentencing-enhancement-habeas,CRIMINAL,75110300,B,PASS,draft_ready,,1563,true,true,true,true,18356_sentencing-enhancement-habeas
C:\FOC\Workspace\Finished\CQ18357.md,CQ18357.md,18357,18357_journaling_receipts,CRIMINAL,75080100,C,PASS,draft_ready,,446,true,true,true,true,18357_journaling_receipts
C:\FOC\Workspace\Finished\CQ18365.md,CQ18365.md,18365,18365_peter_handbell_clinic_poison,CRIMINAL,72010303,B,PASS,draft_ready,,583,true,true,true,true,18365_peter_handbell_clinic_poison
C:\FOC\Workspace\Finished\CQ18385.md,CQ18385.md,18385,18385_rebecca-cell,CRIMINAL,73030900,A,PASS,draft_ready,,673,true,true,true,true,18385_rebecca-cell
C:\FOC\Workspace\Finished\CQ18400.md,CQ18400.md,18400,,,,,,quarantined,BLOCK1_UNPARSEABLE; missing-key; missing-outline; missing-c3-annotation; missing-components; missing-program-intelligence; not-sql-emitted,,false,false,false,false,
C:\FOC\Workspace\Finished\CQ18407.md,CQ18407.md,18407,18407_mission_house_refusal,CRIMINAL,75070202,B,PASS,draft_ready,,641,true,true,true,true,18407_mission_house_refusal
C:\FOC\Workspace\Finished\CQ18412.md,CQ18412.md,18412,18412_verse_picnic_wagon,TORTS,61020201,C,PASS,draft_ready,,403,true,true,true,true,18412_verse_picnic_wagon
C:\FOC\Workspace\Finished\CQ18413.md,CQ18413.md,18413,18413_market_bells_agreement,CRIMINAL,71040200,D,PASS,draft_ready,,347,true,true,true,true,18413_market_bells_agreement
C:\FOC\Workspace\Finished\CQ18415.md,CQ18415.md,18415,18415_daniel_relief_truck_cashbox,CRIMINAL,75080101,D,PASS,draft_ready,,407,true,true,true,true,18415_daniel_relief_truck_cashbox
C:\FOC\Workspace\Finished\CQ18420.md,CQ18420.md,18420,18420_national-park-ranger,CRIMINAL,75080403,B,PASS,draft_ready,,504,true,true,true,true,18420_national-park-ranger
C:\FOC\Workspace\Finished\CQ18427.md,CQ18427.md,18427,18427_livestream_devotional_alert,CONTRACTS,56050603,A,PASS,draft_ready,,856,true,true,true,true,18427_livestream_devotional_alert
C:\FOC\Workspace\Finished\CQ18431.md,CQ18431.md,18431,18431_fellowship_hall,CRIMINAL,72060201,D,PASS,draft_ready,,15216,true,true,true,true,18431_fellowship_hall
C:\FOC\Workspace\Finished\CQ18432.md,CQ18432.md,18432,18432_ruth_cottage_handoff,REAL_PROPERTY,85030103,C,PASS,draft_ready,,668,true,true,true,true,18432_ruth_cottage_handoff
C:\FOC\Workspace\Finished\CQ18438.md,CQ18438.md,18438,18438_hannah_david_medicaid,CONSTITUTIONAL_LAW,44040301,D,PASS,draft_ready,,654,true,true,true,true,18438_hannah_david_medicaid
C:\FOC\Workspace\Finished\CQ18442.md,CQ18442.md,18442,18442,CRIMINAL,75090400,A,PASS,quarantined,tiny-stem,226,true,true,true,true,18442
C:\FOC\Workspace\Finished\CQ18447.md,CQ18447.md,18447,18447_auction-barn-brand-forgery,CRIMINAL,74020101,A,PASS,draft_ready,,685,true,true,true,true,18447_auction-barn-brand-forgery
C:\FOC\Workspace\Finished\CQ18457.md,CQ18457.md,18457,18457_lydia_book_club,CONSTITUTIONAL_LAW,44040100,C,PASS,draft_ready,,484,true,true,true,true,18457_lydia_book_club
C:\FOC\Workspace\Finished\CQ18473.md,CQ18473.md,18473,18473_loaves_of_hope,CIVIL_PROCEDURE,95070703,C,PASS,draft_ready,,663,true,true,true,true,18473_loaves_of_hope
C:\FOC\Workspace\Finished\CQ18477.md,CQ18477.md,18477,18477_church_craft_fair_quilt,CRIMINAL,73030801,B,PASS,draft_ready,,625,true,true,true,true,18477_church_craft_fair_quilt
C:\FOC\Workspace\Finished\CQ18483.md,CQ18483.md,18483,18483_conference-profits,CONTRACTS,51060103,C,PASS,draft_ready,,878,true,true,true,true,18483_conference-profits
C:\FOC\Workspace\Finished\CQ18488.md,CQ18488.md,18488,18488_youth_retreat_trailer,CIVIL_PROCEDURE,95070200,A,PASS,draft_ready,,902,true,true,true,true,18488_youth_retreat_trailer
C:\FOC\Workspace\Finished\CQ18489.md,CQ18489.md,18489,18489_olive_grove_deed_authority,REAL_PROPERTY,84040202,B,PASS,draft_ready,,434,true,true,true,true,18489_olive_grove_deed_authority
C:\FOC\Workspace\Finished\CQ18493.md,CQ18493.md,18493,18493_silas-hasty-plea,CRIMINAL,73031000,B,PASS,draft_ready,,557,true,true,true,true,18493_silas-hasty-plea
C:\FOC\Workspace\Finished\CQ18496.md,CQ18496.md,18496,18496_greenhouse_captain,CRIMINAL,74020101,B,PASS,draft_ready,,470,true,true,true,true,18496_greenhouse_captain
C:\FOC\Workspace\Finished\CQ18500.md,CQ18500.md,18500,18500_naomi-scattered-flock,CRIMINAL,73030600,A,PASS,draft_ready,,332,true,true,true,true,18500_naomi-scattered-flock
C:\FOC\Workspace\Finished\CQ18502.md,CQ18502.md,18502,18502_exec-immunity-civil,CONSTITUTIONAL_LAW,42010208,C,PASS,draft_ready,,1104,true,true,true,true,18502_exec-immunity-civil
C:\FOC\Workspace\Finished\CQ18503.md,CQ18503.md,18503,18503_barnabas-stipulated-status,EVIDENCE,32020302,B,PASS,draft_ready,,1043,true,true,true,true,18503_barnabas-stipulated-status
C:\FOC\Workspace\Finished\CQ18507.md,CQ18507.md,18507,18507_lydia_hospitality_act,CONSTITUTIONAL_LAW,42010104,C,PASS,draft_ready,,411,true,true,true,true,18507_lydia_hospitality_act
C:\FOC\Workspace\Finished\CQ18535.md,CQ18535.md,18535,18535_christian_coffee_cart_vague_complaint,CIVIL_PROCEDURE,92080102,D,PASS,draft_ready,,441,true,true,true,true,18535_christian_coffee_cart_vague_complaint
C:\FOC\Workspace\Finished\CQ18541.md,CQ18541.md,18541,18541_lakeside_cabin_surviving_nieces,REAL_PROPERTY,82010502,B,PASS,draft_ready,,661,true,true,true,true,18541_lakeside_cabin_surviving_nieces
C:\FOC\Workspace\Finished\CQ18550.md,CQ18550.md,18550,15012,REAL_PROPERTY,81020102,C,PASS,draft_ready,,1076,true,true,true,false,15012
C:\FOC\Workspace\Finished\CQ18574.md,CQ18574.md,18574,18574_hymn_engraving_shop,CRIMINAL,73031000,B,PASS,draft_ready,,281,true,true,true,true,18574_hymn_engraving_shop
C:\FOC\Workspace\Finished\CQ18586.md,CQ18586.md,18586,18586_hymnsong_records,CONSTITUTIONAL_LAW,44040402,A,PASS,draft_ready,,432,true,true,true,true,18586_hymnsong_records
C:\FOC\Workspace\Finished\CQ18592.md,CQ18592.md,18592,18592_shiloh_campground,TORTS,62050102,A,PASS,draft_ready,,536,true,true,true,true,18592_shiloh_campground
C:\FOC\Workspace\Finished\CQ18598.md,CQ18598.md,18598,18598_lampstand_bookshop_photo_array,CRIMINAL,75080200,C,PASS,draft_ready,,325,true,true,true,true,18598_lampstand_bookshop_photo_array
C:\FOC\Workspace\Finished\CQ18601.md,CQ18601.md,18601,18601_lydia_choir_hall_duffel,CRIMINAL,75080100,B,PASS,draft_ready,,370,true,true,true,true,18601_lydia_choir_hall_duffel
C:\FOC\Workspace\Finished\CQ18608.md,CQ18608.md,18608,18608_barnabas_ladder,CIVIL_PROCEDURE,95070406,C,PASS,draft_ready,,1444,true,true,true,true,18608_barnabas_ladder
C:\FOC\Workspace\Finished\CQ18610.md,CQ18610.md,18610,18610_retreat_clinic_threat,CRIMINAL,72060206,B,PASS,draft_ready,,506,true,true,true,true,18610_retreat_clinic_threat
C:\FOC\Workspace\Finished\CQ18640.md,CQ18640.md,18640,18640_bookstore_phone_gallery,CRIMINAL,75070202,D,PASS,draft_ready,,377,true,true,true,true,18640_bookstore_phone_gallery
C:\FOC\Workspace\Finished\CQ18669.md,CQ18669.md,18669,18669_mary_negligence_survival,CIVIL_PROCEDURE,96060100,C,PASS,draft_ready,,443,true,true,true,true,18669_mary_negligence_survival
C:\FOC\Workspace\Finished\CQ18676.md,CQ18676.md,18676,18676_mary_wellness_appropriation,TORTS,62050402,B,PASS,draft_ready,,268,true,true,true,true,18676_mary_wellness_appropriation
C:\FOC\Workspace\Finished\CQ18709.md,CQ18709.md,18709,18709_lydia_bookshop_delivery_statement,EVIDENCE,31010502,C,PASS,draft_ready,,643,true,true,true,true,18709_lydia_bookshop_delivery_statement
C:\FOC\Workspace\Finished\CQ18718.md,CQ18718.md,18718,18718_prayer-vigil-push,CRIMINAL,75100000,B,PASS,draft_ready,,496,true,true,true,true,18718_prayer-vigil-push
C:\FOC\Workspace\Finished\CQ18747.md,CQ18747.md,18747,18747_vintage_bible_embezzlement,CRIMINAL,73030500,C,PASS,draft_ready,,814,true,true,true,true,18747_vintage_bible_embezzlement
C:\FOC\Workspace\Finished\CQ18750.md,CQ18750.md,18750,18750_choir_van_repair,CIVIL_PROCEDURE,92080101,A,PASS,draft_ready,,454,true,true,true,true,18750_choir_van_repair
C:\FOC\Workspace\Finished\CQ18784.md,CQ18784.md,18784,18784_fellowship_lot_used_car,TORTS,62050200,C,PASS,draft_ready,,479,true,true,true,true,18784_fellowship_lot_used_car
C:\FOC\Workspace\Finished\CQ18794.md,CQ18794.md,18794,18794_bethany_banner_tube,TORTS,61020602,C,PASS,draft_ready,,964,true,true,true,true,18794_bethany_banner_tube
C:\FOC\Workspace\Finished\CQ18811.md,CQ18811.md,18811,18811_elevator_access_class,CIVIL_PROCEDURE,95070303,C,PASS,draft_ready,,611,true,true,true,true,18811_elevator_access_class
C:\FOC\Workspace\Finished\CQ18812.md,CQ18812.md,18812,18812_joppa_deacon_burglary,CRIMINAL,71050200,C,PASS,draft_ready,,457,true,true,true,true,18812_joppa_deacon_burglary
C:\FOC\Workspace\Finished\CQ18826.md,CQ18826.md,18826,18826_daniels_market_fair,CIVIL_PROCEDURE,94020202,D,PASS,draft_ready,,623,true,true,true,true,18826_daniels_market_fair
C:\FOC\Workspace\Finished\CQ18843.md,CQ18843.md,18843,18843_patio_pressure_washer,CRIMINAL,73030100,A,PASS,draft_ready,,361,true,true,true,true,18843_patio_pressure_washer
C:\FOC\Workspace\Finished\CQ18857.md,CQ18857.md,18857,18857_armor_of_god_arrow,CRIMINAL,74020100,A,PASS,draft_ready,,334,true,true,true,true,18857_armor_of_god_arrow
C:\FOC\Workspace\Finished\CQ18861.md,CQ18861.md,18861,18861,CRIMINAL,72060206,C,PASS,quarantined,tiny-stem,241,true,true,true,false,18861
C:\FOC\Workspace\Finished\CQ18866.md,CQ18866.md,18866,18866_esthers_psalm_garden,REAL_PROPERTY,84040101,C,PASS,draft_ready,,753,true,true,true,true,18866_esthers_psalm_garden
C:\FOC\Workspace\Finished\CQ18884.md,CQ18884.md,18884,18884_naomi_loading_hall_photo,CRIMINAL,75120300,C,PASS,draft_ready,,439,true,true,true,true,18884_naomi_loading_hall_photo
C:\FOC\Workspace\Finished\CQ18890.md,CQ18890.md,18890,18890_hanna_erie_threshold,CIVIL_PROCEDURE,96060100,A,PASS,draft_ready,,549,true,true,true,true,18890_hanna_erie_threshold
C:\FOC\Workspace\Finished\CQ18900.md,CQ18900.md,18900,18900_wedding_garden_spill,TORTS,61020500,A,PASS,draft_ready,,861,true,true,true,true,18900_wedding_garden_spill
C:\FOC\Workspace\Finished\CQ18902.md,CQ18902.md,18902,18902_mustard-seed-foreclosure-waterfall,REAL_PROPERTY,83050604,C,PASS,draft_ready,,603,true,true,true,true,18902_mustard-seed-foreclosure-waterfall
C:\FOC\Workspace\Finished\CQ18911.md,CQ18911.md,18911,18911_recital_hall_debate_club,CONSTITUTIONAL_LAW,44040502,C,PASS,draft_ready,,495,true,true,true,true,18911_recital_hall_debate_club
C:\FOC\Workspace\Finished\CQ18914.md,CQ18914.md,18914,18914_rare_bible_provenance,TORTS,62050200,A,PASS,draft_ready,,727,true,true,true,true,18914_rare_bible_provenance
C:\FOC\Workspace\Finished\CQ18944.md,CQ18944.md,18944,,,,,,quarantined,NO_BLOCK1_YAML; missing-key; missing-outline; missing-c3-annotation; missing-components; missing-program-intelligence; not-sql-emitted,,false,false,false,false,
C:\FOC\Workspace\Finished\CQ18946.md,CQ18946.md,18946,18946_illuminated-manuscript-habeas,CRIMINAL,75110400,C,PASS,draft_ready,,1266,true,true,true,true,18946_illuminated-manuscript-habeas
C:\FOC\Workspace\Finished\CQ18953.md,CQ18953.md,18953,18953_bethany_orchard_term,REAL_PROPERTY,82010201,B,PASS,draft_ready,,410,true,true,true,true,18953_bethany_orchard_term
C:\FOC\Workspace\Finished\CQ18956.md,CQ18956.md,18956,18956_retreat_camera_lineup,CRIMINAL,75080200,C,PASS,draft_ready,,323,true,true,true,true,18956_retreat_camera_lineup
C:\FOC\Workspace\Finished\CQ18959.md,CQ18959.md,18959,18959_barnabas-coach,EVIDENCE,32020804,C,PASS,draft_ready,,1424,true,true,true,true,18959_barnabas-coach
C:\FOC\Workspace\Finished\CQ18964.md,CQ18964.md,18964,18964_tractor_safety,CRIMINAL,75070202,D,PASS,draft_ready,,478,true,true,true,true,18964_tractor_safety
C:\FOC\Workspace\Finished\CQ18968.md,CQ18968.md,18968,18968_peter_john_detailing,CRIMINAL,71040100,D,PASS,draft_ready,,969,true,true,true,true,18968_peter_john_detailing
C:\FOC\Workspace\Finished\CQ18974.md,CQ18974.md,18974,18974_subscription_meal_kit_23f,CIVIL_PROCEDURE,93110100,C,PASS,draft_ready,,402,true,true,true,true,18974_subscription_meal_kit_23f
C:\FOC\Workspace\Finished\CQ18982.md,CQ18982.md,18982,18982_homeschool_coop_month,TORTS,62050401,C,PASS,draft_ready,,304,true,true,true,true,18982_homeschool_coop_month
C:\FOC\Workspace\Finished\CQ19000.md,CQ19000.md,19000,19000_choir_bus_permit,CRIMINAL,73030600,C,PASS,draft_ready,,313,true,true,true,true,19000_choir_bus_permit
C:\FOC\Workspace\Finished\CQ19008.md,CQ19008.md,19008,19008_orchard_gate_ricochet,CRIMINAL,74020101,B,PASS,draft_ready,,853,true,true,true,true,19008_orchard_gate_ricochet
C:\FOC\Workspace\Finished\CQ19019.md,CQ19019.md,19019,19019_bethany_fig_grove,CRIMINAL,75070200,C,PASS,draft_ready,,502,true,true,true,true,19019_bethany_fig_grove
C:\FOC\Workspace\Finished\CQ19022.md,CQ19022.md,19022,19022_worship_song_deposition,CIVIL_PROCEDURE,95070400,D,PASS,draft_ready,,416,true,true,true,true,19022_worship_song_deposition
C:\FOC\Workspace\Finished\CQ19025.md,CQ19025.md,19025,19025_manna_roof_alert,CONSTITUTIONAL_LAW,44040203,A,PASS,draft_ready,,516,true,true,true,true,19025_manna_roof_alert
C:\FOC\Workspace\Finished\CQ19029.md,CQ19029.md,19029,19029_prayer_path_progress_payment,CONTRACTS,56050401,B,PASS,draft_ready,,1006,true,true,true,true,19029_prayer_path_progress_payment
C:\FOC\Workspace\Finished\CQ19035.md,CQ19035.md,19035,19035_retreat_cottage_handbells,CRIMINAL,73031000,A,PASS,draft_ready,,802,true,true,true,true,19035_retreat_cottage_handbells
C:\FOC\Workspace\Finished\CQ19038.md,CQ19038.md,19038,19038_upper_room_audio_log,CONSTITUTIONAL_LAW,42010207,C,PASS,draft_ready,,779,true,true,true,true,19038_upper_room_audio_log
C:\FOC\Workspace\Finished\CQ19045.md,CQ19045.md,19045,19045_church_festival_fireworks,TORTS,61020301,A,PASS,draft_ready,,516,true,true,true,true,19045_church_festival_fireworks
C:\FOC\Workspace\Finished\CQ19064.md,CQ19064.md,19064,19064_joel-dose,CRIMINAL,72060101,C,PASS,draft_ready,,629,true,true,true,true,19064_joel-dose
C:\FOC\Workspace\Finished\CQ19083.md,CQ19083.md,19083,19083_bare-bones-oath,CRIMINAL,75100000,D,PASS,draft_ready,,358,true,true,true,true,19083_bare-bones-oath
C:\FOC\Workspace\Finished\CQ19094.md,CQ19094.md,19094,19094_olive_wood_crucifix,EVIDENCE,32020500,A,PASS,draft_ready,,1727,true,true,true,true,19094_olive_wood_crucifix
C:\FOC\Workspace\Finished\CQ19098.md,CQ19098.md,19098,19098_youthpastor_tour,CIVIL_PROCEDURE,95070500,A,PASS,draft_ready,,1946,true,true,true,true,19098_youthpastor_tour
C:\FOC\Workspace\Finished\CQ19099.md,CQ19099.md,19099,19099,CRIMINAL,72060100,A,PASS,draft_ready,,264,true,true,true,false,19099
C:\FOC\Workspace\Finished\CQ19105.md,CQ19105.md,19105,19105_choir_tote_detention,CRIMINAL,75100000,B,PASS,draft_ready,,342,true,true,true,true,19105_choir_tote_detention
C:\FOC\Workspace\Finished\CQ19118.md,CQ19118.md,19118,19118_christian_bookstore_crash,CIVIL_PROCEDURE,95070200,B,PASS,draft_ready,,450,true,true,true,true,19118_christian_bookstore_crash
C:\FOC\Workspace\Finished\CQ19123.md,CQ19123.md,19123,19123_stephen-stone-wall,CONTRACTS,56050606,D,PASS,draft_ready,,530,true,true,true,true,19123_stephen-stone-wall
C:\FOC\Workspace\Finished\CQ19125.md,CQ19125.md,19125,19125_christmas_carousel_gears,TORTS,61020103,B,PASS,draft_ready,,622,true,true,true,true,19125_christmas_carousel_gears
C:\FOC\Workspace\Finished\CQ19133.md,CQ19133.md,19133,19133_barnabas_greenhouse_rifle,CRIMINAL,74020101,B,PASS,draft_ready,,608,true,true,true,true,19133_barnabas_greenhouse_rifle
C:\FOC\Workspace\Finished\CQ19143.md,CQ19143.md,19143,19143_naomi-impound,CRIMINAL,75070000,B,PASS,draft_ready,,659,true,true,true,true,19143_naomi-impound
C:\FOC\Workspace\Finished\CQ19144.md,CQ19144.md,19144,19144_cup-of-water-pastor,CRIMINAL,73020300,D,PASS,draft_ready,,478,true,true,true,true,19144_cup-of-water-pastor
C:\FOC\Workspace\Finished\CQ19155.md,CQ19155.md,19155,19155_midnight-shed-break-in,CRIMINAL,74020101,B,PASS,draft_ready,,547,true,true,true,true,19155_midnight-shed-break-in
C:\FOC\Workspace\Finished\CQ19167.md,CQ19167.md,19167,19167_canyon-picnic,CRIMINAL,72060207,A,PASS,draft_ready,,364,true,true,true,true,19167_canyon-picnic
C:\FOC\Workspace\Finished\CQ19169.md,CQ19169.md,19169,19169_wedding_vendor_no_appeal,CIVIL_PROCEDURE,93110200,D,PASS,draft_ready,,806,true,true,true,true,19169_wedding_vendor_no_appeal
C:\FOC\Workspace\Finished\CQ19174.md,CQ19174.md,19174,19174_retreat_blast_zone,TORTS,61020601,C,PASS,draft_ready,,396,true,true,true,true,19174_retreat_blast_zone
C:\FOC\Workspace\Finished\CQ19175.md,CQ19175.md,19175,19175_wildfire_root_cellar,CRIMINAL,72060207,C,PASS,draft_ready,,567,true,true,true,true,19175_wildfire_root_cellar
C:\FOC\Workspace\Finished\CQ19177.md,CQ19177.md,19177,19177_manna_wagon_disposal,CONSTITUTIONAL_LAW,42010106,B,PASS,draft_ready,,445,true,true,true,true,19177_manna_wagon_disposal
C:\FOC\Workspace\Finished\CQ19194.md,CQ19194.md,19194,19194_loaves_pages,CONSTITUTIONAL_LAW,44040305,D,PASS,draft_ready,,739,true,true,true,false,19194_loaves_pages
C:\FOC\Workspace\Finished\CQ19213.md,CQ19213.md,19213,19213_road_to_emmaus_breezeway,TORTS,61020104,C,,draft_ready,,533,true,true,true,false,19213_road_to_emmaus_breezeway
C:\FOC\Workspace\Finished\CQ19228.md,CQ19228.md,19228,19228_prayer_card_study_bible,EVIDENCE,35030202,C,PASS,draft_ready,,403,true,true,true,true,19228_prayer_card_study_bible
C:\FOC\Workspace\Finished\CQ19250.md,CQ19250.md,19250,19250_scripture_card_printer,CONTRACTS,56050102,B,PASS,draft_ready,,443,true,true,true,false,19250_scripture_card_printer
C:\FOC\Workspace\Finished\CQ19251.md,CQ19251.md,19251,19251_state_park_detention,EVIDENCE,35030203,A,PASS,draft_ready,,804,true,true,true,true,19251_state_park_detention
C:\FOC\Workspace\Finished\CQ19257.md,CQ19257.md,19257,19257_stewardship_canner,CIVIL_PROCEDURE,92080204,D,PASS,draft_ready,,598,true,true,true,true,19257_stewardship_canner
C:\FOC\Workspace\Finished\CQ19261.md,CQ19261.md,19261,19261_christian-camp-treasurer,CRIMINAL,73030500,B,PASS,draft_ready,,504,true,true,true,true,19261_christian-camp-treasurer
C:\FOC\Workspace\Finished\CQ19263.md,CQ19263.md,19263,19263_chapel_handbells,CRIMINAL,73030300,B,PASS,draft_ready,,572,true,true,true,false,19263_chapel_handbells
C:\FOC\Workspace\Finished\CQ19266.md,CQ19266.md,19266,19266_carol_banquet_jmol,CIVIL_PROCEDURE,92080201,C,PASS,draft_ready,,448,true,true,true,true,19266_carol_banquet_jmol
C:\FOC\Workspace\Finished\CQ19280.md,CQ19280.md,19280,19280_patmos_relic_chalice,CONSTITUTIONAL_LAW,44040202,D,PASS,draft_ready,,761,true,true,true,true,19280_patmos_relic_chalice
C:\FOC\Workspace\Finished\CQ19286.md,CQ19286.md,19286,19286_five_loaves_press,CIVIL_PROCEDURE,95070407,C,PASS,draft_ready,,770,true,true,true,false,19286_five_loaves_press
C:\FOC\Workspace\Finished\CQ19289.md,CQ19289.md,19289,19289_peters_cafe_vigil,CRIMINAL,74020100,C,Core,draft_ready,,658,true,true,true,true,19289_peters_cafe_vigil
C:\FOC\Workspace\Finished\CQ19298.md,CQ19298.md,19298,19298_v1,TORTS,62050404,C,PASS,draft_ready,,947,true,true,true,true,19298_v1
C:\FOC\Workspace\Finished\CQ19305.md,CQ19305.md,19305,,,,,,quarantined,NO_BLOCK1_YAML; missing-key; missing-outline; missing-c3-annotation; missing-components; missing-program-intelligence; not-sql-emitted,,false,false,false,false,
C:\FOC\Workspace\Finished\CQ19324.md,CQ19324.md,19324,19324_timothys_food_truck,CRIMINAL,75070202,A,PASS,draft_ready,,932,true,true,true,true,19324_timothys_food_truck
C:\FOC\Workspace\Finished\CQ19336.md,CQ19336.md,19336,19336_nativity_warehouse_rescue,CRIMINAL,72060203,B,PASS,draft_ready,,678,true,true,true,false,19336_nativity_warehouse_rescue
C:\FOC\Workspace\Finished\CQ19337.md,CQ19337.md,19337,19337_wedding_photographer_1292b,CIVIL_PROCEDURE,93110100,A,PASS,draft_ready,,805,true,true,true,true,19337_wedding_photographer_1292b
C:\FOC\Workspace\Finished\CQ19338.md,CQ19338.md,19338,19338_manna_loaves_license,CONSTITUTIONAL_LAW,43020200,A,PASS,draft_ready,,1021,true,true,true,true,19338_manna_loaves_license
C:\FOC\Workspace\Finished\CQ19345.md,CQ19345.md,19345,19345_daniel-pesticide-field,CRIMINAL,72010301,B,PASS,draft_ready,,917,true,true,true,true,19345_daniel-pesticide-field
C:\FOC\Workspace\Finished\CQ19356.md,CQ19356.md,19356,19356_counterfeit_immunity,CRIMINAL,75080402,A,PASS,draft_ready,,504,true,true,true,true,19356_counterfeit_immunity
C:\FOC\Workspace\Finished\CQ19361.md,CQ19361.md,19361,19361_threshing-floor,CRIMINAL,75070200,D,PASS,draft_ready,,274,true,true,true,true,19361_threshing-floor
C:\FOC\Workspace\Finished\CQ19369.md,CQ19369.md,19369,19369_harbor_collision,CRIMINAL,75080102,D,PASS,draft_ready,,478,true,true,true,true,19369_harbor_collision
C:\FOC\Workspace\Finished\CQ19374.md,CQ19374.md,19374,19374_sailboat-engine-dispute,EVIDENCE,31010101,A,PASS,quarantined,CHOICES=[]; not-sql-emitted,549,true,true,true,true,
C:\FOC\Workspace\Finished\CQ19379.md,CQ19379.md,19379,19379_hymn_candle_invoice_van,EVIDENCE,35030202,B,PASS,draft_ready,,528,true,true,true,false,19379_hymn_candle_invoice_van
C:\FOC\Workspace\Finished\CQ19381.md,CQ19381.md,19381,19381_shepherd_olive_press_deed,REAL_PROPERTY,84040201,C,PASS,draft_ready,,495,true,true,true,false,19381_shepherd_olive_press_deed
C:\FOC\Workspace\Finished\CQ19382.md,CQ19382.md,19382,19382_martha-riverwalk-booth-mats,TORTS,62060101,A,PASS,draft_ready,,584,true,true,true,true,19382_martha-riverwalk-booth-mats
C:\FOC\Workspace\Finished\CQ19386.md,CQ19386.md,19386,19386_scripture_audio_cap,CONTRACTS,53070100,A,PASS,draft_ready,,459,true,true,true,true,19386_scripture_audio_cap
C:\FOC\Workspace\Finished\CQ19400.md,CQ19400.md,19400,19400_christian-veterinarian-spay,EVIDENCE,32020805,C,PASS,draft_ready,,1510,true,true,true,true,19400_christian-veterinarian-spay
C:\FOC\Workspace\Finished\CQ19407.md,CQ19407.md,19407,19407_scripture_art_burn_clinic,EVIDENCE,35030305,D,PASS,draft_ready,,483,true,true,true,true,19407_scripture_art_burn_clinic
C:\FOC\Workspace\Finished\CQ19425.md,CQ19425.md,19425,19425_cedar_scripture_press,REAL_PROPERTY,81020601,B,PASS,draft_ready,,1069,true,true,true,true,19425_cedar_scripture_press
C:\FOC\Workspace\Finished\CQ19430.md,CQ19430.md,19430,19430_harp_instructor_olive_grove,REAL_PROPERTY,84040201,A,PASS,draft_ready,,323,true,true,true,false,19430_harp_instructor_olive_grove
C:\FOC\Workspace\Finished\CQ19431.md,CQ19431.md,19431,19431_modular_stage_tro,CIVIL_PROCEDURE,93110101,B,PASS,draft_ready,,1053,true,true,true,true,19431_modular_stage_tro
C:\FOC\Workspace\Finished\CQ19434.md,CQ19434.md,19434,19434_hymn_hands_stimulator,TORTS,63030100,D,PASS,draft_ready,,859,true,true,true,true,19434_hymn_hands_stimulator
C:\FOC\Workspace\Finished\CQ19448.md,CQ19448.md,19448,19448_praise_night_tshirt_cannon,TORTS,61020103,D,PASS,draft_ready,,609,true,true,true,true,19448_praise_night_tshirt_cannon
C:\FOC\Workspace\Finished\CQ19455.md,CQ19455.md,19455,19455_christian_school_retaliation,CIVIL_PROCEDURE,95070200,D,PASS,draft_ready,,348,true,true,true,true,19455_christian_school_retaliation
C:\FOC\Workspace\Finished\CQ19461.md,CQ19461.md,19461,19461_scriptorium_bay_assignment,CONTRACTS,56050608,C,PASS,draft_ready,,639,true,true,true,true,19461_scriptorium_bay_assignment
C:\FOC\Workspace\Finished\CQ19471.md,CQ19471.md,19471,19471_bookstore_loft_wristbands,CRIMINAL,75100000,B,PASS,draft_ready,,359,true,true,true,true,19471_bookstore_loft_wristbands
C:\FOC\Workspace\Finished\CQ19484.md,CQ19484.md,19484,19484_two-quarrymen,CRIMINAL,72010303,C,PASS,draft_ready,,853,true,true,true,true,19484_two-quarrymen
C:\FOC\Workspace\Finished\CQ19498.md,CQ19498.md,19498,19498_bell-meadow-retreat,REAL_PROPERTY,84040207,B,PASS,draft_ready,,1247,true,true,true,true,19498_bell-meadow-retreat
C:\FOC\Workspace\Finished\CQ19499.md,CQ19499.md,19499,19499_jericho_chariot_night,CRIMINAL,71040200,C,PASS,draft_ready,,404,true,true,true,false,19499_jericho_chariot_night
C:\FOC\Workspace\Finished\CQ19500.md,CQ19500.md,19500,19500_church-beam,CRIMINAL,72010400,C,PASS,draft_ready,,1157,true,true,true,true,19500_church-beam
C:\FOC\Workspace\Finished\CQ19501.md,CQ19501.md,19501,,,,,,quarantined,NO_BLOCK1_YAML; missing-key; missing-outline; missing-c3-annotation; missing-components; missing-program-intelligence; not-sql-emitted,,false,false,false,false,
C:\FOC\Workspace\Finished\CQ19502.md,CQ19502.md,19502,19502_manna_festival_finals_tax,CONSTITUTIONAL_LAW,42010101,C,PASS,draft_ready,,467,true,true,true,false,19502_manna_festival_finals_tax
C:\FOC\Workspace\Finished\CQ19506.md,CQ19506.md,19506,19506_mercy_tables_requirements,CONTRACTS,55020203,A,PASS,draft_ready,,1380,true,true,true,true,19506_mercy_tables_requirements
C:\FOC\Workspace\Finished\CQ19508.md,CQ19508.md,19508,19508_lighthouse-coercion,CRIMINAL,74020101,A,PASS,draft_ready,,628,true,true,true,true,19508_lighthouse-coercion
C:\FOC\Workspace\Finished\CQ19513.md,CQ19513.md,19513,19513_homeschool_coop_transfer,CIVIL_PROCEDURE,96060000,B,PASS,draft_ready,,500,true,true,true,true,19513_homeschool_coop_transfer
C:\FOC\Workspace\Finished\CQ19533.md,CQ19533.md,19533,19533_christian_bookstore_llc,CIVIL_PROCEDURE,94010100,A,PASS,draft_ready,,361,true,true,true,true,19533_christian_bookstore_llc
C:\FOC\Workspace\Finished\CQ19537.md,CQ19537.md,19537,19537_christian_pilgrim_klaxon,CIVIL_PROCEDURE,96060000,C,PASS,draft_ready,,377,true,true,true,true,19537_christian_pilgrim_klaxon
C:\FOC\Workspace\Finished\CQ19550.md,CQ19550.md,19550,19550_christian_bookseller_1406,CIVIL_PROCEDURE,96060000,A,PASS,draft_ready,,416,true,true,true,true,19550_christian_bookseller_1406
C:\FOC\Workspace\Finished\CQ19554.md,CQ19554.md,19554,19554_prayer_trail_cashbox,CRIMINAL,73030100,D,PASS,draft_ready,,370,true,true,true,true,19554_prayer_trail_cashbox
C:\FOC\Workspace\Finished\CQ19566.md,CQ19566.md,19566,19566_rescue-van-swerve,CRIMINAL,72010303,B,PASS,draft_ready,,712,true,true,true,true,19566_rescue-van-swerve
C:\FOC\Workspace\Finished\CQ19572.md,CQ19572.md,19572,19572_gideon-oxen-stampede,CRIMINAL,74020101,D,PASS,draft_ready,,281,true,true,true,true,19572_gideon-oxen-stampede
C:\FOC\Workspace\Finished\CQ19578.md,CQ19578.md,19578,19578_private_bible_bookstore_van_settlement,CIVIL_PROCEDURE,95070600,B,PASS,draft_ready,,481,true,true,true,true,19578_private_bible_bookstore_van_settlement
C:\FOC\Workspace\Finished\CQ19579.md,CQ19579.md,19579,19579_grace_chapel,EVIDENCE,32020404,B,PASS,draft_ready,,1817,true,true,true,true,19579_grace_chapel
C:\FOC\Workspace\Finished\CQ19590.md,CQ19590.md,19590,19590_christian_food_cart,TORTS,61020500,C,PASS,draft_ready,,349,true,true,true,true,19590_christian_food_cart
C:\FOC\Workspace\Finished\CQ19602.md,CQ19602.md,19602,19602_church_pantry,CRIMINAL,72060101,D,PASS,draft_ready,,15930,true,true,true,true,19602_church_pantry
C:\FOC\Workspace\Finished\CQ19607.md,CQ19607.md,19607,19607_cana_hills_bethany_flats,CONSTITUTIONAL_LAW,44040305,D,PASS,draft_ready,,736,true,true,true,false,19607_cana_hills_bethany_flats
C:\FOC\Workspace\Finished\CQ19633.md,CQ19633.md,19633,19633_lydda_safety_homicide,CRIMINAL,74020101,C,PASS,draft_ready,,480,true,true,true,true,19633_lydda_safety_homicide
C:\FOC\Workspace\Finished\CQ19638.md,CQ19638.md,19638,19638_v2,CONSTITUTIONAL_LAW,42010205,C,PASS,draft_ready,,763,true,true,true,true,19638_v2
C:\FOC\Workspace\Finished\CQ19646.md,CQ19646.md,19646,19646_church-parking-variant,EVIDENCE,31010403,A,PASS,draft_ready,,815,true,true,true,true,19646_church-parking-variant
C:\FOC\Workspace\Finished\CQ19651.md,CQ19651.md,19651,19651_harp_loft_retrieval,CRIMINAL,73031000,B,PASS,draft_ready,,657,true,true,true,true,19651_harp_loft_retrieval
C:\FOC\Workspace\Finished\CQ19657.md,CQ19657.md,19657,19657_good_samaritan_puppet_loft,CONSTITUTIONAL_LAW,44040302,C,PASS,draft_ready,,407,true,true,true,true,19657_good_samaritan_puppet_loft
C:\FOC\Workspace\Finished\CQ19666.md,CQ19666.md,19666,19666_bible-workbook_cabin_lien,REAL_PROPERTY,82010301,D,PASS,draft_ready,,465,true,true,true,true,19666_bible-workbook_cabin_lien
C:\FOC\Workspace\Finished\CQ19668.md,CQ19668.md,19668,19668_bolt_cutter_receipt,EVIDENCE,32020100,B,PASS,draft_ready,,341,true,true,true,true,19668_bolt_cutter_receipt
C:\FOC\Workspace\Finished\CQ19682.md,CQ19682.md,19682,19682_cyprus_volcano_rescue,CONSTITUTIONAL_LAW,42010201,B,PASS,draft_ready,,420,true,true,true,true,19682_cyprus_volcano_rescue
C:\FOC\Workspace\Finished\CQ19692.md,CQ19692.md,19692,19692,CRIMINAL,73030400,C,PASS,draft_ready,,256,true,true,true,false,19692
C:\FOC\Workspace\Finished\CQ19703.md,CQ19703.md,19703,19703_daniel-vessel-deed,REAL_PROPERTY,84040406,D,PASS,draft_ready,,1366,true,true,true,true,19703_daniel-vessel-deed
C:\FOC\Workspace\Finished\CQ19721.md,CQ19721.md,19721,19721_jonah_whale_float,CIVIL_PROCEDURE,92080104,C,PASS,draft_ready,,607,true,true,true,false,19721_jonah_whale_float
C:\FOC\Workspace\Finished\CQ19722.md,CQ19722.md,19722,19722_psalmberry_park_cut,CONSTITUTIONAL_LAW,41030300,B,PASS,draft_ready,,775,true,true,true,true,19722_psalmberry_park_cut
C:\FOC\Workspace\Finished\CQ19737.md,CQ19737.md,19737,19737_ferry_hymn_workshop,CRIMINAL,75070200,C,PASS,draft_ready,,467,true,true,true,true,19737_ferry_hymn_workshop
C:\FOC\Workspace\Finished\CQ19745.md,CQ19745.md,19745,19745_bible_study_soup_warmer,EVIDENCE,35030301,C,PASS,draft_ready,,514,true,true,true,true,19745_bible_study_soup_warmer
C:\FOC\Workspace\Finished\CQ19751.md,CQ19751.md,19751,19751_hymnal_delivery_lineup,CRIMINAL,75080200,C,PASS,draft_ready,,380,true,true,true,true,19751_hymnal_delivery_lineup
C:\FOC\Workspace\Finished\CQ19762.md,CQ19762.md,19762,,,,,,quarantined,NO_BLOCK1_YAML; missing-key; missing-outline; missing-c3-annotation; missing-components; missing-program-intelligence; not-sql-emitted,,false,false,false,false,
C:\FOC\Workspace\Finished\CQ19768.md,CQ19768.md,19768,19768_scripture_card_decks,CONTRACTS,55020202,C,PASS,draft_ready,,780,true,true,true,true,19768_scripture_card_decks
C:\FOC\Workspace\Finished\CQ19782.md,CQ19782.md,19782,19782_carriage_house_sublease,REAL_PROPERTY,82010404,D,PASS,draft_ready,,657,true,true,true,true,19782_carriage_house_sublease
C:\FOC\Workspace\Finished\CQ19793.md,CQ19793.md,19793,19793_dove_candle_ledgers,CIVIL_PROCEDURE,93110101,B,PASS,draft_ready,,460,true,true,true,false,19793_dove_candle_ledgers
C:\FOC\Workspace\Finished\CQ19814.md,CQ19814.md,19814,19814_bible_memory_soundboard_retrial,CRIMINAL,75080404,A,PASS,draft_ready,,536,true,true,true,true,19814_bible_memory_soundboard_retrial
C:\FOC\Workspace\Finished\CQ19823.md,CQ19823.md,19823,19823_lydia-forgery-burglary,CRIMINAL,75090400,C,PASS,draft_ready,,373,true,true,true,true,19823_lydia-forgery-burglary
C:\FOC\Workspace\Finished\CQ19833.md,CQ19833.md,19833,19833_camp_shed_sentencing,CRIMINAL,75090400,D,PASS,draft_ready,,427,true,true,true,true,19833_camp_shed_sentencing
C:\FOC\Workspace\Finished\CQ19840.md,CQ19840.md,19840,19840_red_sea_bridge_bolts,CIVIL_PROCEDURE,95070405,D,PASS,draft_ready,,461,true,true,true,true,19840_red_sea_bridge_bolts
C:\FOC\Workspace\Finished\CQ19851.md,CQ19851.md,19851,19851_peter_bookstore,CONSTITUTIONAL_LAW,44040401,C,PASS,draft_ready,,710,true,true,true,true,19851_peter_bookstore
C:\FOC\Workspace\Finished\CQ19852.md,CQ19852.md,19852,19852_jubilee_leave_bank,CONSTITUTIONAL_LAW,42010108,C,PASS,draft_ready,,500,true,true,true,true,19852_jubilee_leave_bank
C:\FOC\Workspace\Finished\CQ19855.md,CQ19855.md,19855,19855_hymn-night-truss,CIVIL_PROCEDURE,94030100,D,PASS,draft_ready,,879,true,true,true,true,19855_hymn-night-truss
C:\FOC\Workspace\Finished\CQ19863.md,CQ19863.md,19863,19863_prayer_tote_search,CRIMINAL,75070202,C,PASS,draft_ready,,263,true,true,true,true,19863_prayer_tote_search
C:\FOC\Workspace\Finished\CQ19864.md,CQ19864.md,19864,19864_vineyard_malice,CRIMINAL,74020101,B,PASS,draft_ready,,449,true,true,true,true,19864_vineyard_malice
C:\FOC\Workspace\Finished\CQ19903.md,CQ19903.md,19903,19903_daniel_star_of_the_sea,EVIDENCE,32020301,C,PASS,draft_ready,,514,true,true,true,true,19903_daniel_star_of_the_sea
C:\FOC\Workspace\Finished\CQ19904.md,CQ19904.md,19904,19904_psalm_orchard_foreclosure_notice,REAL_PROPERTY,83050603,C,PASS,draft_ready,,785,true,true,true,false,19904_psalm_orchard_foreclosure_notice
C:\FOC\Workspace\Finished\CQ19914.md,CQ19914.md,19914,19914_psalm_hill_olive_grove,REAL_PROPERTY,82010200,D,PASS,draft_ready,,794,true,true,true,true,19914_psalm_hill_olive_grove
C:\FOC\Workspace\Finished\CQ19921.md,CQ19921.md,19921,19921_cedar_reading_alcove_loan,CONTRACTS,52040300,D,PASS,draft_ready,,1066,true,true,true,true,19921_cedar_reading_alcove_loan
C:\FOC\Workspace\Finished\CQ19936.md,CQ19936.md,19936,19936_vineyard-irrigation-premature-strike,EVIDENCE,31010203,C,PASS,draft_ready,,411,true,true,true,true,19936_vineyard-irrigation-premature-strike
C:\FOC\Workspace\Finished\CQ19937.md,CQ19937.md,19937,19937_machete-chase-cabin,CRIMINAL,75070202,C,PASS,draft_ready,,491,true,true,true,true,19937_machete-chase-cabin
C:\FOC\Workspace\Finished\CQ19951.md,CQ19951.md,19951,19951_print_shop_crossbow_trailer,CRIMINAL,72060205,B,PASS,draft_ready,,389,true,true,true,true,19951_print_shop_crossbow_trailer
C:\FOC\Workspace\Finished\CQ19954.md,CQ19954.md,19954,19954_tutoring-attenuation,CRIMINAL,75100000,C,PASS,draft_ready,,448,true,true,true,true,19954_tutoring-attenuation
C:\FOC\Workspace\Finished\CQ19957.md,CQ19957.md,19957,19957_bible_cover_theft,CRIMINAL,73030100,B,PASS,draft_ready,,379,true,true,true,true,19957_bible_cover_theft
C:\FOC\Workspace\Finished\CQ19981.md,CQ19981.md,19981,19981_townhome_locked_studio_consent,CRIMINAL,75070202,A,PASS,draft_ready,,383,true,true,true,true,19981_townhome_locked_studio_consent
C:\FOC\Workspace\Finished\CQ19982.md,CQ19982.md,19982,19982_manna_warehouse,CONSTITUTIONAL_LAW,42010101,C,PASS,draft_ready,,490,true,true,true,true,19982_manna_warehouse
C:\FOC\Workspace\Finished\CQ19996.md,CQ19996.md,19996,19996_root-cellar-naomi,CRIMINAL,73020400,B,PASS,draft_ready,,852,true,true,true,true,19996_root-cellar-naomi
C:\FOC\Workspace\Finished\CQ20004.md,CQ20004.md,20004,20004_dove_tokens_manna_game,CONTRACTS,55020203,D,PASS,draft_ready,,512,true,true,true,false,20004_dove_tokens_manna_game
C:\FOC\Workspace\Finished\CQ20014.md,CQ20014.md,20014,,,,,,quarantined,NO_BLOCK1_YAML; missing-key; missing-outline; missing-c3-annotation; missing-components; missing-program-intelligence; not-sql-emitted,,false,false,false,false,
C:\FOC\Workspace\Finished\CQ20024.md,CQ20024.md,20024,20024_loaves_fishes_crate_count,TORTS,62050200,B,PASS,draft_ready,,656,true,true,true,true,20024_loaves_fishes_crate_count
C:\FOC\Workspace\Finished\CQ20031.md,CQ20031.md,20031,20031_hallelujah_handbells,CRIMINAL,73030400,C,PASS,draft_ready,,472,true,true,true,true,20031_hallelujah_handbells
C:\FOC\Workspace\Finished\CQ20032.md,CQ20032.md,20032,20032_cana_cliff_watch,CONSTITUTIONAL_LAW,42010106,D,PASS,draft_ready,,625,true,true,true,true,20032_cana_cliff_watch
C:\FOC\Workspace\Finished\CQ20038.md,CQ20038.md,20038,20038_vessel_refit,CIVIL_PROCEDURE,95070103,C,PASS,draft_ready,,914,true,true,true,true,20038_vessel_refit
C:\FOC\Workspace\Finished\CQ20040.md,CQ20040.md,20040,20040_church-bazaar,CRIMINAL,74020101,C,PASS,draft_ready,,437,true,true,true,true,20040_church-bazaar
C:\FOC\Workspace\Finished\CQ20045.md,CQ20045.md,20045,20045_parish-aisle-variant,EVIDENCE,31010405,A,PASS,draft_ready,,808,true,true,true,true,20045_parish-aisle-variant
C:\FOC\Workspace\Finished\CQ20053.md,CQ20053.md,20053,20053_lantern_workshop_declaratory_defense,CIVIL_PROCEDURE,94010200,B,PASS,draft_ready,,504,true,true,true,true,20053_lantern_workshop_declaratory_defense
C:\FOC\Workspace\Finished\CQ20055.md,CQ20055.md,20055,,,,,,quarantined,NO_BLOCK1_YAML; missing-key; missing-outline; missing-c3-annotation; missing-components; missing-program-intelligence; not-sql-emitted,,false,false,false,false,
C:\FOC\Workspace\Finished\CQ20095.md,CQ20095.md,20095,20095_furniture-workshop,CRIMINAL,75100000,B,PASS,draft_ready,,439,true,true,true,true,20095_furniture-workshop
C:\FOC\Workspace\Finished\CQ20100.md,CQ20100.md,20100,20100_fish_and_loaves_keychains,CONTRACTS,54030400,B,PASS,draft_ready,,444,true,true,true,false,20100_fish_and_loaves_keychains
C:\FOC\Workspace\Finished\CQ20108.md,CQ20108.md,20108,20108_smuggling_boat_esther,CRIMINAL,72060206,B,PASS,draft_ready,,437,true,true,true,true,20108_smuggling_boat_esther
C:\FOC\Workspace\Finished\CQ20112.md,CQ20112.md,20112,20112_lesser-samuel,CRIMINAL,75080400,A,PASS,draft_ready,,1132,true,true,true,true,20112_lesser-samuel
C:\FOC\Workspace\Finished\CQ20123.md,CQ20123.md,20123,20123_prayer_card_threat_writers,TORTS,62050402,C,PASS,draft_ready,,566,true,true,true,false,20123_prayer_card_threat_writers
C:\FOC\Workspace\Finished\CQ20125.md,CQ20125.md,20125,20125_peter-tutoring,CONTRACTS,55020205,D,PASS,quarantined,missing-c3-annotation; missing-components; missing-program-intelligence,581,false,false,false,true,20125_peter-tutoring
C:\FOC\Workspace\Finished\CQ20127.md,CQ20127.md,20127,20127_jericho_trumpet,CRIMINAL,75080101,D,PASS,draft_ready,,634,true,true,true,true,20127_jericho_trumpet
C:\FOC\Workspace\Finished\CQ20131.md,CQ20131.md,20131,20131_psalm_studio_driveway,CRIMINAL,72060204,B,PASS,draft_ready,,318,true,true,true,true,20131_psalm_studio_driveway
C:\FOC\Workspace\Finished\CQ20136.md,CQ20136.md,20136,20136_christian_retreat_bridge,REAL_PROPERTY,81020401,A,PASS,draft_ready,,605,true,true,true,true,20136_christian_retreat_bridge
C:\FOC\Workspace\Finished\CQ20149.md,CQ20149.md,20149,20149_chandlers_vats,REAL_PROPERTY,81020603,C,PASS,draft_ready,,429,true,true,true,true,20149_chandlers_vats
C:\FOC\Workspace\Finished\CQ20153.md,CQ20153.md,20153,20153_lampstand_labs,CONSTITUTIONAL_LAW,44040501,B,PASS,draft_ready,,761,true,true,true,false,20153_lampstand_labs
C:\FOC\Workspace\Finished\CQ20165.md,CQ20165.md,20165,20165_pottery_kiln_room,CRIMINAL,75080100,B,PASS,draft_ready,,462,true,true,true,true,20165_pottery_kiln_room
C:\FOC\Workspace\Finished\CQ20168.md,CQ20168.md,20168,20168_caleb-theft,CRIMINAL,73030400,B,PASS,draft_ready,,702,true,true,true,true,20168_caleb-theft
C:\FOC\Workspace\Finished\CQ20173.md,CQ20173.md,20173,20173_insecticide-plant,TORTS,62050101,C,PASS,draft_ready,,1075,true,true,true,true,20173_insecticide-plant
C:\FOC\Workspace\Finished\CQ20176.md,CQ20176.md,20176,20176_charity-farm-racial-discrimination,REAL_PROPERTY,82010203,C,PASS,draft_ready,,608,true,true,true,true,20176_charity-farm-racial-discrimination
C:\FOC\Workspace\Finished\CQ20180.md,CQ20180.md,20180,20180_ruth_cooperage_variance,CRIMINAL,73031000,C,PASS,draft_ready,,445,true,true,true,true,20180_ruth_cooperage_variance
C:\FOC\Workspace\Finished\CQ20186.md,CQ20186.md,20186,20186_road_to_emmaus_royalty_ledgers,CONSTITUTIONAL_LAW,42010105,D,PASS,draft_ready,,614,true,true,true,true,20186_road_to_emmaus_royalty_ledgers
C:\FOC\Workspace\Finished\CQ20190.md,CQ20190.md,20190,20190_youth_shuttle_municipal_certiorari,CONSTITUTIONAL_LAW,43020200,C,PASS,draft_ready,,527,true,true,true,true,20190_youth_shuttle_municipal_certiorari
C:\FOC\Workspace\Finished\CQ20194.md,CQ20194.md,20194,20194_prison_ministry_letter,CRIMINAL,73031000,C,PASS,draft_ready,,1056,true,true,true,true,20194_prison_ministry_letter
C:\FOC\Workspace\Finished\CQ20197.md,CQ20197.md,20197,20197_journaling_locksmith,CRIMINAL,71040100,A,PASS,draft_ready,,479,true,true,true,true,20197_journaling_locksmith
C:\FOC\Workspace\Finished\CQ20204.md,CQ20204.md,20204,20204_christian_school_bookkeeper_pantry,CONSTITUTIONAL_LAW,44040203,C,PASS,draft_ready,,446,true,true,true,true,20204_christian_school_bookkeeper_pantry
C:\FOC\Workspace\Finished\CQ20213.md,CQ20213.md,20213,20213_mercy_pool_reliction,REAL_PROPERTY,82010000,B,PASS,draft_ready,,403,true,true,true,false,20213_mercy_pool_reliction
C:\FOC\Workspace\Finished\CQ20225.md,CQ20225.md,20225,20225_potluck_stoop_smoke,CRIMINAL,73030900,D,PASS,draft_ready,,361,true,true,true,true,20225_potluck_stoop_smoke
C:\FOC\Workspace\Finished\CQ20231.md,CQ20231.md,20231,20231_crown_above_caesars,CONSTITUTIONAL_LAW,44040501,C,PASS,draft_ready,,411,true,true,true,false,20231_crown_above_caesars
C:\FOC\Workspace\Finished\CQ20236.md,CQ20236.md,20236,20236_midnight_candle_lofts,TORTS,62050102,C,PASS,draft_ready,,608,true,true,true,true,20236_midnight_candle_lofts
C:\FOC\Workspace\Finished\CQ20247.md,CQ20247.md,20247,20247_bible_memory_kit,CIVIL_PROCEDURE,93110101,B,PASS,draft_ready,,443,true,true,true,true,20247_bible_memory_kit
C:\FOC\Workspace\Finished\CQ20252.md,CQ20252.md,20252,20252_repub,TORTS,62050401,B,PASS,draft_ready,,940,true,true,true,true,20252_repub
C:\FOC\Workspace\Finished\CQ20258.md,CQ20258.md,20258,20258_psalter_pressure,CRIMINAL,75080101,B,PASS,draft_ready,,901,true,true,true,true,20258_psalter_pressure
C:\FOC\Workspace\Finished\CQ20268.md,CQ20268.md,20268,20268_barnabas-warehouse,CRIMINAL,75100000,B,PASS,draft_ready,,795,true,true,true,true,20268_barnabas-warehouse
C:\FOC\Workspace\Finished\CQ20271.md,CQ20271.md,20271,20271_lantern_handbell_evening,CONTRACTS,51060101,A,PASS,draft_ready,,393,true,true,true,false,20271_lantern_handbell_evening
C:\FOC\Workspace\Finished\CQ20291.md,CQ20291.md,20291,20291_nativity_prop_rental_freeze,CIVIL_PROCEDURE,93110100,C,PASS,draft_ready,,412,true,true,true,true,20291_nativity_prop_rental_freeze
C:\FOC\Workspace\Finished\CQ20307.md,CQ20307.md,20307,20307_bethany_banners_transcript,EVIDENCE,33040202,A,PASS,draft_ready,,1080,true,true,true,false,20307_bethany_banners_transcript
C:\FOC\Workspace\Finished\CQ20310.md,CQ20310.md,20310,20310_psalms_wax_lamp,TORTS,61020301,A,PASS,draft_ready,,512,true,true,true,false,20310_psalms_wax_lamp
C:\FOC\Workspace\Finished\CQ20312.md,CQ20312.md,20312,20312_loaves_fishes_retreat,REAL_PROPERTY,82010103,C,PASS,draft_ready,,457,true,true,true,true,20312_loaves_fishes_retreat
C:\FOC\Workspace\Finished\CQ20313.md,CQ20313.md,20313,20313_bethlehem_olivewood_crosses,EVIDENCE,35030205,C,PASS,draft_ready,,372,true,true,true,false,20313_bethlehem_olivewood_crosses
C:\FOC\Workspace\Finished\CQ20328.md,CQ20328.md,20328,20328_bethlehem_star_drop,TORTS,61020304,D,PASS,draft_ready,,701,true,true,true,true,20328_bethlehem_star_drop
C:\FOC\Workspace\Finished\CQ20330.md,CQ20330.md,20330,20330_esther_ems_name_clearing,CONSTITUTIONAL_LAW,44040203,C,PASS,draft_ready,,521,true,true,true,true,20330_esther_ems_name_clearing
C:\FOC\Workspace\Finished\CQ20343.md,CQ20343.md,20343,,,,,,quarantined,BLOCK1_UNPARSEABLE; missing-key; missing-outline; missing-c3-annotation; missing-components; missing-program-intelligence; not-sql-emitted,,false,false,false,false,
C:\FOC\Workspace\Finished\CQ20345.md,CQ20345.md,20345,20345_prayer_room_pavilion_restitution,CONTRACTS,51060201,B,PASS,draft_ready,,866,true,true,true,true,20345_prayer_room_pavilion_restitution
C:\FOC\Workspace\Finished\CQ20348.md,CQ20348.md,20348,20348_vineyard-fence-witness,EVIDENCE,31010504,B,PASS,draft_ready,,741,true,true,true,true,20348_vineyard-fence-witness
C:\FOC\Workspace\Finished\CQ20350.md,CQ20350.md,20350,20350_ruth-lures-timothy,CRIMINAL,73020500,B,PASS,draft_ready,,604,true,true,true,true,20350_ruth-lures-timothy
C:\FOC\Workspace\Finished\CQ20351.md,CQ20351.md,20351,20351_red_sea_mini_golf,CONTRACTS,54030600,D,PASS,draft_ready,,534,true,true,true,false,20351_red_sea_mini_golf
C:\FOC\Workspace\Finished\CQ20353.md,CQ20353.md,20353,20353_baptism_tank_burst,CIVIL_PROCEDURE,94010300,D,PASS,draft_ready,,403,true,true,true,false,20353_baptism_tank_burst
C:\FOC\Workspace\Finished\CQ20358.md,CQ20358.md,20358,20358_retreat_receipts,CONSTITUTIONAL_LAW,43020101,D,PASS,draft_ready,,536,true,true,true,true,20358_retreat_receipts
C:\FOC\Workspace\Finished\CQ20370.md,CQ20370.md,20370,20370_dove_mug_notice,CONTRACTS,56050402,C,PASS,draft_ready,,741,true,true,true,true,20370_dove_mug_notice
C:\FOC\Workspace\Finished\CQ20385.md,CQ20385.md,20385,20385_fellowship_tent_stake,CRIMINAL,74020101,B,PASS,draft_ready,,528,true,true,true,true,20385_fellowship_tent_stake
C:\FOC\Workspace\Finished\CQ20387.md,CQ20387.md,20387,20387_psalms_chess_indictment,CRIMINAL,75100000,D,PASS,draft_ready,,567,true,true,true,false,20387_psalms_chess_indictment
C:\FOC\Workspace\Finished\CQ20397.md,CQ20397.md,20397,20397_deacon_stephen_threat,CRIMINAL,75080102,C,PASS,draft_ready,,706,true,true,true,true,20397_deacon_stephen_threat
C:\FOC\Workspace\Finished\CQ20404.md,CQ20404.md,20404,20404_acts_axes_cash_loads,EVIDENCE,31010104,B,PASS,draft_ready,,555,true,true,true,true,20404_acts_axes_cash_loads
C:\FOC\Workspace\Finished\CQ20421.md,CQ20421.md,20421,20421_lydia-buried-silver,CRIMINAL,75080100,C,PASS,draft_ready,,637,true,true,true,true,20421_lydia-buried-silver
C:\FOC\Workspace\Finished\CQ20423.md,CQ20423.md,20423,20423_galilee_props_bias,EVIDENCE,31010505,A,PASS,draft_ready,,614,true,true,true,false,20423_galilee_props_bias
C:\FOC\Workspace\Finished\CQ20431.md,CQ20431.md,20431,20431_customs-bailiff-affidavit,EVIDENCE,31010404,C,PASS,draft_ready,,551,true,true,true,true,20431_customs-bailiff-affidavit
C:\FOC\Workspace\Finished\CQ20439.md,CQ20439.md,20439,20439_floating_star_driveway,TORTS,61020201,C,PASS,draft_ready,,401,true,true,true,false,20439_floating_star_driveway
C:\FOC\Workspace\Finished\CQ20446.md,CQ20446.md,20446,20446_lydia_auto_parts_rescue,CONTRACTS,55020500,C,PASS,draft_ready,,844,true,true,true,true,20446_lydia_auto_parts_rescue
C:\FOC\Workspace\Finished\CQ20448.md,CQ20448.md,20448,20448_martha_tuition_reserve_jmol,CIVIL_PROCEDURE,92080202,C,PASS,draft_ready,,839,true,true,true,true,20448_martha_tuition_reserve_jmol
C:\FOC\Workspace\Finished\CQ20461.md,CQ20461.md,20461,20461_lydia_beeswax_requirements,CONTRACTS,55020203,B,PASS,draft_ready,,343,true,true,true,false,20461_lydia_beeswax_requirements
C:\FOC\Workspace\Finished\CQ20470.md,CQ20470.md,20470,,,,,,quarantined,NO_BLOCK1_YAML; missing-key; missing-outline; missing-c3-annotation; missing-components; missing-program-intelligence; not-sql-emitted,,false,false,false,false,
C:\FOC\Workspace\Finished\CQ20472.md,CQ20472.md,20472,20472_generator-flood-concealment,CRIMINAL,73030100,C,PASS,draft_ready,,1309,true,true,true,true,20472_generator-flood-concealment
C:\FOC\Workspace\Finished\CQ20476.md,CQ20476.md,20476,20476_road_to_bethlehem_sash,CRIMINAL,75070202,A,PASS,draft_ready,,625,true,true,true,false,20476_road_to_bethlehem_sash
C:\FOC\Workspace\Finished\CQ20484.md,CQ20484.md,20484,20484_work_release,CRIMINAL,75100000,D,PASS,draft_ready,,476,true,true,true,true,20484_work_release
C:\FOC\Workspace\Finished\CQ20487.md,CQ20487.md,20487,20487_estoppel-sheep-flock,REAL_PROPERTY,84040206,C,PASS,draft_ready,,980,true,true,true,true,20487_estoppel-sheep-flock
C:\FOC\Workspace\Finished\CQ20493.md,CQ20493.md,20493,20493_fish_mark_picnic_lot,REAL_PROPERTY,84040201,B,PASS,draft_ready,,524,true,true,true,true,20493_fish_mark_picnic_lot
C:\FOC\Workspace\Finished\CQ20496.md,CQ20496.md,20496,20496_loaves_prop_cart,TORTS,61020500,C,PASS,draft_ready,,738,true,true,true,false,20496_loaves_prop_cart
C:\FOC\Workspace\Finished\CQ20497.md,CQ20497.md,20497,20497_chapel_bell_tower_ambush,CRIMINAL,74020101,D,PASS,draft_ready,,395,true,true,true,true,20497_chapel_bell_tower_ambush
C:\FOC\Workspace\Finished\CQ20499.md,CQ20499.md,20499,20499_kingdom_seed,CONTRACTS,54031000,C,PASS,draft_ready,,2009,true,true,true,true,20499_kingdom_seed
C:\FOC\Workspace\Finished\CQ20502.md,CQ20502.md,20502,20502_peter-bus-report,EVIDENCE,33040103,C,PASS,draft_ready,,1319,true,true,true,true,20502_peter-bus-report
C:\FOC\Workspace\Finished\CQ20505.md,CQ20505.md,20505,,,,,,quarantined,BLOCK1_UNPARSEABLE; missing-key; missing-outline; missing-c3-annotation; missing-components; missing-program-intelligence; not-sql-emitted,,false,false,false,false,
C:\FOC\Workspace\Finished\CQ20516.md,CQ20516.md,20516,20516_manna_games_duress,CRIMINAL,72060206,B,PASS,draft_ready,,685,true,true,true,false,20516_manna_games_duress
C:\FOC\Workspace\Finished\CQ20523.md,CQ20523.md,20523,20523_easter_stage_guaranty,CONTRACTS,54030400,B,PASS,draft_ready,,608,true,true,true,true,20523_easter_stage_guaranty
C:\FOC\Workspace\Finished\CQ20536.md,CQ20536.md,20536,20536_scripture_journals_quantity_cap,CONTRACTS,54030400,D,PASS,draft_ready,,430,true,true,true,true,20536_scripture_journals_quantity_cap
C:\FOC\Workspace\Finished\CQ20542.md,CQ20542.md,20542,20542_praise_festival_cashbox,CRIMINAL,75090400,B,PASS,draft_ready,,456,true,true,true,false,20542_praise_festival_cashbox
C:\FOC\Workspace\Finished\CQ20546.md,CQ20546.md,20546,20546_jericho_wall_studio,TORTS,61020101,B,PASS,draft_ready,,770,true,true,true,false,20546_jericho_wall_studio
C:\FOC\Workspace\Finished\CQ20553.md,CQ20553.md,20553,20553_gospel-print-garage,REAL_PROPERTY,82010402,B,PASS,draft_ready,,627,true,true,true,true,20553_gospel-print-garage
C:\FOC\Workspace\Finished\CQ20556.md,CQ20556.md,20556,20556_mustard_seed_puppet_caravan,CONTRACTS,56050403,C,PASS,draft_ready,,1401,true,true,true,false,20556_mustard_seed_puppet_caravan
C:\FOC\Workspace\Finished\CQ20565.md,CQ20565.md,20565,20565_purple_gear_hymnbook_tote,EVIDENCE,32020200,B,PASS,draft_ready,,537,true,true,true,false,20565_purple_gear_hymnbook_tote
C:\FOC\Workspace\Finished\CQ20567.md,CQ20567.md,20567,20567_psalm_panels_venue,CIVIL_PROCEDURE,96060100,C,PASS,draft_ready,,792,true,true,true,false,20567_psalm_panels_venue
C:\FOC\Workspace\Finished\CQ20569.md,CQ20569.md,20569,20569_ark_float,CONTRACTS,56050102,B,PASS,draft_ready,,419,true,true,true,false,20569_ark_float
C:\FOC\Workspace\Finished\CQ20575.md,CQ20575.md,20575,20575_miriam-sedan,CRIMINAL,75070000,C,PASS,draft_ready,,650,true,true,true,true,20575_miriam-sedan
C:\FOC\Workspace\Finished\CQ20584.md,CQ20584.md,20584,20584_selah_orchard_leasehold_merger,REAL_PROPERTY,81020105,C,PASS,draft_ready,,502,true,true,true,true,20584_selah_orchard_leasehold_merger
C:\FOC\Workspace\Finished\CQ20586.md,CQ20586.md,20586,20586_psalms_hormone_use,CONSTITUTIONAL_LAW,44040305,C,PASS,draft_ready,,648,true,true,true,true,20586_psalms_hormone_use
C:\FOC\Workspace\Finished\CQ20592.md,CQ20592.md,20592,20592_stephen-dock-flight,CRIMINAL,72010303,A,PASS,draft_ready,,309,true,true,true,true,20592_stephen-dock-flight
C:\FOC\Workspace\Finished\CQ20594.md,CQ20594.md,20594,20594_daniels_whale_float,TORTS,61020102,C,PASS,draft_ready,,542,true,true,true,true,20594_daniels_whale_float
C:\FOC\Workspace\Finished\CQ20595.md,CQ20595.md,20595,20595_study_bible_promise,CRIMINAL,73030300,C,PASS,quarantined,tiny-stem,157,true,true,true,true,20595_study_bible_promise
C:\FOC\Workspace\Finished\CQ20597.md,CQ20597.md,20597,20597_olivewood_nativity_craft_swap,CRIMINAL,72060103,C,PASS,draft_ready,,982,true,true,true,false,20597_olivewood_nativity_craft_swap
C:\FOC\Workspace\Finished\CQ20598.md,CQ20598.md,20598,20598_write_it_on_your_heart,TORTS,62050402,B,PASS,draft_ready,,934,true,true,true,true,20598_write_it_on_your_heart
C:\FOC\Workspace\Finished\CQ20599.md,CQ20599.md,20599,20599_advent_handbell_integration,CONTRACTS,52040300,A,PASS,draft_ready,,590,true,true,true,true,20599_advent_handbell_integration
C:\FOC\Workspace\Finished\CQ20602.md,CQ20602.md,20602,20602_davids_harp_projector,EVIDENCE,35030301,B,PASS,draft_ready,,581,true,true,true,true,20602_davids_harp_projector
C:\FOC\Workspace\Finished\CQ20603.md,CQ20603.md,20603,20603_road_to_emmaus_escape_room,TORTS,61020102,B,PASS,draft_ready,,681,true,true,true,false,20603_road_to_emmaus_escape_room
C:\FOC\Workspace\Finished\CQ20605.md,CQ20605.md,20605,20605_scripture_quiz_whisper,TORTS,62050402,B,PASS,draft_ready,,345,true,true,true,false,20605_scripture_quiz_whisper
C:\FOC\Workspace\Finished\CQ20606.md,CQ20606.md,20606,20606_lydia_festival_venue,CIVIL_PROCEDURE,94050100,C,PASS,draft_ready,,705,true,true,true,false,20606_lydia_festival_venue
C:\FOC\Workspace\Finished\CQ20611.md,CQ20611.md,20611,20611_chapel_gallery_showup,CRIMINAL,75080200,C,PASS,draft_ready,,330,true,true,true,true,20611_chapel_gallery_showup
C:\FOC\Workspace\Finished\CQ20627.md,CQ20627.md,20627,20627_ruth_hymn_poster_contract,CIVIL_PROCEDURE,94010100,C,PASS,draft_ready,,518,true,true,true,false,20627_ruth_hymn_poster_contract
C:\FOC\Workspace\Finished\CQ20633.md,CQ20633.md,20633,20633_emmaus_lighthouse_defense,CONSTITUTIONAL_LAW,42010102,A,PASS,draft_ready,,519,true,true,true,true,20633_emmaus_lighthouse_defense
C:\FOC\Workspace\Finished\CQ20636.md,CQ20636.md,20636,15010,REAL_PROPERTY,81020502,A,PASS,draft_ready,,1129,true,true,true,true,15010
C:\FOC\Workspace\Finished\CQ20638.md,CQ20638.md,20638,20638_advent_rescue_beacons,CONSTITUTIONAL_LAW,41030300,C,PASS,draft_ready,,1134,true,true,true,false,20638_advent_rescue_beacons
C:\FOC\Workspace\Finished\CQ20649.md,CQ20649.md,20649,20649_christmas_pageant_platform,TORTS,61020201,C,PASS,draft_ready,,513,true,true,true,false,20649_christmas_pageant_platform
C:\FOC\Workspace\Finished\CQ20654.md,CQ20654.md,20654,20654_nativity_ornaments_volition,CRIMINAL,72060101,B,PASS,draft_ready,,828,true,true,true,false,20654_nativity_ornaments_volition
C:\FOC\Workspace\Finished\CQ20657.md,CQ20657.md,20657,20657_ruth_memory_tiles_short_tender,CONTRACTS,56050402,B,PASS,draft_ready,,504,true,true,true,true,20657_ruth_memory_tiles_short_tender
C:\FOC\Workspace\Finished\CQ20658.md,CQ20658.md,20658,20658_pauls_damascus_delivery,CRIMINAL,71040200,A,Core,draft_ready,,796,true,true,true,true,20658_pauls_damascus_delivery
C:\FOC\Workspace\Finished\CQ20687.md,CQ20687.md,20687,20687_durham-rejected,CRIMINAL,72060101,D,PASS,draft_ready,,346,true,true,true,true,20687_durham-rejected
C:\FOC\Workspace\Finished\CQ20689.md,CQ20689.md,20689,20689_hannah_memorial_garden,CRIMINAL,73030900,D,PASS,draft_ready,,1516,true,true,true,true,20689_hannah_memorial_garden
C:\FOC\Workspace\Finished\CQ20690.md,CQ20690.md,20690,20690_bethlehem_star_drone,CIVIL_PROCEDURE,94020201,B,PASS,draft_ready,,567,true,true,true,true,20690_bethlehem_star_drone
C:\FOC\Workspace\Finished\CQ20708.md,CQ20708.md,20708,20708,CRIMINAL,73030400,A,PASS,quarantined,tiny-stem,172,true,true,true,false,20708
C:\FOC\Workspace\Finished\CQ20714.md,CQ20714.md,20714,20714_prayer_robotics_kits,CONSTITUTIONAL_LAW,43020201,D,PASS,draft_ready,,557,true,true,true,false,20714_prayer_robotics_kits
C:\FOC\Workspace\Finished\CQ20717.md,CQ20717.md,20717,20717_ruths_hymn_recording_procedure,TORTS,61020401,A,PASS,draft_ready,,1035,true,true,true,false,20717_ruths_hymn_recording_procedure
C:\FOC\Workspace\Finished\CQ20725.md,CQ20725.md,20725,20725_emmaus_laser_cutter,TORTS,62050200,D,PASS,draft_ready,,577,true,true,true,false,20725_emmaus_laser_cutter
C:\FOC\Workspace\Finished\CQ20727.md,CQ20727.md,20727,20727_easter_garden_blast_hose,TORTS,63040100,A,PASS,quarantined,missing-c3-annotation; missing-components; missing-program-intelligence,437,false,false,false,false,20727_easter_garden_blast_hose
C:\FOC\Workspace\Finished\CQ20728.md,CQ20728.md,20728,20728_star_stable_stall,REAL_PROPERTY,82010404,B,PASS,draft_ready,,536,true,true,true,false,20728_star_stable_stall
C:\FOC\Workspace\Finished\CQ20729.md,CQ20729.md,20729,20729_courtyard_stormwater,REAL_PROPERTY,81020801,C,PASS,draft_ready,,277,true,true,true,true,20729_courtyard_stormwater
C:\FOC\Workspace\Finished\CQ20730.md,CQ20730.md,20730,20730_shepherd_sling_fair,TORTS,64010102,D,PASS,draft_ready,,387,true,true,true,false,20730_shepherd_sling_fair
C:\FOC\Workspace\Finished\CQ20733.md,CQ20733.md,20733,20733_galilee_trails_death_notice,TORTS,61020203,C,PASS,draft_ready,,621,true,true,true,true,20733_galilee_trails_death_notice
C:\FOC\Workspace\Finished\CQ20735.md,CQ20735.md,20735,20735_bethlehem_donkey_blower,TORTS,62050102,D,PASS,draft_ready,,739,true,true,true,false,20735_bethlehem_donkey_blower
C:\FOC\Workspace\Finished\CQ20737.md,CQ20737.md,20737,20737_jonahs_whale_lyre,CONTRACTS,51060304,B,PASS,draft_ready,,287,true,true,true,false,20737_jonahs_whale_lyre
C:\FOC\Workspace\Finished\CQ20744.md,CQ20744.md,20744,20744_bethlehem_loading_lane,TORTS,61020101,B,PASS,draft_ready,,742,true,true,true,true,20744_bethlehem_loading_lane
C:\FOC\Workspace\Finished\CQ20760.md,CQ20760.md,20760,20760_rubber_stamp_mail_fraud,EVIDENCE,31010300,D,PASS,draft_ready,,348,true,true,true,false,20760_rubber_stamp_mail_fraud
C:\FOC\Workspace\Finished\CQ20761.md,CQ20761.md,20761,20761_workshop-reverter,REAL_PROPERTY,82010202,C,PASS,draft_ready,,520,true,true,true,true,20761_workshop-reverter
C:\FOC\Workspace\Finished\CQ20782.md,CQ20782.md,20782,20782_preexisting-duty-christian-variant,CONTRACTS,55020204,B,PASS,draft_ready,,1135,true,true,true,true,20782_preexisting-duty-christian-variant
C:\FOC\Workspace\Finished\CQ20797.md,CQ20797.md,20797,20797_goats-and-grit,CRIMINAL,72060201,B,PASS,draft_ready,,517,true,true,true,true,20797_goats-and-grit
C:\FOC\Workspace\Finished\CQ20805.md,CQ20805.md,20805,20805_psalm_lanterns_confirmation,CONTRACTS,54030400,C,PASS,quarantined,missing-c3-annotation; missing-components; missing-program-intelligence,456,false,false,false,false,20805_psalm_lanterns_confirmation
C:\FOC\Workspace\Finished\CQ20806.md,CQ20806.md,20806,20806_council_oath,CRIMINAL,75080400,B,PASS,draft_ready,,1476,true,true,true,true,20806_council_oath
C:\FOC\Workspace\Finished\CQ20808.md,CQ20808.md,20808,20808_jericho_press,CONTRACTS,55020204,B,PASS,draft_ready,,936,true,true,true,true,20808_jericho_press
C:\FOC\Workspace\Finished\CQ20811.md,CQ20811.md,20811,20811_illuminated_psalms_solvent,CIVIL_PROCEDURE,94020302,D,PASS,draft_ready,,709,true,true,true,true,20811_illuminated_psalms_solvent
C:\FOC\Workspace\Finished\CQ20820.md,CQ20820.md,20820,20820_ferry-ride,CRIMINAL,74020102,B,PASS,draft_ready,,324,true,true,true,true,20820_ferry-ride
C:\FOC\Workspace\Finished\CQ20883.md,CQ20883.md,20883,20883_unilat-barnabas-garden,CONTRACTS,55010202,D,PASS,draft_ready,,1373,true,true,true,true,20883_unilat-barnabas-garden
C:\FOC\Workspace\Finished\CQ20887.md,CQ20887.md,20887,20887_timothys_room,CRIMINAL,75070202,A,PASS,draft_ready,,706,true,true,true,true,20887_timothys_room
C:\FOC\Workspace\Finished\CQ20903.md,CQ20903.md,20903,,,,,,quarantined,NO_BLOCK1_YAML; missing-key; missing-outline; missing-c3-annotation; missing-components; missing-program-intelligence; not-sql-emitted,,false,false,false,false,
C:\FOC\Workspace\Finished\CQ20911.md,CQ20911.md,20911,20911_lydias_provision,CONSTITUTIONAL_LAW,42010301,B,PASS,draft_ready,,1621,true,true,true,true,20911_lydias_provision
C:\FOC\Workspace\Finished\CQ20921.md,CQ20921.md,20921,20921_farm_tech_frost_easement,REAL_PROPERTY,81020104,C,PASS,draft_ready,,577,true,true,true,true,20921_farm_tech_frost_easement
C:\FOC\Workspace\Finished\CQ20924.md,CQ20924.md,20924,20924_fabric-cover-damages,CONTRACTS,51060104,C,PASS,draft_ready,,599,true,true,true,true,20924_fabric-cover-damages
C:\FOC\Workspace\Finished\CQ20931.md,CQ20931.md,20931,20931_candlestick_strikes,CRIMINAL,74020101,A,PASS,draft_ready,,680,true,true,true,true,20931_candlestick_strikes
C:\FOC\Workspace\Finished\CQ20934.md,CQ20934.md,20934,20934_fig_loft_life_estate,REAL_PROPERTY,82010504,C,PASS,draft_ready,,519,true,true,true,true,20934_fig_loft_life_estate
C:\FOC\Workspace\Finished\CQ20943.md,CQ20943.md,20943,20943_courier_prayer_cards,CRIMINAL,71040100,C,PASS,draft_ready,,430,true,true,true,true,20943_courier_prayer_cards
C:\FOC\Workspace\Finished\CQ20945.md,CQ20945.md,20945,20945_gospel_theater_van,CRIMINAL,71040200,D,PASS,draft_ready,,279,true,true,true,true,20945_gospel_theater_van
C:\FOC\Workspace\Finished\CQ20953.md,CQ20953.md,20953,20953_tshirt_launcher,CRIMINAL,74020102,D,PASS,draft_ready,,317,true,true,true,true,20953_tshirt_launcher
C:\FOC\Workspace\Finished\CQ20954.md,CQ20954.md,20954,20954_chapel-break,CRIMINAL,75080102,A,PASS,draft_ready,,385,true,true,true,true,20954_chapel-break
C:\FOC\Workspace\Finished\CQ20979.md,CQ20979.md,20979,20979_lydia-lotion,TORTS,63030302,D,PASS,draft_ready,,939,true,true,true,true,20979_lydia-lotion
C:\FOC\Workspace\Finished\CQ20981.md,CQ20981.md,20981,20981_lydia-station-fountain,CONSTITUTIONAL_LAW,44040501,A,PASS,draft_ready,,869,true,true,true,true,20981_lydia-station-fountain
C:\FOC\Workspace\Finished\CQ20984.md,CQ20984.md,20984,20984_baptism_sign_tin,CRIMINAL,75070202,B,PASS,draft_ready,,260,true,true,true,true,20984_baptism_sign_tin
C:\FOC\Workspace\Finished\CQ20988.md,CQ20988.md,20988,20988_scripture_press_precharge_lineup,CRIMINAL,75080200,C,PASS,draft_ready,,375,true,true,true,true,20988_scripture_press_precharge_lineup
C:\FOC\Workspace\Finished\CQ20995.md,CQ20995.md,20995,20995_passion-play-obscenity,EVIDENCE,32020804,D,PASS,draft_ready,,880,true,true,true,true,20995_passion-play-obscenity
C:\FOC\Workspace\Finished\CQ20997.md,CQ20997.md,20997,20997_ark-bomb,TORTS,63030100,B,PASS,draft_ready,,1281,true,true,true,true,20997_ark-bomb
C:\FOC\Workspace\Finished\CQ21027.md,CQ21027.md,21027,21027_church_vbs_lights,CRIMINAL,74020102,D,PASS,draft_ready,,974,true,true,true,true,21027_church_vbs_lights
C:\FOC\Workspace\Finished\CQ21029.md,CQ21029.md,21029,21029_timothy-barnabas-variant,CONTRACTS,55020203,C,PASS,draft_ready,,1243,true,true,true,true,21029_timothy-barnabas-variant
C:\FOC\Workspace\Finished\CQ21031.md,CQ21031.md,21031,21031_deacon_stephen_massiah,CRIMINAL,75090400,C,PASS,draft_ready,,1007,true,true,true,true,21031_deacon_stephen_massiah
C:\FOC\Workspace\Finished\CQ21037.md,CQ21037.md,21037,21037_lydia_speakers,CRIMINAL,73030801,B,PASS,draft_ready,,450,true,true,true,true,21037_lydia_speakers
C:\FOC\Workspace\Finished\CQ21040.md,CQ21040.md,21040,21040_barnabass_satchel,CRIMINAL,75070000,C,Core,draft_ready,,704,true,true,true,true,21040_barnabass_satchel
C:\FOC\Workspace\Finished\CQ21058.md,CQ21058.md,21058,21058_conference_booth_supply_nook,CRIMINAL,73020500,B,PASS,draft_ready,,488,true,true,true,true,21058_conference_booth_supply_nook
C:\FOC\Workspace\Finished\CQ21076.md,CQ21076.md,21076,21076_lydias_workshop,CRIMINAL,72060205,B,PASS,draft_ready,,664,true,true,true,true,21076_lydias_workshop
C:\FOC\Workspace\Finished\CQ21084.md,CQ21084.md,21084,21084_retreat-pavilion,CRIMINAL,74020101,C,PASS,draft_ready,,307,true,true,true,true,21084_retreat-pavilion
C:\FOC\Workspace\Finished\CQ21096.md,CQ21096.md,21096,21096_radio-ministry-pledge,EVIDENCE,32020405,B,PASS,draft_ready,,948,true,true,true,true,21096_radio-ministry-pledge
C:\FOC\Workspace\Finished\CQ21105.md,CQ21105.md,21105,15017,REAL_PROPERTY,81020401,D,PASS,quarantined,NO_CALL; not-sql-emitted,1988,true,true,true,false,
C:\FOC\Workspace\Finished\CQ21114.md,CQ21114.md,21114,21114_counterclaim-crops,CIVIL_PROCEDURE,94010300,B,PASS,draft_ready,,1046,true,true,true,true,21114_counterclaim-crops
C:\FOC\Workspace\Finished\CQ21121.md,CQ21121.md,21121,21121_ephesus_incense_attempt,CRIMINAL,71040300,C,PASS,draft_ready,,574,true,true,true,true,21121_ephesus_incense_attempt
C:\FOC\Workspace\Finished\CQ21126.md,CQ21126.md,21126,21126_cedar_bookshelf_praise,TORTS,62050200,A,PASS,draft_ready,,432,true,true,true,true,21126_cedar_bookshelf_praise
C:\FOC\Workspace\Finished\CQ21131.md,CQ21131.md,21131,21131,CRIMINAL,71040100,B,PASS,draft_ready,,279,true,true,true,true,21131
C:\FOC\Workspace\Finished\CQ21142.md,CQ21142.md,21142,21142_manna_bakery_surplus,REAL_PROPERTY,83050603,A,PASS,draft_ready,,643,true,true,true,true,21142_manna_bakery_surplus
C:\FOC\Workspace\Finished\CQ21147.md,CQ21147.md,21147,21147_stolen-bible-ads,CONSTITUTIONAL_LAW,44040502,B,PASS,draft_ready,,651,true,true,true,true,21147_stolen-bible-ads
C:\FOC\Workspace\Finished\CQ21151.md,CQ21151.md,21151,,,,,,quarantined,BLOCK1_UNPARSEABLE; missing-key; missing-outline; missing-c3-annotation; missing-components; missing-program-intelligence; not-sql-emitted,,false,false,false,false,
C:\FOC\Workspace\Finished\CQ21153.md,CQ21153.md,21153,21153_retreat_thumb_drive,CRIMINAL,75070200,B,PASS,draft_ready,,475,true,true,true,true,21153_retreat_thumb_drive
C:\FOC\Workspace\Finished\CQ21154.md,CQ21154.md,21154,21154_retreat_vendor_invoices,CONSTITUTIONAL_LAW,42010105,C,PASS,draft_ready,,583,true,true,true,true,21154_retreat_vendor_invoices
C:\FOC\Workspace\Finished\CQ21165.md,CQ21165.md,21165,21165_hillside_hospitality_cottage,CRIMINAL,73030900,C,PASS,draft_ready,,386,true,true,true,true,21165_hillside_hospitality_cottage
C:\FOC\Workspace\Finished\CQ21182.md,CQ21182.md,21182,21182_goats,CONTRACTS,55020100,D,PASS,draft_ready,,2278,true,true,true,true,21182_goats
C:\FOC\Workspace\Finished\CQ21184.md,CQ21184.md,21184,21184_jerusalem_pickpocket,CRIMINAL,73030100,B,PASS,draft_ready,,314,true,true,true,true,21184_jerusalem_pickpocket
C:\FOC\Workspace\Finished\CQ21191.md,CQ21191.md,21191,21191_conference_soundboard_withdrawal,CRIMINAL,71040200,C,PASS,draft_ready,,390,true,true,true,true,21191_conference_soundboard_withdrawal
C:\FOC\Workspace\Finished\CQ21197.md,CQ21197.md,21197,21197_stillwater-quarry,CRIMINAL,75080101,C,PASS,draft_ready,,421,true,true,true,true,21197_stillwater-quarry
C:\FOC\Workspace\Finished\CQ21210.md,CQ21210.md,21210,21210_psalm_sticker_printer,TORTS,62050303,D,PASS,draft_ready,,481,true,true,true,true,21210_psalm_sticker_printer
C:\FOC\Workspace\Finished\CQ21220.md,CQ21220.md,21220,21220_riverfront_print_hall_permission,REAL_PROPERTY,82010401,C,PASS,draft_ready,,869,true,true,true,true,21220_riverfront_print_hall_permission
C:\FOC\Workspace\Finished\CQ21234.md,CQ21234.md,21234,21234_retreat_shed_station_interview,CRIMINAL,75080101,C,PASS,draft_ready,,434,true,true,true,true,21234_retreat_shed_station_interview
C:\FOC\Workspace\Finished\CQ21244.md,CQ21244.md,21244,21244,CRIMINAL,75100000,C,PASS,draft_ready,,270,true,true,true,false,21244
C:\FOC\Workspace\Finished\CQ21245.md,CQ21245.md,21245,21245_market-road,CRIMINAL,75070202,B,PASS,draft_ready,,321,true,true,true,true,21245_market-road
C:\FOC\Workspace\Finished\CQ21273.md,CQ21273.md,21273,21273_lantern_room_code,CRIMINAL,71040100,D,PASS,draft_ready,,370,true,true,true,true,21273_lantern_room_code
C:\FOC\Workspace\Finished\CQ21320.md,CQ21320.md,21320,21320_javelin-at-camp-elijah,CRIMINAL,74020101,C,PASS,draft_ready,,455,true,true,true,true,21320_javelin-at-camp-elijah
C:\FOC\Workspace\Finished\CQ21331.md,CQ21331.md,21331,21331_naomi_paper_cutter_anxiety,TORTS,61020500,C,PASS,draft_ready,,495,true,true,true,true,21331_naomi_paper_cutter_anxiety
C:\FOC\Workspace\Finished\CQ21348.md,CQ21348.md,21348,21348_garden_gate_pruning_hook,CRIMINAL,74020101,D,PASS,draft_ready,,349,true,true,true,true,21348_garden_gate_pruning_hook
C:\FOC\Workspace\Finished\CQ21374.md,CQ21374.md,21374,21374_hymn_bell_cabin,CRIMINAL,73031000,D,PASS,draft_ready,,429,true,true,true,true,21374_hymn_bell_cabin
C:\FOC\Workspace\Finished\CQ21400.md,CQ21400.md,21400,21400_scripture-card-privilege,EVIDENCE,35030203,A,PASS,draft_ready,,713,true,true,true,true,21400_scripture-card-privilege
C:\FOC\Workspace\Finished\CQ21410.md,CQ21410.md,21410,15023,REAL_PROPERTY,81020901,A,PASS,draft_ready,,1467,true,true,true,false,15023
C:\FOC\Workspace\Finished\CQ21413.md,CQ21413.md,21413,21413_paul_archery_variance,CRIMINAL,71040300,C,PASS,draft_ready,,466,true,true,true,true,21413_paul_archery_variance
C:\FOC\Workspace\Finished\CQ21422.md,CQ21422.md,21422,21422_hayloft-ladder,CIVIL_PROCEDURE,95070402,C,PASS,draft_ready,,1123,true,true,true,true,21422_hayloft-ladder
C:\FOC\Workspace\Finished\CQ21426.md,CQ21426.md,21426,21426_hymnal_box_bus_stop,CRIMINAL,72060202,B,PASS,draft_ready,,720,true,true,true,true,21426_hymnal_box_bus_stop
C:\FOC\Workspace\Finished\CQ21449.md,CQ21449.md,21449,,,,,,quarantined,NO_BLOCK1_YAML; missing-key; missing-outline; missing-c3-annotation; missing-components; missing-program-intelligence; not-sql-emitted,,false,false,false,false,
C:\FOC\Workspace\Finished\CQ21453.md,CQ21453.md,21453,21453_v3,CONSTITUTIONAL_LAW,44040602,C,PASS,draft_ready,,1725,true,true,true,true,21453_v3
C:\FOC\Workspace\Finished\CQ21460.md,CQ21460.md,21460,21460_barnabas-ledge,CRIMINAL,72010301,B,PASS,draft_ready,,641,true,true,true,true,21460_barnabas-ledge
C:\FOC\Workspace\Finished\CQ21467.md,CQ21467.md,21467,21467_outreach_supply_van,EVIDENCE,35030303,C,PASS,draft_ready,,521,true,true,true,true,21467_outreach_supply_van
C:\FOC\Workspace\Finished\CQ21504.md,CQ21504.md,21504,21504_olive_grove_stephen,CRIMINAL,73030100,B,PASS,draft_ready,,511,true,true,true,true,21504_olive_grove_stephen
C:\FOC\Workspace\Finished\CQ21519.md,CQ21519.md,21519,21519_goats,CONTRACTS,55020202,C,PASS,draft_ready,,1192,true,true,true,true,21519_goats
C:\FOC\Workspace\Finished\CQ21525.md,CQ21525.md,21525,21525_minor-tutor-laptop,CONTRACTS,54030100,C,PASS,draft_ready,,1215,true,true,true,true,21525_minor-tutor-laptop
C:\FOC\Workspace\Finished\CQ21526.md,CQ21526.md,21526,,,,,,quarantined,BLOCK1_UNPARSEABLE; missing-key; missing-outline; missing-c3-annotation; missing-components; missing-program-intelligence; not-sql-emitted,,false,false,false,false,
C:\FOC\Workspace\Finished\CQ21530.md,CQ21530.md,21530,21530_ministry_van_fraud,CRIMINAL,73030300,A,PASS,draft_ready,,396,true,true,true,true,21530_ministry_van_fraud
C:\FOC\Workspace\Finished\CQ21545.md,CQ21545.md,21545,21545_grain-elevator-repeat,EVIDENCE,31010202,B,PASS,draft_ready,,345,true,true,true,true,21545_grain-elevator-repeat
C:\FOC\Workspace\Finished\CQ21572.md,CQ21572.md,21572,21572_church_resource_fair_library,CRIMINAL,73030200,C,PASS,draft_ready,,1635,true,true,true,true,21572_church_resource_fair_library
C:\FOC\Workspace\Finished\CQ21581.md,CQ21581.md,21581,21581_covenant-settlement,TORTS,62050200,D,PASS,draft_ready,,1461,true,true,true,true,21581_covenant-settlement
C:\FOC\Workspace\Finished\CQ21597.md,CQ21597.md,21597,21597_jonah-windows,CRIMINAL,71040100,C,PASS,draft_ready,,325,true,true,true,true,21597_jonah-windows
C:\FOC\Workspace\Finished\CQ21599.md,CQ21599.md,21599,,,,,,quarantined,NO_BLOCK1_YAML; missing-key; missing-outline; missing-c3-annotation; missing-components; missing-program-intelligence; not-sql-emitted,,false,false,false,false,
C:\FOC\Workspace\Finished\CQ21601.md,CQ21601.md,21601,21601_josiah_warehouse_variance,CRIMINAL,75070200,A,PASS,draft_ready,,431,true,true,true,true,21601_josiah_warehouse_variance
C:\FOC\Workspace\Finished\CQ21605.md,CQ21605.md,21605,21605_joppa_balcony_malice,CRIMINAL,74020101,B,PASS,draft_ready,,390,true,true,true,true,21605_joppa_balcony_malice
C:\FOC\Workspace\Finished\CQ21607.md,CQ21607.md,21607,21607_retreat_lodge_forklift_recklessness,CRIMINAL,72060100,D,PASS,draft_ready,,494,true,true,true,true,21607_retreat_lodge_forklift_recklessness
C:\FOC\Workspace\Finished\CQ21629.md,CQ21629.md,21629,21629_hymn_console_driveway_shooting,CRIMINAL,72060205,B,PASS,draft_ready,,363,true,true,true,true,21629_hymn_console_driveway_shooting
C:\FOC\Workspace\Finished\CQ21651.md,CQ21651.md,21651,21651_retreat_platform_surgery_delay,CRIMINAL,72010303,B,PASS,draft_ready,,447,true,true,true,true,21651_retreat_platform_surgery_delay
C:\FOC\Workspace\Finished\CQ21678.md,CQ21678.md,21678,21678_retreat_center_interview_crash,CRIMINAL,74020102,B,PASS,draft_ready,,701,true,true,true,true,21678_retreat_center_interview_crash
C:\FOC\Workspace\Finished\CQ21680.md,CQ21680.md,21680,21680_lydia_senate_panel,CONSTITUTIONAL_LAW,42010301,A,PASS,draft_ready,,558,true,true,true,true,21680_lydia_senate_panel
C:\FOC\Workspace\Finished\CQ21690.md,CQ21690.md,21690,21690_psalms_archive,CRIMINAL,71040100,C,PASS,draft_ready,,414,true,true,true,true,21690_psalms_archive
C:\FOC\Workspace\Finished\CQ21694.md,CQ21694.md,21694,21694_lydias_mountain_tunnel,CONSTITUTIONAL_LAW,41030403,B,PASS,draft_ready,,681,true,true,true,true,21694_lydias_mountain_tunnel
C:\FOC\Workspace\Finished\CQ21696.md,CQ21696.md,21696,21696_voice-catchphrase-radio,TORTS,62050402,C,PASS,draft_ready,,939,true,true,true,true,21696_voice-catchphrase-radio
C:\FOC\Workspace\Finished\CQ21700.md,CQ21700.md,21700,21700_king_solomons_banquet,CRIMINAL,74020101,B,Core,draft_ready,,622,true,true,true,true,21700_king_solomons_banquet
C:\FOC\Workspace\Finished\CQ21707.md,CQ21707.md,21707,21707,CRIMINAL,72060101,A,PASS,draft_ready,,256,true,true,true,false,21707
C:\FOC\Workspace\Finished\CQ21711.md,CQ21711.md,21711,21711_foam_whale_nativity_attachment,CIVIL_PROCEDURE,94020302,B,PASS,draft_ready,,530,true,true,true,true,21711_foam_whale_nativity_attachment
C:\FOC\Workspace\Finished\CQ21721.md,CQ21721.md,21721,21721_presidents-unpaid-banners,CONSTITUTIONAL_LAW,42010208,C,PASS,draft_ready,,525,true,true,true,true,21721_presidents-unpaid-banners
C:\FOC\Workspace\Finished\CQ21750.md,CQ21750.md,21750,,,,,,quarantined,BLOCK1_UNPARSEABLE; missing-key; missing-outline; missing-c3-annotation; missing-components; missing-program-intelligence; not-sql-emitted,,false,false,false,false,
C:\FOC\Workspace\Finished\CQ21752.md,CQ21752.md,21752,21752_olive_oil_ramp,TORTS,62060101,C,PASS,draft_ready,,523,true,true,true,false,21752_olive_oil_ramp
C:\FOC\Workspace\Finished\CQ21769.md,CQ21769.md,21769,21769_goats-waiver,CONTRACTS,52040100,D,PASS,draft_ready,,1088,true,true,true,true,21769_goats-waiver
C:\FOC\Workspace\Finished\CQ21770.md,CQ21770.md,21770,21770_abigail-stool,CRIMINAL,75080100,C,PASS,draft_ready,,674,true,true,true,true,21770_abigail-stool
C:\FOC\Workspace\Finished\CQ21778.md,CQ21778.md,21778,21778_honduras_pledge,EVIDENCE,34050101,C,PASS,draft_ready,,1937,true,true,true,true,21778_honduras_pledge
C:\FOC\Workspace\Finished\CQ21780.md,CQ21780.md,21780,21780_christian-conference-storage,EVIDENCE,32020402,C,PASS,draft_ready,,1131,true,true,true,true,21780_christian-conference-storage
C:\FOC\Workspace\Finished\CQ21783.md,CQ21783.md,21783,21783_praise_team_tablets,CRIMINAL,71040200,A,PASS,draft_ready,,380,true,true,true,true,21783_praise_team_tablets
C:\FOC\Workspace\Finished\CQ21796.md,CQ21796.md,21796,21796_telehealth_prayer_support,EVIDENCE,35030204,A,PASS,draft_ready,,605,true,true,true,true,21796_telehealth_prayer_support
C:\FOC\Workspace\Finished\CQ21816.md,CQ21816.md,21816,21816_lydia_projector_repose,CIVIL_PROCEDURE,96060100,C,PASS,draft_ready,,506,true,true,true,true,21816_lydia_projector_repose
C:\FOC\Workspace\Finished\CQ21845.md,CQ21845.md,21845,21845,CRIMINAL,71040300,B,PASS,quarantined,tiny-stem,213,true,true,true,false,21845
C:\FOC\Workspace\Finished\CQ21848.md,CQ21848.md,21848,21848_manna_house_family_integrity,CONSTITUTIONAL_LAW,44040202,C,PASS,draft_ready,,486,true,true,true,true,21848_manna_house_family_integrity
C:\FOC\Workspace\Finished\CQ21852.md,CQ21852.md,21852,21852_church_bible_sting,CRIMINAL,71040200,B,PASS,draft_ready,,740,true,true,true,true,21852_church_bible_sting
C:\FOC\Workspace\Finished\CQ21867.md,CQ21867.md,21867,21867_psalm_puzzle_booth,CRIMINAL,74020102,A,PASS,draft_ready,,548,true,true,true,true,21867_psalm_puzzle_booth
C:\FOC\Workspace\Finished\CQ21869.md,CQ21869.md,21869,21869_tiny_house_hymn_sheet,CRIMINAL,75070201,D,PASS,draft_ready,,332,true,true,true,false,21869_tiny_house_hymn_sheet
C:\FOC\Workspace\Finished\CQ21872.md,CQ21872.md,21872,21872_scripturequest_price_gate,CONSTITUTIONAL_LAW,41030402,C,PASS,draft_ready,,442,true,true,true,false,21872_scripturequest_price_gate
C:\FOC\Workspace\Finished\CQ21875.md,CQ21875.md,21875,21875_cottage_prayer_porches,CRIMINAL,75070200,A,PASS,draft_ready,,457,true,true,true,true,21875_cottage_prayer_porches
C:\FOC\Workspace\Finished\CQ21879.md,CQ21879.md,21879,21879_noahs_ark_puppet_set,CONTRACTS,55020101,C,PASS,draft_ready,,807,true,true,true,false,21879_noahs_ark_puppet_set
C:\FOC\Workspace\Finished\CQ22000.md,CQ22000.md,22000,22000_hymn_vineyard_bearer_deed,REAL_PROPERTY,84040201,D,PASS,draft_ready,,819,true,true,true,true,22000_hymn_vineyard_bearer_deed
C:\FOC\Workspace\Finished\CQ22002.md,CQ22002.md,22002,22002_kiln_room,REAL_PROPERTY,82010402,B,PASS,draft_ready,,850,true,true,true,true,22002_kiln_room
C:\FOC\Workspace\Finished\CQ22003.md,CQ22003.md,22003,22003_vineyard,REAL_PROPERTY,82010301,C,PASS,draft_ready,,1011,true,true,true,true,22003_vineyard
C:\FOC\Workspace\Finished\CQ22004.md,CQ22004.md,22004,22004_psalm_cottage_storm_rebuild,REAL_PROPERTY,82010402,A,PASS,draft_ready,,482,true,true,true,true,22004_psalm_cottage_storm_rebuild
C:\FOC\Workspace\Finished\CQ22005.md,CQ22005.md,22005,22005_barnabas_orchard_chapel_sheds,REAL_PROPERTY,85030400,B,PASS,draft_ready,,826,true,true,true,true,22005_barnabas_orchard_chapel_sheds
C:\FOC\Workspace\Finished\CQ22006.md,CQ22006.md,22006,22006_naomi_gravel_path_license,REAL_PROPERTY,81020300,B,PASS,draft_ready,,454,true,true,true,true,22006_naomi_gravel_path_license
C:\FOC\Workspace\Finished\CQ22010.md,CQ22010.md,22010,22010_cedar_vineyard_survivor_devise,REAL_PROPERTY,82010302,B,PASS,draft_ready,,872,true,true,true,true,22010_cedar_vineyard_survivor_devise
C:\FOC\Workspace\Finished\CQ22011.md,CQ22011.md,22011,22011_olive_press_appointment_deed,REAL_PROPERTY,82010000,C,PASS,draft_ready,,713,true,true,true,true,22011_olive_press_appointment_deed
C:\FOC\Workspace\Finished\CQ22012.md,CQ22012.md,22012,22012_ruth_house_determinable_gift,REAL_PROPERTY,82010204,D,PASS,draft_ready,,565,true,true,true,true,22012_ruth_house_determinable_gift
C:\FOC\Workspace\Finished\CQ22013.md,CQ22013.md,22013,22013_stephen_olive_grove_life_estate,REAL_PROPERTY,82010103,C,PASS,draft_ready,,978,true,true,true,true,22013_stephen_olive_grove_life_estate
C:\FOC\Workspace\Finished\CQ22015.md,CQ22015.md,22015,22015_hannah_guesthouse_accommodation_mortgage,REAL_PROPERTY,83050101,A,PASS,draft_ready,,471,true,true,true,true,22015_hannah_guesthouse_accommodation_mortgage
C:\FOC\Workspace\Finished\CQ22016.md,CQ22016.md,22016,22016_covenant_creek_ouster_rent,REAL_PROPERTY,82010303,A,PASS,draft_ready,,912,true,true,true,true,22016_covenant_creek_ouster_rent
C:\FOC\Workspace\Finished\CQ22017.md,CQ22017.md,22017,22017_silas_fig_orchard_escrow_delivery,REAL_PROPERTY,84040203,D,PASS,draft_ready,,1179,true,true,true,true,22017_silas_fig_orchard_escrow_delivery
C:\FOC\Workspace\Finished\CQ22018.md,CQ22018.md,22018,22018_lakeside_lodge_risk,REAL_PROPERTY,85030400,B,PASS,draft_ready,,1170,true,true,true,true,22018_lakeside_lodge_risk
C:\FOC\Workspace\Finished\CQ22019.md,CQ22019.md,22019,22019_cedar_ridge_heat_covenant,REAL_PROPERTY,81020401,C,PASS,draft_ready,,938,true,true,true,true,22019_cedar_ridge_heat_covenant
C:\FOC\Workspace\Finished\CQ22022.md,CQ22022.md,22022,22022_lakeside_cottage_sublease,REAL_PROPERTY,82010404,C,PASS,draft_ready,,681,true,true,true,true,22022_lakeside_cottage_sublease
C:\FOC\Workspace\Finished\CQ22023.md,CQ22023.md,22023,22023_jesse-vineyard,REAL_PROPERTY,82010503,B,PASS,draft_ready,,993,true,true,true,true,22023_jesse-vineyard
C:\FOC\Workspace\Finished\CQ22024.md,CQ22024.md,22024,22024_hannah-bethel-house,REAL_PROPERTY,82010502,A,PASS,draft_ready,,709,true,true,true,true,22024_hannah-bethel-house
C:\FOC\Workspace\Finished\CQ22031.md,CQ22031.md,22031,22031_vineyard_prayer_path,REAL_PROPERTY,84040205,C,PASS,draft_ready,,433,true,true,true,true,22031_vineyard_prayer_path
C:\FOC\Workspace\Finished\CQ22039.md,CQ22039.md,22039,22039_lydia-candleworks-option,REAL_PROPERTY,82010503,D,PASS,draft_ready,,927,true,true,true,true,22039_lydia-candleworks-option
C:\FOC\Workspace\Finished\CQ22050.md,CQ22050.md,22050,22050_aqueduct-pipeline,REAL_PROPERTY,81020104,B,PASS,draft_ready,,1577,true,true,true,true,22050_aqueduct-pipeline
C:\FOC\Workspace\Finished\CQ22051.md,CQ22051.md,22051,22051_lydia_dyeworks,REAL_PROPERTY,84040205,B,PASS,draft_ready,,1206,true,true,true,true,22051_lydia_dyeworks
C:\FOC\Workspace\Finished\CQ22052.md,CQ22052.md,22052,22052_stephen_pottery,REAL_PROPERTY,82010303,C,PASS,draft_ready,,1583,true,true,true,true,22052_stephen_pottery
C:\FOC\Workspace\Finished\CQ22053.md,CQ22053.md,22053,22053_christmas_tree_waste,REAL_PROPERTY,81020102,C,PASS,draft_ready,,685,true,true,true,true,22053_christmas_tree_waste
C:\FOC\Workspace\Finished\CQ22054.md,CQ22054.md,22054,22054_hannah_farm_tbe,REAL_PROPERTY,82010300,B,PASS,quarantined,tiny-stem,247,true,true,true,true,22054_hannah_farm_tbe
C:\FOC\Workspace\Finished\CQ22055.md,CQ22055.md,22055,22055_hannah_farm_jt_marketable,REAL_PROPERTY,85030300,C,PASS,draft_ready,,941,true,true,true,true,22055_hannah_farm_jt_marketable
C:\FOC\Workspace\Finished\CQ22056.md,CQ22056.md,22056,22056_naomi-caleb-subletting,REAL_PROPERTY,82010404,C,PASS,draft_ready,,964,true,true,true,true,22056_naomi-caleb-subletting
C:\FOC\Workspace\Finished\CQ22062.md,CQ22062.md,22062,22062_private_bookshop_omitted_mortgagee,REAL_PROPERTY,83050603,C,PASS,draft_ready,,821,true,true,true,true,22062_private_bookshop_omitted_mortgagee
C:\FOC\Workspace\Finished\CQ22069.md,CQ22069.md,22069,22069_hymnbook_splash_pad,REAL_PROPERTY,84040103,C,PASS,draft_ready,,716,true,true,true,true,22069_hymnbook_splash_pad
C:\FOC\Workspace\Finished\CQ22100.md,CQ22100.md,22100,22100_vineyard_cartpath,REAL_PROPERTY,81020105,C,PASS,draft_ready,,766,true,true,true,true,22100_vineyard_cartpath
C:\FOC\Workspace\Finished\CQ22101.md,CQ22101.md,22101,22101_scripture_card_cottage,REAL_PROPERTY,85030300,D,PASS,draft_ready,,916,true,true,true,true,22101_scripture_card_cottage
C:\FOC\Workspace\Finished\CQ22102.md,CQ22102.md,22102,22102_orchard_cottage_at_will,REAL_PROPERTY,82010401,B,PASS,draft_ready,,699,true,true,true,true,22102_orchard_cottage_at_will
C:\FOC\Workspace\Finished\CQ22103.md,CQ22103.md,22103,22103_lydia_lakeside_retreat_fire,REAL_PROPERTY,85030400,C,PASS,draft_ready,,807,true,true,true,true,22103_lydia_lakeside_retreat_fire
C:\FOC\Workspace\Finished\CQ22104.md,CQ22104.md,22104,22104_esther_mercy_grove_description,REAL_PROPERTY,85030102,D,PASS,draft_ready,,1288,true,true,true,true,22104_esther_mercy_grove_description
C:\FOC\Workspace\Finished\CQ22105.md,CQ22105.md,22105,22105_hannah_lakeside_joint_tenant_lien,REAL_PROPERTY,82010301,B,PASS,draft_ready,,560,true,true,true,true,22105_hannah_lakeside_joint_tenant_lien
C:\FOC\Workspace\Finished\CQ22106.md,CQ22106.md,22106,22106_lydia_garden_cottage_periodic,REAL_PROPERTY,82010401,A,PASS,draft_ready,,603,true,true,true,true,22106_lydia_garden_cottage_periodic
C:\FOC\Workspace\Finished\CQ22108.md,CQ22108.md,22108,22108_prayer_garden_installment_title,REAL_PROPERTY,85030100,B,PASS,draft_ready,,941,true,true,true,true,22108_prayer_garden_installment_title
C:\FOC\Workspace\Finished\CQ22125.md,CQ22125.md,22125,22125_ruths_craft_workshop,REAL_PROPERTY,82010402,B,PASS,draft_ready,,520,true,true,true,true,22125_ruths_craft_workshop
C:\FOC\Workspace\Finished\CQ22134.md,CQ22134.md,22134,22134_hannah_cottage_variance,REAL_PROPERTY,82010402,C,PASS,draft_ready,,839,true,true,true,true,22134_hannah_cottage_variance
C:\FOC\Workspace\Finished\CQ22138.md,CQ22138.md,22138,22138_revival_hall_repainting,REAL_PROPERTY,82010402,C,PASS,draft_ready,,756,true,true,true,true,22138_revival_hall_repainting
C:\FOC\Workspace\Finished\CQ22139.md,CQ22139.md,22139,22139_mountain_retreat_ouster,REAL_PROPERTY,82010501,C,PASS,quarantined,tiny-stem,127,true,true,true,true,22139_mountain_retreat_ouster
C:\FOC\Workspace\Finished\CQ22140.md,CQ22140.md,22140,22140_solomons_vineyard,REAL_PROPERTY,00000000,B,Core,quarantined,missing-outline,974,true,true,true,true,22140_solomons_vineyard
C:\FOC\Workspace\Finished\CQ22143.md,CQ22143.md,22143,22143_gospel_drama_recording,EVIDENCE,33040400,C,PASS,draft_ready,,824,true,true,true,true,22143_gospel_drama_recording
C:\FOC\Workspace\Finished\CQ22146.md,CQ22146.md,22146,22146_seminary_dean,EVIDENCE,32020100,D,PASS,draft_ready,,16303,true,true,true,true,22146_seminary_dean
C:\FOC\Workspace\Finished\CQ22150.md,CQ22150.md,22150,22150_miriam_retreat_scarf,EVIDENCE,33040302,A,PASS,draft_ready,,870,true,true,true,true,22150_miriam_retreat_scarf
C:\FOC\Workspace\Finished\CQ22151.md,CQ22151.md,22151,22151_stephen_hymnal_locker,EVIDENCE,35030205,D,PASS,draft_ready,,399,true,true,true,true,22151_stephen_hymnal_locker
C:\FOC\Workspace\Finished\CQ22152.md,CQ22152.md,22152,22152_ruth_goat_shoulder,EVIDENCE,33040302,C,PASS,draft_ready,,626,true,true,true,true,22152_ruth_goat_shoulder
C:\FOC\Workspace\Finished\CQ22153.md,CQ22153.md,22153,22153_bookstore_van_impeachment,EVIDENCE,31010504,D,PASS,draft_ready,,564,true,true,true,true,22153_bookstore_van_impeachment
C:\FOC\Workspace\Finished\CQ22154.md,CQ22154.md,22154,22154_retreat_cabin_presumption,EVIDENCE,31010103,C,PASS,draft_ready,,1017,true,true,true,true,22154_retreat_cabin_presumption
C:\FOC\Workspace\Finished\CQ22155.md,CQ22155.md,22155,22155_harvest_train_report,EVIDENCE,33040103,C,PASS,draft_ready,,524,true,true,true,true,22155_harvest_train_report
C:\FOC\Workspace\Finished\CQ22156.md,CQ22156.md,22156,22156_book_fair_van_insurance,EVIDENCE,35030304,B,PASS,draft_ready,,768,true,true,true,true,22156_book_fair_van_insurance
C:\FOC\Workspace\Finished\CQ22157.md,CQ22157.md,22157,22157_christian_shepherd_dispute,EVIDENCE,33040302,C,PASS,draft_ready,,807,true,true,true,true,22157_christian_shepherd_dispute
C:\FOC\Workspace\Finished\CQ22161.md,CQ22161.md,22161,,,,,,quarantined,NO_BLOCK1_YAML; missing-key; missing-outline; missing-c3-annotation; missing-components; missing-program-intelligence; not-sql-emitted,,false,false,false,false,
C:\FOC\Workspace\Finished\CQ22164.md,CQ22164.md,22164,22164_tractor,EVIDENCE,31010100,C,PASS,draft_ready,,837,true,true,true,true,22164_tractor
C:\FOC\Workspace\Finished\CQ22180.md,CQ22180.md,22180,22180_pottery-kiln-hannah,EVIDENCE,31010203,B,PASS,draft_ready,,971,true,true,true,true,22180_pottery-kiln-hannah
C:\FOC\Workspace\Finished\CQ22198.md,CQ22198.md,22198,22198_antiquarian_smuggler,EVIDENCE,33040301,C,PASS,draft_ready,,1101,true,true,true,true,22198_antiquarian_smuggler
C:\FOC\Workspace\Finished\CQ22209.md,CQ22209.md,22209,22209_peter-dorm-box,EVIDENCE,32020300,C,PASS,draft_ready,,442,true,true,true,true,22209_peter-dorm-box
C:\FOC\Workspace\Finished\CQ22210.md,CQ22210.md,22210,22210_gospel_tour_van,EVIDENCE,31010502,B,PASS,draft_ready,,1111,true,true,true,true,22210_gospel_tour_van
C:\FOC\Workspace\Finished\CQ22211.md,CQ22211.md,22211,22211_lydia-purple-cloth,EVIDENCE,31010407,C,PASS,draft_ready,,963,true,true,true,true,22211_lydia-purple-cloth
C:\FOC\Workspace\Finished\CQ22212.md,CQ22212.md,22212,22212_timothy-trade-usage,EVIDENCE,31010405,C,PASS,draft_ready,,718,true,true,true,true,22212_timothy-trade-usage
C:\FOC\Workspace\Finished\CQ22213.md,CQ22213.md,22213,22213_lydia-potluck,EVIDENCE,31010406,B,PASS,draft_ready,,633,true,true,true,true,22213_lydia-potluck
C:\FOC\Workspace\Finished\CQ22214.md,CQ22214.md,22214,22214_barnabas-hearsay,EVIDENCE,35030203,C,PASS,draft_ready,,799,true,true,true,true,22214_barnabas-hearsay
C:\FOC\Workspace\Finished\CQ22215.md,CQ22215.md,22215,22215_farm-equipment-deposition,EVIDENCE,33040301,C,PASS,draft_ready,,955,true,true,true,true,22215_farm-equipment-deposition
C:\FOC\Workspace\Finished\CQ22216.md,CQ22216.md,22216,22216_craft-market-identification,EVIDENCE,31010400,D,PASS,draft_ready,,745,true,true,true,true,22216_craft-market-identification
C:\FOC\Workspace\Finished\CQ22217.md,CQ22217.md,22217,22217_peter-roof-inspection,EVIDENCE,31010400,C,PASS,draft_ready,,631,true,true,true,true,22217_peter-roof-inspection
C:\FOC\Workspace\Finished\CQ22218.md,CQ22218.md,22218,22218_barnabas-homicide-trial,EVIDENCE,31010400,C,PASS,draft_ready,,1420,true,true,true,true,22218_barnabas-homicide-trial
C:\FOC\Workspace\Finished\CQ22219.md,CQ22219.md,22219,22219_baptism_dock_bottleneck,EVIDENCE,33040202,C,PASS,draft_ready,,628,true,true,true,true,22219_baptism_dock_bottleneck
C:\FOC\Workspace\Finished\CQ22220.md,CQ22220.md,22220,22220_orchard_lane_quiet_title,EVIDENCE,35030205,A,PASS,draft_ready,,680,true,true,true,true,22220_orchard_lane_quiet_title
C:\FOC\Workspace\Finished\CQ22221.md,CQ22221.md,22221,22221_guardian_consultation,EVIDENCE,35030205,C,PASS,draft_ready,,1416,true,true,true,true,22221_guardian_consultation
C:\FOC\Workspace\Finished\CQ22222.md,CQ22222.md,22222,22222_spousal_custody_battle,EVIDENCE,35030201,C,PASS,draft_ready,,1260,true,true,true,true,22222_spousal_custody_battle
C:\FOC\Workspace\Finished\CQ22223.md,CQ22223.md,22223,22223_relief-kickback-cross,EVIDENCE,31010502,B,PASS,draft_ready,,1031,true,true,true,true,22223_relief-kickback-cross
C:\FOC\Workspace\Finished\CQ22224.md,CQ22224.md,22224,22224_retreat-shuttle-bend,EVIDENCE,31010101,C,PASS,draft_ready,,1364,true,true,true,true,22224_retreat-shuttle-bend
C:\FOC\Workspace\Finished\CQ22225.md,CQ22225.md,22225,22225_resurrection_run_ankle,EVIDENCE,33040302,B,PASS,draft_ready,,726,true,true,true,true,22225_resurrection_run_ankle
C:\FOC\Workspace\Finished\CQ22226.md,CQ22226.md,22226,22226_ark_barn_ticket_safe,EVIDENCE,35030203,B,PASS,draft_ready,,845,true,true,true,true,22226_ark_barn_ticket_safe
C:\FOC\Workspace\Finished\CQ22227.md,CQ22227.md,22227,22227_barn-fire-daniel,EVIDENCE,31010407,C,PASS,draft_ready,,966,true,true,true,true,22227_barn-fire-daniel
C:\FOC\Workspace\Finished\CQ22228.md,CQ22228.md,22228,22228_construction-timothy,EVIDENCE,31010400,C,PASS,draft_ready,,1158,true,true,true,true,22228_construction-timothy
C:\FOC\Workspace\Finished\CQ22229.md,CQ22229.md,22229,22229_stephen-canoe,EVIDENCE,35030304,B,PASS,draft_ready,,881,true,true,true,true,22229_stephen-canoe
C:\FOC\Workspace\Finished\CQ22230.md,CQ22230.md,22230,22230_daniel-vineyard,EVIDENCE,31010402,C,PASS,draft_ready,,1122,true,true,true,true,22230_daniel-vineyard
C:\FOC\Workspace\Finished\CQ22231.md,CQ22231.md,22231,22231_revival_bus_cards,EVIDENCE,32020404,C,PASS,draft_ready,,10590,true,true,true,true,22231_revival_bus_cards
C:\FOC\Workspace\Finished\CQ22232.md,CQ22232.md,22232,22232_harvest_stage_oath,EVIDENCE,31010406,B,PASS,draft_ready,,9633,true,true,true,true,22232_harvest_stage_oath
C:\FOC\Workspace\Finished\CQ22233.md,CQ22233.md,22233,22233_hymn-trailer,EVIDENCE,32020100,C,PASS,draft_ready,,1024,true,true,true,true,22233_hymn-trailer
C:\FOC\Workspace\Finished\CQ22234.md,CQ22234.md,22234,22234_chapel-organ,EVIDENCE,31010402,B,PASS,draft_ready,,499,true,true,true,true,22234_chapel-organ
C:\FOC\Workspace\Finished\CQ22235.md,CQ22235.md,22235,22235_pilgrim_events_weekly,EVIDENCE,32020700,C,PASS,draft_ready,,302,true,true,true,true,22235_pilgrim_events_weekly
C:\FOC\Workspace\Finished\CQ22236.md,CQ22236.md,22236,22236_orchard_wagon_claims_log,EVIDENCE,32020600,B,PASS,draft_ready,,1054,true,true,true,true,22236_orchard_wagon_claims_log
C:\FOC\Workspace\Finished\CQ22237.md,CQ22237.md,22237,22237_pilgrim_route_binders,EVIDENCE,33040101,C,PASS,draft_ready,,9801,true,true,true,true,22237_pilgrim_route_binders
C:\FOC\Workspace\Finished\CQ22238.md,CQ22238.md,22238,22238_medical_history_christian,EVIDENCE,33040302,D,PASS,draft_ready,,873,true,true,true,true,22238_medical_history_christian
C:\FOC\Workspace\Finished\CQ22239.md,CQ22239.md,22239,22239_kiln-explosion,EVIDENCE,35030205,D,PASS,draft_ready,,1083,true,true,true,true,22239_kiln-explosion
C:\FOC\Workspace\Finished\CQ22240.md,CQ22240.md,22240,22240_sailing-school,EVIDENCE,31010402,A,PASS,draft_ready,,898,true,true,true,true,22240_sailing-school
C:\FOC\Workspace\Finished\CQ22265.md,CQ22265.md,22265,22265_bookstore_delivery_bill,EVIDENCE,35030305,B,PASS,draft_ready,,409,true,true,true,true,22265_bookstore_delivery_bill
C:\FOC\Workspace\Finished\CQ22266.md,CQ22266.md,22266,,,,,,quarantined,NO_BLOCK1_YAML; missing-key; missing-outline; missing-c3-annotation; missing-components; missing-program-intelligence; not-sql-emitted,,false,false,false,false,
C:\FOC\Workspace\Finished\CQ22269.md,CQ22269.md,22269,22269_lakeside-boat-collision,EVIDENCE,33040101,A,PASS,draft_ready,,625,true,true,true,true,22269_lakeside-boat-collision
C:\FOC\Workspace\Finished\CQ22274.md,CQ22274.md,22274,22274_ramshorn_mask_sweep,CRIMINAL,75070202,B,PASS,draft_ready,,1048,true,true,true,true,22274_ramshorn_mask_sweep
C:\FOC\Workspace\Finished\CQ22275.md,CQ22275.md,22275,22275_courthouse_weathervane,CRIMINAL,75070201,C,PASS,draft_ready,,970,true,true,true,true,22275_courthouse_weathervane
C:\FOC\Workspace\Finished\CQ22276.md,CQ22276.md,22276,22276_harvest_wine_barn,CRIMINAL,73020700,C,PASS,draft_ready,,763,true,true,true,true,22276_harvest_wine_barn
C:\FOC\Workspace\Finished\CQ22282.md,CQ22282.md,22282,22282_hymn_festival_permit,CRIMINAL,71040200,B,PASS,draft_ready,,1116,true,true,true,true,22282_hymn_festival_permit
C:\FOC\Workspace\Finished\CQ22283.md,CQ22283.md,22283,22283_computer-trespass,CRIMINAL,71040300,C,PASS,draft_ready,,1320,true,true,true,true,22283_computer-trespass
C:\FOC\Workspace\Finished\CQ22284.md,CQ22284.md,22284,22284_father_shoots_elder,CRIMINAL,74020101,C,PASS,draft_ready,,809,true,true,true,true,22284_father_shoots_elder
C:\FOC\Workspace\Finished\CQ22285.md,CQ22285.md,22285,22285_ruth_naomi,CRIMINAL,71040300,C,PASS,draft_ready,,318,true,true,true,true,22285_ruth_naomi
C:\FOC\Workspace\Finished\CQ22286.md,CQ22286.md,22286,22286_lineup-counsel-timothy,CRIMINAL,75080200,C,PASS,draft_ready,,1437,true,true,true,true,22286_lineup-counsel-timothy
C:\FOC\Workspace\Finished\CQ22287.md,CQ22287.md,22287,22287_padilla-plea,CRIMINAL,75090400,C,PASS,draft_ready,,796,true,true,true,true,22287_padilla-plea
C:\FOC\Workspace\Finished\CQ22288.md,CQ22288.md,22288,22288_gift-from-a-friend,CRIMINAL,73030100,D,PASS,draft_ready,,465,true,true,true,true,22288_gift-from-a-friend
C:\FOC\Workspace\Finished\CQ22289.md,CQ22289.md,22289,22289_craftsman_village,CRIMINAL,73030900,B,PASS,draft_ready,,707,true,true,true,true,22289_craftsman_village
C:\FOC\Workspace\Finished\CQ22290.md,CQ22290.md,22290,22290_jubilee_food_trailer,CRIMINAL,75080101,C,PASS,draft_ready,,630,true,true,true,true,22290_jubilee_food_trailer
C:\FOC\Workspace\Finished\CQ22291.md,CQ22291.md,22291,22291_riverfair_scripture_case,CRIMINAL,75070202,C,PASS,draft_ready,,914,true,true,true,true,22291_riverfair_scripture_case
C:\FOC\Workspace\Finished\CQ22292.md,CQ22292.md,22292,22292_sabotaged-vehicle,CRIMINAL,71040200,D,PASS,draft_ready,,803,true,true,true,true,22292_sabotaged-vehicle
C:\FOC\Workspace\Finished\CQ22293.md,CQ22293.md,22293,22293_tentmaker-crossbow,CRIMINAL,73020000,D,PASS,draft_ready,,858,true,true,true,true,22293_tentmaker-crossbow
C:\FOC\Workspace\Finished\CQ22300.md,CQ22300.md,22300,22300_tutoring_office_photos,CRIMINAL,71040200,A,PASS,draft_ready,,745,true,true,true,true,22300_tutoring_office_photos
C:\FOC\Workspace\Finished\CQ22303.md,CQ22303.md,22303,22303_silas_grain,CRIMINAL,75110100,B,PASS,draft_ready,,972,true,true,true,true,22303_silas_grain
C:\FOC\Workspace\Finished\CQ22335.md,CQ22335.md,22335,22335_church_deacon_forced_shooting,CRIMINAL,74020101,B,PASS,draft_ready,,803,true,true,true,true,22335_church_deacon_forced_shooting
C:\FOC\Workspace\Finished\CQ22370.md,CQ22370.md,22370,22370_bookstore_fuel,CRIMINAL,71040300,B,PASS,draft_ready,,540,true,true,true,true,22370_bookstore_fuel
C:\FOC\Workspace\Finished\CQ22384.md,CQ22384.md,22384,22384_choir-camp-tuning-fork,CRIMINAL,73030100,C,PASS,draft_ready,,508,true,true,true,true,22384_choir-camp-tuning-fork
C:\FOC\Workspace\Finished\CQ22398.md,CQ22398.md,22398,22398_retreat_ring_threat,CRIMINAL,74020102,B,PASS,draft_ready,,570,true,true,true,true,22398_retreat_ring_threat
C:\FOC\Workspace\Finished\CQ22400.md,CQ22400.md,22400,22400_conference_suitcase_claim,CRIMINAL,73030400,B,PASS,draft_ready,,875,true,true,true,true,22400_conference_suitcase_claim
C:\FOC\Workspace\Finished\CQ22402.md,CQ22402.md,22402,22402_gospel_hall_fire,CRIMINAL,72010301,B,PASS,draft_ready,,584,true,true,true,true,22402_gospel_hall_fire
C:\FOC\Workspace\Finished\CQ22405.md,CQ22405.md,22405,22405_boathouse_loft_fire,CRIMINAL,74020101,C,PASS,draft_ready,,475,true,true,true,true,22405_boathouse_loft_fire
C:\FOC\Workspace\Finished\CQ22408.md,CQ22408.md,22408,22408,CRIMINAL,75070202,A,PASS,draft_ready,,467,true,true,true,false,22408
C:\FOC\Workspace\Finished\CQ22409.md,CQ22409.md,22409,22409,CRIMINAL,74020102,A,PASS,draft_ready,,308,true,true,true,true,22409
C:\FOC\Workspace\Finished\CQ22410.md,CQ22410.md,22410,22410,CRIMINAL,,B,PASS,quarantined,missing-outline,969,true,true,true,true,22410
C:\FOC\Workspace\Finished\CQ22416.md,CQ22416.md,22416,22416_martha_kitchen_meals,CONTRACTS,55020101,C,PASS,draft_ready,,1428,true,true,true,true,22416_martha_kitchen_meals
C:\FOC\Workspace\Finished\CQ22419.md,CQ22419.md,22419,22419_parol-evidence-christian-antiquities,CONTRACTS,52040300,C,PASS,draft_ready,,848,true,true,true,true,22419_parol-evidence-christian-antiquities
C:\FOC\Workspace\Finished\CQ22422.md,CQ22422.md,22422,22422_timothy_ministry_director,CONTRACTS,51060100,B,PASS,draft_ready,,1487,true,true,true,true,22422_timothy_ministry_director
C:\FOC\Workspace\Finished\CQ22423.md,CQ22423.md,22423,22423_lydia_bookstore_bookmarks,CONTRACTS,55020102,B,PASS,draft_ready,,421,true,true,true,true,22423_lydia_bookstore_bookmarks
C:\FOC\Workspace\Finished\CQ22425.md,CQ22425.md,22425,22425_firm-offer-hymnals,CONTRACTS,55020100,C,PASS,draft_ready,,895,true,true,true,true,22425_firm-offer-hymnals
C:\FOC\Workspace\Finished\CQ22427.md,CQ22427.md,22427,22427_christian-musician,CONTRACTS,53070100,C,PASS,draft_ready,,1829,true,true,true,true,22427_christian-musician
C:\FOC\Workspace\Finished\CQ22444.md,CQ22444.md,22444,22444_lighting_platform_rescue,CONTRACTS,55020201,B,PASS,draft_ready,,547,true,true,true,true,22444_lighting_platform_rescue
C:\FOC\Workspace\Finished\CQ22455.md,CQ22455.md,22455,22455_statute-of-frauds-land,CONTRACTS,55020300,C,PASS,draft_ready,,1659,true,true,true,true,22455_statute-of-frauds-land
C:\FOC\Workspace\Finished\CQ22456.md,CQ22456.md,22456,22456_tutor_rescission,CONTRACTS,54030000,C,PASS,draft_ready,,1029,true,true,true,true,22456_tutor_rescission
C:\FOC\Workspace\Finished\CQ22462.md,CQ22462.md,22462,,,,,,quarantined,BLOCK1_UNPARSEABLE; missing-key; missing-outline; missing-c3-annotation; missing-components; missing-program-intelligence; not-sql-emitted,,false,false,false,false,
C:\FOC\Workspace\Finished\CQ22470.md,CQ22470.md,22470,22470_jericho_wall_panels,CONTRACTS,55020201,C,PASS,draft_ready,,803,true,true,true,true,22470_jericho_wall_panels
C:\FOC\Workspace\Finished\CQ22471.md,CQ22471.md,22471,22471_hymnbook_warehouse_reward,CONTRACTS,55020204,C,PASS,draft_ready,,868,true,true,true,true,22471_hymnbook_warehouse_reward
C:\FOC\Workspace\Finished\CQ22486.md,CQ22486.md,22486,22486_tutors-renegotiate,CONTRACTS,55020204,A,PASS,draft_ready,,1104,true,true,true,true,22486_tutors-renegotiate
C:\FOC\Workspace\Finished\CQ22489.md,CQ22489.md,22489,22489_psalm_banner_lift_rescue,CONTRACTS,55020300,B,PASS,draft_ready,,499,true,true,true,true,22489_psalm_banner_lift_rescue
C:\FOC\Workspace\Finished\CQ22492.md,CQ22492.md,22492,22492_verse_card_sets,CONTRACTS,55020202,B,PASS,draft_ready,,912,true,true,true,true,22492_verse_card_sets
C:\FOC\Workspace\Finished\CQ22494.md,CQ22494.md,22494,22494_daily_bread_trailer,CONTRACTS,56050102,B,PASS,draft_ready,,1327,true,true,true,true,22494_daily_bread_trailer
C:\FOC\Workspace\Finished\CQ22501.md,CQ22501.md,22501,22501_lydia_journal_stands_notice,CONTRACTS,51060100,D,PASS,draft_ready,,850,true,true,true,true,22501_lydia_journal_stands_notice
C:\FOC\Workspace\Finished\CQ22505.md,CQ22505.md,22505,22505_lydia_studio_grant,CONTRACTS,56050100,C,PASS,quarantined,tiny-stem,159,true,true,true,true,22505_lydia_studio_grant
C:\FOC\Workspace\Finished\CQ22520.md,CQ22520.md,22520,22520_donee-beneficiary-vesting,CONTRACTS,53070100,B,PASS,draft_ready,,1292,true,true,true,true,22520_donee-beneficiary-vesting
C:\FOC\Workspace\Finished\CQ22555.md,CQ22555.md,22555,22555_scripture_toy_display,CONTRACTS,53070200,B,PASS,draft_ready,,602,true,true,true,true,22555_scripture_toy_display
C:\FOC\Workspace\Finished\CQ22578.md,CQ22578.md,22578,22578_pool-mixup,CONTRACTS,56050102,B,PASS,draft_ready,,1292,true,true,true,true,22578_pool-mixup
C:\FOC\Workspace\Finished\CQ22589.md,CQ22589.md,22589,22589_concert-ad-frustration,CONTRACTS,56050603,B,PASS,draft_ready,,1391,true,true,true,true,22589_concert-ad-frustration
C:\FOC\Workspace\Finished\CQ22590.md,CQ22590.md,22590,22590_good_neighbor_shuttle,CONSTITUTIONAL_LAW,43020201,A,PASS,draft_ready,,873,true,true,true,true,22590_good_neighbor_shuttle
C:\FOC\Workspace\Finished\CQ22591.md,CQ22591.md,22591,22591_cedar_dove_preserve,CONSTITUTIONAL_LAW,41030300,C,PASS,draft_ready,,880,true,true,true,true,22591_cedar_dove_preserve
C:\FOC\Workspace\Finished\CQ22592.md,CQ22592.md,22592,22592_house_fellowship_lamb_rite,CONSTITUTIONAL_LAW,44040501,C,PASS,draft_ready,,356,true,true,true,true,22592_house_fellowship_lamb_rite
C:\FOC\Workspace\Finished\CQ22608.md,CQ22608.md,22608,22608_christian-teachers-league,CONSTITUTIONAL_LAW,44040601,D,PASS,draft_ready,,1488,true,true,true,true,22608_christian-teachers-league
C:\FOC\Workspace\Finished\CQ22609.md,CQ22609.md,22609,22609_fire_cadet_consent_decree,CONSTITUTIONAL_LAW,44040303,B,PASS,draft_ready,,874,true,true,true,true,22609_fire_cadet_consent_decree
C:\FOC\Workspace\Finished\CQ22611.md,CQ22611.md,22611,22611_state-id-church-roster,CONSTITUTIONAL_LAW,43020201,B,PASS,draft_ready,,1331,true,true,true,true,22611_state-id-church-roster
C:\FOC\Workspace\Finished\CQ22620.md,CQ22620.md,22620,22620_berean_lighthouse_treaty,CONSTITUTIONAL_LAW,42010102,C,PASS,draft_ready,,561,true,true,true,true,22620_berean_lighthouse_treaty
C:\FOC\Workspace\Finished\CQ22645.md,CQ22645.md,22645,22645_manna_cart_permit,CONSTITUTIONAL_LAW,44040305,B,PASS,draft_ready,,646,true,true,true,true,22645_manna_cart_permit
C:\FOC\Workspace\Finished\CQ22705.md,CQ22705.md,22705,22705_lydia_coat_drive_license,CONSTITUTIONAL_LAW,44040203,B,NEEDS_HUMAN,quarantined,needs-human,625,true,true,true,true,22705_lydia_coat_drive_license
C:\FOC\Workspace\Finished\CQ22718.md,CQ22718.md,22718,22718_lydia_manna_cart_permit,CONSTITUTIONAL_LAW,44040601,C,PASS,draft_ready,,1037,true,true,true,true,22718_lydia_manna_cart_permit
C:\FOC\Workspace\Finished\CQ22719.md,CQ22719.md,22719,22719_pauls_tidepool_permit,CONSTITUTIONAL_LAW,41030400,A,PASS,draft_ready,,438,true,true,true,true,22719_pauls_tidepool_permit
C:\FOC\Workspace\Finished\CQ22726.md,CQ22726.md,22726,22726_rare_hymnal_livestream,CONSTITUTIONAL_LAW,44040203,C,PASS,draft_ready,,686,true,true,true,true,22726_rare_hymnal_livestream
C:\FOC\Workspace\Finished\CQ22756.md,CQ22756.md,22756,22756_hannahs-conference-verdict,CIVIL_PROCEDURE,97100000,B,PASS,draft_ready,,992,true,true,true,true,22756_hannahs-conference-verdict
C:\FOC\Workspace\Finished\CQ22761.md,CQ22761.md,22761,22761_heritage-levy-workers,CIVIL_PROCEDURE,95070303,B,PASS,draft_ready,,1138,true,true,true,true,22761_heritage-levy-workers
C:\FOC\Workspace\Finished\CQ22808.md,CQ22808.md,22808,22808_church_dishwasher_flood,CIVIL_PROCEDURE,95070704,B,PASS,draft_ready,,1530,true,true,true,true,22808_church_dishwasher_flood
C:\FOC\Workspace\Finished\CQ22823.md,CQ22823.md,22823,22823_cedar_harp_restoration,CIVIL_PROCEDURE,96060000,B,PASS,draft_ready,,991,true,true,true,true,22823_cedar_harp_restoration
C:\FOC\Workspace\Finished\CQ22845.md,CQ22845.md,22845,CQ22845_reformation_trust,CIVIL_PROCEDURE,95070300,C,NEEDS_HUMAN,quarantined,needs-human,951,true,true,true,true,CQ22845_reformation_trust
C:\FOC\Workspace\Finished\CQ22863.md,CQ22863.md,22863,22863_worship_leader_tortious_interference,CIVIL_PROCEDURE,94010100,C,PASS,draft_ready,,1040,true,true,true,true,22863_worship_leader_tortious_interference
C:\FOC\Workspace\Finished\CQ22866.md,CQ22866.md,22866,22866_rule35_church_van,CIVIL_PROCEDURE,95070400,A,PASS,draft_ready,,545,true,true,true,true,22866_rule35_church_van
C:\FOC\Workspace\Finished\CQ22873.md,CQ22873.md,22873,22873_food-pantry-warehouse,CIVIL_PROCEDURE,94010100,C,PASS,draft_ready,,1208,true,true,true,true,22873_food-pantry-warehouse
