base,count,normalized,suggestedCode,suggestedPath,confidence,topScore,margin
"contracts_defenses_questions_batch_001_D_statute_of_frauds_core","20","contracts defenses D statute of frauds core","54030400","Defenses to Formation or Enforcement > Statute of Frauds","high","21","6"
"contracts_defenses_questions_batch_003_D_statute_of_frauds_ucc","20","contracts defenses D statute of frauds ucc","54030400","Defenses to Formation or Enforcement > Statute of Frauds","high","21","6"
"contracts_defenses_questions_batch_004_D_statute_of_frauds_hard_variants","20","contracts defenses D statute of frauds hard variants","54030400","Defenses to Formation or Enforcement > Statute of Frauds","high","21","6"
"contracts_defenses_questions_batch_005_D_statute_of_frauds_mixed_review","20","contracts defenses D statute of frauds mixed review","54030400","Defenses to Formation or Enforcement > Statute of Frauds","high","21","6"
"contracts_defenses_questions_batch_006_F_mistake_lack_mutual_assent","20","contracts defenses F mistake lack mutual assent","54030600","Defenses to Formation or Enforcement > Mistake / Lack of Mutual Assent","high","26","8"
"contracts_remedies_questions_batch_001_node_a1_expectation_damages","10","contracts remedies expectation damages","51060101","Remedies > Damages > Expectation damages","high","33","14"
"contracts_remedies_questions_batch_002_node_a1_expectation_damages_construction_services","18","contracts remedies expectation damages construction services","51060101","Remedies > Damages > Expectation damages","high","33","14"
"contracts_remedies_questions_batch_004_node_a1_expectation_damages_lost_profits_certainty","18","contracts remedies expectation damages lost profits certainty","51060101","Remedies > Damages > Expectation damages","high","33","14"
"contracts_remedies_questions_batch_004_node_a7_duty_to_mitigate","10","contracts remedies duty to mitigate","51060107","Remedies > Damages > Duty to mitigate","high","22","6"
"contracts_remedies_questions_batch_005_node_a5_liquidated_damages","10","contracts remedies liquidated damages","51060105","Remedies > Damages > Liquidated damages","high","33","14"
"presentation_questions_batch_001_A1_roles_judge_jury","20","presentation A1 roles judge jury","31010101","Presentation of Evidence > General Provisions > Roles of judge and jury","high","19","5"
"presentation_questions_batch_003_A3_presumptions_inferences","18","presentation A3 presumptions inferences","31010103","Presentation of Evidence > General Provisions > Presumptions and inferences","high","22","8"
"presentation_questions_batch_004_A4_materiality_probative_value","15","presentation A4 materiality probative value","31010104","Presentation of Evidence > General Provisions > Materiality and probative value","high","25","11"
"presentation_questions_batch_005_A5_offers_of_proof","14","presentation A5 offers of proof","31010105","Presentation of Evidence > General Provisions > Offers of proof","high","20","6"
"presentation_questions_batch_006_A6_judicial_notice","18","presentation A6 judicial notice","31010106","Presentation of Evidence > General Provisions > Judicial notice","high","31","17"
"presentation_questions_batch_007_A7_preliminary_questions","18","presentation A7 preliminary questions","31010107","Presentation of Evidence > General Provisions > Preliminary questions","high","28","14"
"presentation_questions_batch_008_A8_rule_of_completeness","10","presentation A8 rule of completeness","31010108","Presentation of Evidence > General Provisions > Rule of completeness","high","20","6"
"presentation_questions_batch_011_B3_nonresponsive_answers","18","presentation B3 nonresponsive answers","31010203","Presentation of Evidence > Objections and Motions to Strike > Nonresponsive answers","high","21","7"
"presentation_questions_batch_013_D1_mode_order_witnesses","14","presentation D1 mode order witnesses","31010401","Presentation of Evidence > Witnesses > Mode and order of witnesses","high","23","5"
"presentation_questions_batch_014_D2_form_scope_examination","18","presentation D2 form scope examination","31010402","Presentation of Evidence > Witnesses > Form and scope of examination","high","23","9"
"presentation_questions_batch_017_D5_personal_knowledge","12","presentation D5 personal knowledge","31010405","Presentation of Evidence > Witnesses > Personal knowledge","high","22","8"
"presentation_questions_batch_019_D7_refreshing_recollection_CORRECTED","12","presentation D7 refreshing recollection CORRECTED","31010407","Presentation of Evidence > Witnesses > Refreshing recollection","high","22","8"
"presentation_questions_batch_020_E1_use_of_impeachment_material","16","presentation E1 use of impeachment material","31010501","Presentation of Evidence > Impeachment > Use of impeachment material","high","24","6"
"presentation_questions_batch_021_E2_prior_inconsistent_statement","18","presentation E2 prior inconsistent statement","31010502","Presentation of Evidence > Impeachment > Prior inconsistent statement","high","35","21"
"presentation_questions_batch_023_E4_conviction_of_crime","14","presentation E4 conviction of crime","31010504","Presentation of Evidence > Impeachment > Conviction of crime","high","21","7"
"presentation_questions_batch_025_E4_conviction_of_crime","14","presentation E4 conviction of crime","31010504","Presentation of Evidence > Impeachment > Conviction of crime","high","21","7"
"real_property_titles_questions_batch_001_B1_valid_deed_requirements","20","real property titles B1 valid deed requirements","84040201","Titles, Deeds, and Conveyancing > Conveyance by Deed > Requirements for valid deed","high","26","5"
"CL-126","1","CL-126","31010101","Presentation of Evidence > General Provisions > Roles of judge and jury","low","2","0"
"CL-127","1","CL-127","31010101","Presentation of Evidence > General Provisions > Roles of judge and jury","low","2","0"
"CL-128","1","CL-128","31010101","Presentation of Evidence > General Provisions > Roles of judge and jury","low","2","0"
"CL-129","1","CL-129","31010101","Presentation of Evidence > General Provisions > Roles of judge and jury","low","2","0"
"CL-130","1","CL-130","31010101","Presentation of Evidence > General Provisions > Roles of judge and jury","low","2","0"
"CL-131","1","CL-131","31010101","Presentation of Evidence > General Provisions > Roles of judge and jury","low","2","0"
"CL-132","1","CL-132","31010101","Presentation of Evidence > General Provisions > Roles of judge and jury","low","2","0"
"CL-133","1","CL-133","31010101","Presentation of Evidence > General Provisions > Roles of judge and jury","low","2","0"
"CL-134","1","CL-134","31010101","Presentation of Evidence > General Provisions > Roles of judge and jury","low","2","0"
"CL-135","1","CL-135","31010101","Presentation of Evidence > General Provisions > Roles of judge and jury","low","2","0"
"CL-136","1","CL-136","31010101","Presentation of Evidence > General Provisions > Roles of judge and jury","low","2","0"
"CL-137","1","CL-137","31010101","Presentation of Evidence > General Provisions > Roles of judge and jury","low","2","0"
"CL-138","1","CL-138","31010101","Presentation of Evidence > General Provisions > Roles of judge and jury","low","2","0"
"CL-139","1","CL-139","31010101","Presentation of Evidence > General Provisions > Roles of judge and jury","low","2","0"
"CL-140","1","CL-140","31010101","Presentation of Evidence > General Provisions > Roles of judge and jury","low","2","0"
"CL-141","1","CL-141","31010101","Presentation of Evidence > General Provisions > Roles of judge and jury","low","2","0"
"CL-142","1","CL-142","31010101","Presentation of Evidence > General Provisions > Roles of judge and jury","low","2","0"
"CL-143","1","CL-143","31010101","Presentation of Evidence > General Provisions > Roles of judge and jury","low","2","0"
"CL-144","1","CL-144","31010101","Presentation of Evidence > General Provisions > Roles of judge and jury","low","2","0"
"CL-145","1","CL-145","31010101","Presentation of Evidence > General Provisions > Roles of judge and jury","low","2","0"
"CL-146","1","CL-146","31010101","Presentation of Evidence > General Provisions > Roles of judge and jury","low","2","0"
"CL-147","1","CL-147","31010101","Presentation of Evidence > General Provisions > Roles of judge and jury","low","2","0"
"CL-148","1","CL-148","31010101","Presentation of Evidence > General Provisions > Roles of judge and jury","low","2","0"
"CL-149","1","CL-149","31010101","Presentation of Evidence > General Provisions > Roles of judge and jury","low","2","0"
"CL-150","1","CL-150","31010101","Presentation of Evidence > General Provisions > Roles of judge and jury","low","2","0"
"CL-151","1","CL-151","31010101","Presentation of Evidence > General Provisions > Roles of judge and jury","low","2","0"
"CL-152","1","CL-152","31010101","Presentation of Evidence > General Provisions > Roles of judge and jury","low","2","0"
"CL-153","1","CL-153","31010101","Presentation of Evidence > General Provisions > Roles of judge and jury","low","2","0"
"CL-154","1","CL-154","31010101","Presentation of Evidence > General Provisions > Roles of judge and jury","low","2","0"
"CL-155","1","CL-155","31010101","Presentation of Evidence > General Provisions > Roles of judge and jury","low","2","0"
"CL-156","1","CL-156","31010101","Presentation of Evidence > General Provisions > Roles of judge and jury","low","2","0"
"CL-158","1","CL-158","31010101","Presentation of Evidence > General Provisions > Roles of judge and jury","low","2","0"
"CL-160","1","CL-160","31010101","Presentation of Evidence > General Provisions > Roles of judge and jury","low","2","0"
"CL-161","1","CL-161","31010101","Presentation of Evidence > General Provisions > Roles of judge and jury","low","2","0"
"CL-163","1","CL-163","31010101","Presentation of Evidence > General Provisions > Roles of judge and jury","low","2","0"
"CL-165","1","CL-165","31010101","Presentation of Evidence > General Provisions > Roles of judge and jury","low","2","0"
"CL-166","1","CL-166","31010101","Presentation of Evidence > General Provisions > Roles of judge and jury","low","2","0"
"CL-178","1","CL-178","31010101","Presentation of Evidence > General Provisions > Roles of judge and jury","low","2","0"
"CL-184","1","CL-184","31010101","Presentation of Evidence > General Provisions > Roles of judge and jury","low","2","0"
"CL-186","1","CL-186","31010101","Presentation of Evidence > General Provisions > Roles of judge and jury","low","2","0"
"CL-187","1","CL-187","31010101","Presentation of Evidence > General Provisions > Roles of judge and jury","low","2","0"
"CL-188","1","CL-188","31010101","Presentation of Evidence > General Provisions > Roles of judge and jury","low","2","0"
"CL-189","1","CL-189","31010101","Presentation of Evidence > General Provisions > Roles of judge and jury","low","2","0"
"CL-190","1","CL-190","31010101","Presentation of Evidence > General Provisions > Roles of judge and jury","low","2","0"
"CL-191","1","CL-191","31010101","Presentation of Evidence > General Provisions > Roles of judge and jury","low","2","0"
"CL-192","1","CL-192","31010101","Presentation of Evidence > General Provisions > Roles of judge and jury","low","2","0"
"CL-193","1","CL-193","31010101","Presentation of Evidence > General Provisions > Roles of judge and jury","low","2","0"
"CL-194","1","CL-194","31010101","Presentation of Evidence > General Provisions > Roles of judge and jury","low","2","0"
"CL-195","1","CL-195","31010101","Presentation of Evidence > General Provisions > Roles of judge and jury","low","2","0"
"CL-196","1","CL-196","31010101","Presentation of Evidence > General Provisions > Roles of judge and jury","low","2","0"
"CL-197","1","CL-197","31010101","Presentation of Evidence > General Provisions > Roles of judge and jury","low","2","0"
"CL-198","1","CL-198","31010101","Presentation of Evidence > General Provisions > Roles of judge and jury","low","2","0"
"CL-199","1","CL-199","31010101","Presentation of Evidence > General Provisions > Roles of judge and jury","low","2","0"
"CL-200","1","CL-200","31010101","Presentation of Evidence > General Provisions > Roles of judge and jury","low","2","0"
"CL-201","1","CL-201","31010101","Presentation of Evidence > General Provisions > Roles of judge and jury","low","2","0"
"CL-202","1","CL-202","31010101","Presentation of Evidence > General Provisions > Roles of judge and jury","low","2","0"
"CL-203","1","CL-203","31010101","Presentation of Evidence > General Provisions > Roles of judge and jury","low","2","0"
"CL-204","1","CL-204","31010101","Presentation of Evidence > General Provisions > Roles of judge and jury","low","2","0"
"CL-205","1","CL-205","31010101","Presentation of Evidence > General Provisions > Roles of judge and jury","low","2","0"
"CL-206","1","CL-206","31010101","Presentation of Evidence > General Provisions > Roles of judge and jury","low","2","0"
"CL-207","1","CL-207","31010101","Presentation of Evidence > General Provisions > Roles of judge and jury","low","2","0"
"CL-208","1","CL-208","31010101","Presentation of Evidence > General Provisions > Roles of judge and jury","low","2","0"
"CL-209","1","CL-209","31010101","Presentation of Evidence > General Provisions > Roles of judge and jury","low","2","0"
"CL-210","1","CL-210","31010101","Presentation of Evidence > General Provisions > Roles of judge and jury","low","2","0"
"CL-211","1","CL-211","31010101","Presentation of Evidence > General Provisions > Roles of judge and jury","low","2","0"
"CL-212","1","CL-212","31010101","Presentation of Evidence > General Provisions > Roles of judge and jury","low","2","0"
"CL-213","1","CL-213","31010101","Presentation of Evidence > General Provisions > Roles of judge and jury","low","2","0"
"CL-214","1","CL-214","31010101","Presentation of Evidence > General Provisions > Roles of judge and jury","low","2","0"
"CL-215","1","CL-215","31010101","Presentation of Evidence > General Provisions > Roles of judge and jury","low","2","0"
"CL-216","1","CL-216","31010101","Presentation of Evidence > General Provisions > Roles of judge and jury","low","2","0"
"CL-217","1","CL-217","31010101","Presentation of Evidence > General Provisions > Roles of judge and jury","low","2","0"
"CL-218","1","CL-218","31010101","Presentation of Evidence > General Provisions > Roles of judge and jury","low","2","0"
"CL-219","1","CL-219","31010101","Presentation of Evidence > General Provisions > Roles of judge and jury","low","2","0"
"CL-220","1","CL-220","31010101","Presentation of Evidence > General Provisions > Roles of judge and jury","low","2","0"
"CL-221","1","CL-221","31010101","Presentation of Evidence > General Provisions > Roles of judge and jury","low","2","0"
"CL-222","1","CL-222","31010101","Presentation of Evidence > General Provisions > Roles of judge and jury","low","2","0"
"CL-223","1","CL-223","31010101","Presentation of Evidence > General Provisions > Roles of judge and jury","low","2","0"
"CL-224","1","CL-224","31010101","Presentation of Evidence > General Provisions > Roles of judge and jury","low","2","0"
"CL-225","1","CL-225","31010101","Presentation of Evidence > General Provisions > Roles of judge and jury","low","2","0"
"CL-226","1","CL-226","31010101","Presentation of Evidence > General Provisions > Roles of judge and jury","low","2","0"
"CL-227","1","CL-227","31010101","Presentation of Evidence > General Provisions > Roles of judge and jury","low","2","0"
"CL-228","1","CL-228","31010101","Presentation of Evidence > General Provisions > Roles of judge and jury","low","2","0"
"CL-229","1","CL-229","31010101","Presentation of Evidence > General Provisions > Roles of judge and jury","low","2","0"
"CL-230","1","CL-230","31010101","Presentation of Evidence > General Provisions > Roles of judge and jury","low","2","0"
"CL-231","1","CL-231","31010101","Presentation of Evidence > General Provisions > Roles of judge and jury","low","2","0"
"CL-232","1","CL-232","31010101","Presentation of Evidence > General Provisions > Roles of judge and jury","low","2","0"
"CL-233","1","CL-233","31010101","Presentation of Evidence > General Provisions > Roles of judge and jury","low","2","0"
"CL-234","1","CL-234","31010101","Presentation of Evidence > General Provisions > Roles of judge and jury","low","2","0"
"CL-235","1","CL-235","31010101","Presentation of Evidence > General Provisions > Roles of judge and jury","low","2","0"
"CL-236","1","CL-236","31010101","Presentation of Evidence > General Provisions > Roles of judge and jury","low","2","0"
"CL-237","1","CL-237","31010101","Presentation of Evidence > General Provisions > Roles of judge and jury","low","2","0"
"CL-238","1","CL-238","31010101","Presentation of Evidence > General Provisions > Roles of judge and jury","low","2","0"
"CL-239","1","CL-239","31010101","Presentation of Evidence > General Provisions > Roles of judge and jury","low","2","0"
"CL-240","1","CL-240","31010101","Presentation of Evidence > General Provisions > Roles of judge and jury","low","2","0"
"CL-241","1","CL-241","31010101","Presentation of Evidence > General Provisions > Roles of judge and jury","low","2","0"
"CL-242","1","CL-242","31010101","Presentation of Evidence > General Provisions > Roles of judge and jury","low","2","0"
"CL-243","1","CL-243","31010101","Presentation of Evidence > General Provisions > Roles of judge and jury","low","2","0"
"CL-244","1","CL-244","31010101","Presentation of Evidence > General Provisions > Roles of judge and jury","low","2","0"
"CL-245","1","CL-245","31010101","Presentation of Evidence > General Provisions > Roles of judge and jury","low","2","0"
"CL-246","1","CL-246","31010101","Presentation of Evidence > General Provisions > Roles of judge and jury","low","2","0"
"CL-247","1","CL-247","31010101","Presentation of Evidence > General Provisions > Roles of judge and jury","low","2","0"
"CL-248","1","CL-248","31010101","Presentation of Evidence > General Provisions > Roles of judge and jury","low","2","0"
"CL-249","1","CL-249","31010101","Presentation of Evidence > General Provisions > Roles of judge and jury","low","2","0"
"CL-250","1","CL-250","31010101","Presentation of Evidence > General Provisions > Roles of judge and jury","low","2","0"
"CL-251","1","CL-251","31010101","Presentation of Evidence > General Provisions > Roles of judge and jury","low","2","0"
"CL-252","1","CL-252","31010101","Presentation of Evidence > General Provisions > Roles of judge and jury","low","2","0"
"CL-253","1","CL-253","31010101","Presentation of Evidence > General Provisions > Roles of judge and jury","low","2","0"
"CL-254","1","CL-254","31010101","Presentation of Evidence > General Provisions > Roles of judge and jury","low","2","0"
"CL-255","1","CL-255","31010101","Presentation of Evidence > General Provisions > Roles of judge and jury","low","2","0"
"CL-256","1","CL-256","31010101","Presentation of Evidence > General Provisions > Roles of judge and jury","low","2","0"
"CL-257","1","CL-257","31010101","Presentation of Evidence > General Provisions > Roles of judge and jury","low","2","0"
"CL-258","1","CL-258","31010101","Presentation of Evidence > General Provisions > Roles of judge and jury","low","2","0"
"CL-259","1","CL-259","31010101","Presentation of Evidence > General Provisions > Roles of judge and jury","low","2","0"
"CL-260","1","CL-260","31010101","Presentation of Evidence > General Provisions > Roles of judge and jury","low","2","0"
"CL-261","1","CL-261","31010101","Presentation of Evidence > General Provisions > Roles of judge and jury","low","2","0"
"CL-262","1","CL-262","31010101","Presentation of Evidence > General Provisions > Roles of judge and jury","low","2","0"
"CL-263","1","CL-263","31010101","Presentation of Evidence > General Provisions > Roles of judge and jury","low","2","0"
"CL-264","1","CL-264","31010101","Presentation of Evidence > General Provisions > Roles of judge and jury","low","2","0"
"CL-265","1","CL-265","31010101","Presentation of Evidence > General Provisions > Roles of judge and jury","low","2","0"
"CL-266","1","CL-266","31010101","Presentation of Evidence > General Provisions > Roles of judge and jury","low","2","0"
"CL-267","1","CL-267","31010101","Presentation of Evidence > General Provisions > Roles of judge and jury","low","2","0"
"CL-268","1","CL-268","31010101","Presentation of Evidence > General Provisions > Roles of judge and jury","low","2","0"
"CL-269","1","CL-269","31010101","Presentation of Evidence > General Provisions > Roles of judge and jury","low","2","0"
"CL-270","1","CL-270","31010101","Presentation of Evidence > General Provisions > Roles of judge and jury","low","2","0"
"CL-271","1","CL-271","31010101","Presentation of Evidence > General Provisions > Roles of judge and jury","low","2","0"
"CL-272","1","CL-272","31010101","Presentation of Evidence > General Provisions > Roles of judge and jury","low","2","0"
"CL-273","1","CL-273","31010101","Presentation of Evidence > General Provisions > Roles of judge and jury","low","2","0"
"CL-274","1","CL-274","31010101","Presentation of Evidence > General Provisions > Roles of judge and jury","low","2","0"
"CL-275","1","CL-275","31010101","Presentation of Evidence > General Provisions > Roles of judge and jury","low","2","0"
"CL-276","1","CL-276","31010101","Presentation of Evidence > General Provisions > Roles of judge and jury","low","2","0"
"CL-277","1","CL-277","31010101","Presentation of Evidence > General Provisions > Roles of judge and jury","low","2","0"
"CL-278","1","CL-278","31010101","Presentation of Evidence > General Provisions > Roles of judge and jury","low","2","0"
"CL-279","1","CL-279","31010101","Presentation of Evidence > General Provisions > Roles of judge and jury","low","2","0"
"CL-280","1","CL-280","31010101","Presentation of Evidence > General Provisions > Roles of judge and jury","low","2","0"
"CL-281","1","CL-281","31010101","Presentation of Evidence > General Provisions > Roles of judge and jury","low","2","0"
"CL-282","1","CL-282","31010101","Presentation of Evidence > General Provisions > Roles of judge and jury","low","2","0"
"CL-283","1","CL-283","31010101","Presentation of Evidence > General Provisions > Roles of judge and jury","low","2","0"
"CL-284","1","CL-284","31010101","Presentation of Evidence > General Provisions > Roles of judge and jury","low","2","0"
"CL-285","1","CL-285","31010101","Presentation of Evidence > General Provisions > Roles of judge and jury","low","2","0"
"CL-286","1","CL-286","31010101","Presentation of Evidence > General Provisions > Roles of judge and jury","low","2","0"
"CL-287","1","CL-287","31010101","Presentation of Evidence > General Provisions > Roles of judge and jury","low","2","0"
"CL-288","1","CL-288","31010101","Presentation of Evidence > General Provisions > Roles of judge and jury","low","2","0"
"CL-289","1","CL-289","31010101","Presentation of Evidence > General Provisions > Roles of judge and jury","low","2","0"
"CL-290","1","CL-290","31010101","Presentation of Evidence > General Provisions > Roles of judge and jury","low","2","0"
"CL-291","1","CL-291","31010101","Presentation of Evidence > General Provisions > Roles of judge and jury","low","2","0"
"CL-292","1","CL-292","31010101","Presentation of Evidence > General Provisions > Roles of judge and jury","low","2","0"
"CL-293","1","CL-293","31010101","Presentation of Evidence > General Provisions > Roles of judge and jury","low","2","0"
"CL-294","1","CL-294","31010101","Presentation of Evidence > General Provisions > Roles of judge and jury","low","2","0"
"CL-295","1","CL-295","31010101","Presentation of Evidence > General Provisions > Roles of judge and jury","low","2","0"
"CL-296","1","CL-296","31010101","Presentation of Evidence > General Provisions > Roles of judge and jury","low","2","0"
"CL-297","1","CL-297","31010101","Presentation of Evidence > General Provisions > Roles of judge and jury","low","2","0"
"CL-298","1","CL-298","31010101","Presentation of Evidence > General Provisions > Roles of judge and jury","low","2","0"
"CL-299","1","CL-299","31010101","Presentation of Evidence > General Provisions > Roles of judge and jury","low","2","0"
"CL-300","1","CL-300","31010101","Presentation of Evidence > General Provisions > Roles of judge and jury","low","2","0"
"CL-301","1","CL-301","31010101","Presentation of Evidence > General Provisions > Roles of judge and jury","low","2","0"
"CL-302","1","CL-302","31010101","Presentation of Evidence > General Provisions > Roles of judge and jury","low","2","0"
"CL-303","1","CL-303","31010101","Presentation of Evidence > General Provisions > Roles of judge and jury","low","2","0"
"CL-304","1","CL-304","31010101","Presentation of Evidence > General Provisions > Roles of judge and jury","low","2","0"
"CL-305","1","CL-305","31010101","Presentation of Evidence > General Provisions > Roles of judge and jury","low","2","0"
"CL-306","1","CL-306","31010101","Presentation of Evidence > General Provisions > Roles of judge and jury","low","2","0"
"CL-307","1","CL-307","31010101","Presentation of Evidence > General Provisions > Roles of judge and jury","low","2","0"
"CL-308","1","CL-308","31010101","Presentation of Evidence > General Provisions > Roles of judge and jury","low","2","0"
"CL-309","1","CL-309","31010101","Presentation of Evidence > General Provisions > Roles of judge and jury","low","2","0"
"CL-310","1","CL-310","31010101","Presentation of Evidence > General Provisions > Roles of judge and jury","low","2","0"
"CL-311","1","CL-311","31010101","Presentation of Evidence > General Provisions > Roles of judge and jury","low","2","0"
"CL-312","1","CL-312","31010101","Presentation of Evidence > General Provisions > Roles of judge and jury","low","2","0"
"CL-313","1","CL-313","31010101","Presentation of Evidence > General Provisions > Roles of judge and jury","low","2","0"
"CL-314","1","CL-314","31010101","Presentation of Evidence > General Provisions > Roles of judge and jury","low","2","0"
"CL-315","1","CL-315","31010101","Presentation of Evidence > General Provisions > Roles of judge and jury","low","2","0"
"CL-316","1","CL-316","31010101","Presentation of Evidence > General Provisions > Roles of judge and jury","low","2","0"
"CL-317","1","CL-317","31010101","Presentation of Evidence > General Provisions > Roles of judge and jury","low","2","0"
"CL-318","1","CL-318","31010101","Presentation of Evidence > General Provisions > Roles of judge and jury","low","2","0"
"CL-319","1","CL-319","31010101","Presentation of Evidence > General Provisions > Roles of judge and jury","low","2","0"
"CL-320","1","CL-320","31010101","Presentation of Evidence > General Provisions > Roles of judge and jury","low","2","0"
"CL-321","1","CL-321","31010101","Presentation of Evidence > General Provisions > Roles of judge and jury","low","2","0"
"CL-322","1","CL-322","31010101","Presentation of Evidence > General Provisions > Roles of judge and jury","low","2","0"
"CL-323","1","CL-323","31010101","Presentation of Evidence > General Provisions > Roles of judge and jury","low","2","0"
"CL-324","1","CL-324","31010101","Presentation of Evidence > General Provisions > Roles of judge and jury","low","2","0"
"CL-325","1","CL-325","31010101","Presentation of Evidence > General Provisions > Roles of judge and jury","low","2","0"
"CL-326","1","CL-326","31010101","Presentation of Evidence > General Provisions > Roles of judge and jury","low","2","0"
"CL-327","1","CL-327","31010101","Presentation of Evidence > General Provisions > Roles of judge and jury","low","2","0"
"CL-328","1","CL-328","31010101","Presentation of Evidence > General Provisions > Roles of judge and jury","low","2","0"
"CL-329","1","CL-329","31010101","Presentation of Evidence > General Provisions > Roles of judge and jury","low","2","0"
"CL-330","1","CL-330","31010101","Presentation of Evidence > General Provisions > Roles of judge and jury","low","2","0"
"CL-331","1","CL-331","31010101","Presentation of Evidence > General Provisions > Roles of judge and jury","low","2","0"
"CL-332","1","CL-332","31010101","Presentation of Evidence > General Provisions > Roles of judge and jury","low","2","0"
"CL-333","1","CL-333","31010101","Presentation of Evidence > General Provisions > Roles of judge and jury","low","2","0"
"CL-334","1","CL-334","31010101","Presentation of Evidence > General Provisions > Roles of judge and jury","low","2","0"
"CL-335","1","CL-335","31010101","Presentation of Evidence > General Provisions > Roles of judge and jury","low","2","0"
"CL-336","1","CL-336","31010101","Presentation of Evidence > General Provisions > Roles of judge and jury","low","2","0"
"CL-337","1","CL-337","31010101","Presentation of Evidence > General Provisions > Roles of judge and jury","low","2","0"
"CL-338","1","CL-338","31010101","Presentation of Evidence > General Provisions > Roles of judge and jury","low","2","0"
"CL-339","1","CL-339","31010101","Presentation of Evidence > General Provisions > Roles of judge and jury","low","2","0"
"CL-340","1","CL-340","31010101","Presentation of Evidence > General Provisions > Roles of judge and jury","low","2","0"
"CL-341","1","CL-341","31010101","Presentation of Evidence > General Provisions > Roles of judge and jury","low","2","0"
"CL-342","1","CL-342","31010101","Presentation of Evidence > General Provisions > Roles of judge and jury","low","2","0"
"CL-343","1","CL-343","31010101","Presentation of Evidence > General Provisions > Roles of judge and jury","low","2","0"
"CL-344","1","CL-344","31010101","Presentation of Evidence > General Provisions > Roles of judge and jury","low","2","0"
"CL-345","1","CL-345","31010101","Presentation of Evidence > General Provisions > Roles of judge and jury","low","2","0"
"CL-346","1","CL-346","31010101","Presentation of Evidence > General Provisions > Roles of judge and jury","low","2","0"
"CL-347","1","CL-347","31010101","Presentation of Evidence > General Provisions > Roles of judge and jury","low","2","0"
"CL-348","1","CL-348","31010101","Presentation of Evidence > General Provisions > Roles of judge and jury","low","2","0"
"CL-349","1","CL-349","31010101","Presentation of Evidence > General Provisions > Roles of judge and jury","low","2","0"
"CL-350","1","CL-350","31010101","Presentation of Evidence > General Provisions > Roles of judge and jury","low","2","0"
"CL-351","1","CL-351","31010101","Presentation of Evidence > General Provisions > Roles of judge and jury","low","2","0"
"CL-352","1","CL-352","31010101","Presentation of Evidence > General Provisions > Roles of judge and jury","low","2","0"
"CL-353","1","CL-353","31010101","Presentation of Evidence > General Provisions > Roles of judge and jury","low","2","0"
"CL-354","1","CL-354","31010101","Presentation of Evidence > General Provisions > Roles of judge and jury","low","2","0"
"CL-355","1","CL-355","31010101","Presentation of Evidence > General Provisions > Roles of judge and jury","low","2","0"
"CL-356","1","CL-356","31010101","Presentation of Evidence > General Provisions > Roles of judge and jury","low","2","0"
"CL-357","1","CL-357","31010101","Presentation of Evidence > General Provisions > Roles of judge and jury","low","2","0"
"CL-358","1","CL-358","31010101","Presentation of Evidence > General Provisions > Roles of judge and jury","low","2","0"
"CL-359","1","CL-359","31010101","Presentation of Evidence > General Provisions > Roles of judge and jury","low","2","0"
"CL-360","1","CL-360","31010101","Presentation of Evidence > General Provisions > Roles of judge and jury","low","2","0"
"CL-361","1","CL-361","31010101","Presentation of Evidence > General Provisions > Roles of judge and jury","low","2","0"
"CL-362","1","CL-362","31010101","Presentation of Evidence > General Provisions > Roles of judge and jury","low","2","0"
"CL-363","1","CL-363","31010101","Presentation of Evidence > General Provisions > Roles of judge and jury","low","2","0"
"CL-364","1","CL-364","31010101","Presentation of Evidence > General Provisions > Roles of judge and jury","low","2","0"
"CL-365","1","CL-365","31010101","Presentation of Evidence > General Provisions > Roles of judge and jury","low","2","0"
"CL-366","1","CL-366","31010101","Presentation of Evidence > General Provisions > Roles of judge and jury","low","2","0"
"CL-367","1","CL-367","31010101","Presentation of Evidence > General Provisions > Roles of judge and jury","low","2","0"
"CL-368","1","CL-368","31010101","Presentation of Evidence > General Provisions > Roles of judge and jury","low","2","0"
"CL-369","1","CL-369","31010101","Presentation of Evidence > General Provisions > Roles of judge and jury","low","2","0"
"CL-370","1","CL-370","31010101","Presentation of Evidence > General Provisions > Roles of judge and jury","low","2","0"
"CL-371","1","CL-371","31010101","Presentation of Evidence > General Provisions > Roles of judge and jury","low","2","0"
"CL-372","1","CL-372","31010101","Presentation of Evidence > General Provisions > Roles of judge and jury","low","2","0"
"CL-373","1","CL-373","31010101","Presentation of Evidence > General Provisions > Roles of judge and jury","low","2","0"
"CL-374","1","CL-374","31010101","Presentation of Evidence > General Provisions > Roles of judge and jury","low","2","0"
"CL-375","1","CL-375","31010101","Presentation of Evidence > General Provisions > Roles of judge and jury","low","2","0"
"CL-376","1","CL-376","31010101","Presentation of Evidence > General Provisions > Roles of judge and jury","low","2","0"
"CL-377","1","CL-377","31010101","Presentation of Evidence > General Provisions > Roles of judge and jury","low","2","0"
"CL-378","1","CL-378","31010101","Presentation of Evidence > General Provisions > Roles of judge and jury","low","2","0"
"CL-379","1","CL-379","31010101","Presentation of Evidence > General Provisions > Roles of judge and jury","low","2","0"
"CL-380","1","CL-380","31010101","Presentation of Evidence > General Provisions > Roles of judge and jury","low","2","0"
"CL-381","1","CL-381","31010101","Presentation of Evidence > General Provisions > Roles of judge and jury","low","2","0"
"CL-382","1","CL-382","31010101","Presentation of Evidence > General Provisions > Roles of judge and jury","low","2","0"
"CL-383","1","CL-383","31010101","Presentation of Evidence > General Provisions > Roles of judge and jury","low","2","0"
"CL-384","1","CL-384","31010101","Presentation of Evidence > General Provisions > Roles of judge and jury","low","2","0"
"CL-385","1","CL-385","31010101","Presentation of Evidence > General Provisions > Roles of judge and jury","low","2","0"
"CL-386","1","CL-386","31010101","Presentation of Evidence > General Provisions > Roles of judge and jury","low","2","0"
"CL-387","1","CL-387","31010101","Presentation of Evidence > General Provisions > Roles of judge and jury","low","2","0"
"CL-388","1","CL-388","31010101","Presentation of Evidence > General Provisions > Roles of judge and jury","low","2","0"
"CL-389","1","CL-389","31010101","Presentation of Evidence > General Provisions > Roles of judge and jury","low","2","0"
"CL-390","1","CL-390","31010101","Presentation of Evidence > General Provisions > Roles of judge and jury","low","2","0"
"CL-391","1","CL-391","31010101","Presentation of Evidence > General Provisions > Roles of judge and jury","low","2","0"
"CL-392","1","CL-392","31010101","Presentation of Evidence > General Provisions > Roles of judge and jury","low","2","0"
"CL-393","1","CL-393","31010101","Presentation of Evidence > General Provisions > Roles of judge and jury","low","2","0"
"CL-394","1","CL-394","31010101","Presentation of Evidence > General Provisions > Roles of judge and jury","low","2","0"
"CL-395","1","CL-395","31010101","Presentation of Evidence > General Provisions > Roles of judge and jury","low","2","0"
"CL-396","1","CL-396","31010101","Presentation of Evidence > General Provisions > Roles of judge and jury","low","2","0"
"CL-397","1","CL-397","31010101","Presentation of Evidence > General Provisions > Roles of judge and jury","low","2","0"
"CL-398","1","CL-398","31010101","Presentation of Evidence > General Provisions > Roles of judge and jury","low","2","0"
"CL-399","1","CL-399","31010101","Presentation of Evidence > General Provisions > Roles of judge and jury","low","2","0"
"CL-400","1","CL-400","31010101","Presentation of Evidence > General Provisions > Roles of judge and jury","low","2","0"
"CL-401","1","CL-401","31010101","Presentation of Evidence > General Provisions > Roles of judge and jury","low","2","0"
"CL-402","1","CL-402","31010101","Presentation of Evidence > General Provisions > Roles of judge and jury","low","2","0"
"CL-403","1","CL-403","31010101","Presentation of Evidence > General Provisions > Roles of judge and jury","low","2","0"
"CL-404","1","CL-404","31010101","Presentation of Evidence > General Provisions > Roles of judge and jury","low","2","0"
"CL-405","1","CL-405","31010101","Presentation of Evidence > General Provisions > Roles of judge and jury","low","2","0"
"CL-406","1","CL-406","31010101","Presentation of Evidence > General Provisions > Roles of judge and jury","low","2","0"
"CL-407","1","CL-407","31010101","Presentation of Evidence > General Provisions > Roles of judge and jury","low","2","0"
"CL-408","1","CL-408","31010101","Presentation of Evidence > General Provisions > Roles of judge and jury","low","2","0"
"CL-409","1","CL-409","31010101","Presentation of Evidence > General Provisions > Roles of judge and jury","low","2","0"
"CL-410","1","CL-410","31010101","Presentation of Evidence > General Provisions > Roles of judge and jury","low","2","0"
"CL-411","1","CL-411","31010101","Presentation of Evidence > General Provisions > Roles of judge and jury","low","2","0"
"CL-412","1","CL-412","31010101","Presentation of Evidence > General Provisions > Roles of judge and jury","low","2","0"
"CL-413","1","CL-413","31010101","Presentation of Evidence > General Provisions > Roles of judge and jury","low","2","0"
"CL-414","1","CL-414","31010101","Presentation of Evidence > General Provisions > Roles of judge and jury","low","2","0"
"CL-415","1","CL-415","31010101","Presentation of Evidence > General Provisions > Roles of judge and jury","low","2","0"
"CL-416","1","CL-416","31010101","Presentation of Evidence > General Provisions > Roles of judge and jury","low","2","0"
"CL-417","1","CL-417","31010101","Presentation of Evidence > General Provisions > Roles of judge and jury","low","2","0"
"CL-418","1","CL-418","31010101","Presentation of Evidence > General Provisions > Roles of judge and jury","low","2","0"
"CL-419","1","CL-419","31010101","Presentation of Evidence > General Provisions > Roles of judge and jury","low","2","0"
"CL-420","1","CL-420","31010101","Presentation of Evidence > General Provisions > Roles of judge and jury","low","2","0"
"CL-421","1","CL-421","31010101","Presentation of Evidence > General Provisions > Roles of judge and jury","low","2","0"
"CL-422","1","CL-422","31010101","Presentation of Evidence > General Provisions > Roles of judge and jury","low","2","0"
"CL-423","1","CL-423","31010101","Presentation of Evidence > General Provisions > Roles of judge and jury","low","2","0"
"CL-424","1","CL-424","31010101","Presentation of Evidence > General Provisions > Roles of judge and jury","low","2","0"
"CL-425","1","CL-425","31010101","Presentation of Evidence > General Provisions > Roles of judge and jury","low","2","0"
"CL-426","1","CL-426","31010101","Presentation of Evidence > General Provisions > Roles of judge and jury","low","2","0"
"CL-427","1","CL-427","31010101","Presentation of Evidence > General Provisions > Roles of judge and jury","low","2","0"
"CL-428","1","CL-428","31010101","Presentation of Evidence > General Provisions > Roles of judge and jury","low","2","0"
"CL-429","1","CL-429","31010101","Presentation of Evidence > General Provisions > Roles of judge and jury","low","2","0"
"CL-430","1","CL-430","31010101","Presentation of Evidence > General Provisions > Roles of judge and jury","low","2","0"
"CL-431","1","CL-431","31010101","Presentation of Evidence > General Provisions > Roles of judge and jury","low","2","0"
"CL-432","1","CL-432","31010101","Presentation of Evidence > General Provisions > Roles of judge and jury","low","2","0"
"CL-433","1","CL-433","31010101","Presentation of Evidence > General Provisions > Roles of judge and jury","low","2","0"
"CL-434","1","CL-434","31010101","Presentation of Evidence > General Provisions > Roles of judge and jury","low","2","0"
"CL-435","1","CL-435","31010101","Presentation of Evidence > General Provisions > Roles of judge and jury","low","2","0"
"CL-436","1","CL-436","31010101","Presentation of Evidence > General Provisions > Roles of judge and jury","low","2","0"
"CL-437","1","CL-437","31010101","Presentation of Evidence > General Provisions > Roles of judge and jury","low","2","0"
"CL-438","1","CL-438","31010101","Presentation of Evidence > General Provisions > Roles of judge and jury","low","2","0"
"CL-439","1","CL-439","31010101","Presentation of Evidence > General Provisions > Roles of judge and jury","low","2","0"
"CL-440","1","CL-440","31010101","Presentation of Evidence > General Provisions > Roles of judge and jury","low","2","0"
"CL-441","1","CL-441","31010101","Presentation of Evidence > General Provisions > Roles of judge and jury","low","2","0"
"CL-442","1","CL-442","31010101","Presentation of Evidence > General Provisions > Roles of judge and jury","low","2","0"
"CL-443","1","CL-443","31010101","Presentation of Evidence > General Provisions > Roles of judge and jury","low","2","0"
"CL-444","1","CL-444","31010101","Presentation of Evidence > General Provisions > Roles of judge and jury","low","2","0"
"CL-445","1","CL-445","31010101","Presentation of Evidence > General Provisions > Roles of judge and jury","low","2","0"
"CL-446","1","CL-446","31010101","Presentation of Evidence > General Provisions > Roles of judge and jury","low","2","0"
"CL-447","1","CL-447","31010101","Presentation of Evidence > General Provisions > Roles of judge and jury","low","2","0"
"CL-448","1","CL-448","31010101","Presentation of Evidence > General Provisions > Roles of judge and jury","low","2","0"
"CL-449","1","CL-449","31010101","Presentation of Evidence > General Provisions > Roles of judge and jury","low","2","0"
"CL-450","1","CL-450","31010101","Presentation of Evidence > General Provisions > Roles of judge and jury","low","2","0"
"CL-451","1","CL-451","31010101","Presentation of Evidence > General Provisions > Roles of judge and jury","low","2","0"
"CL-452","1","CL-452","31010101","Presentation of Evidence > General Provisions > Roles of judge and jury","low","2","0"
"CL-453","1","CL-453","31010101","Presentation of Evidence > General Provisions > Roles of judge and jury","low","2","0"
"CL-454","1","CL-454","31010101","Presentation of Evidence > General Provisions > Roles of judge and jury","low","2","0"
"CL-455","1","CL-455","31010101","Presentation of Evidence > General Provisions > Roles of judge and jury","low","2","0"
"CL-456","1","CL-456","31010101","Presentation of Evidence > General Provisions > Roles of judge and jury","low","2","0"
"CL-457","1","CL-457","31010101","Presentation of Evidence > General Provisions > Roles of judge and jury","low","2","0"
"CL-458","1","CL-458","31010101","Presentation of Evidence > General Provisions > Roles of judge and jury","low","2","0"
"CL-459","1","CL-459","31010101","Presentation of Evidence > General Provisions > Roles of judge and jury","low","2","0"
"CL-460","1","CL-460","31010101","Presentation of Evidence > General Provisions > Roles of judge and jury","low","2","0"
"CL-461","1","CL-461","31010101","Presentation of Evidence > General Provisions > Roles of judge and jury","low","2","0"
"CL-462","1","CL-462","31010101","Presentation of Evidence > General Provisions > Roles of judge and jury","low","2","0"
"CL-463","1","CL-463","31010101","Presentation of Evidence > General Provisions > Roles of judge and jury","low","2","0"
"CL-464","1","CL-464","31010101","Presentation of Evidence > General Provisions > Roles of judge and jury","low","2","0"
"CL-465","1","CL-465","31010101","Presentation of Evidence > General Provisions > Roles of judge and jury","low","2","0"
"CL-466","1","CL-466","31010101","Presentation of Evidence > General Provisions > Roles of judge and jury","low","2","0"
"CL-467","1","CL-467","31010101","Presentation of Evidence > General Provisions > Roles of judge and jury","low","2","0"
"CL-468","1","CL-468","31010101","Presentation of Evidence > General Provisions > Roles of judge and jury","low","2","0"
"CL-469","1","CL-469","31010101","Presentation of Evidence > General Provisions > Roles of judge and jury","low","2","0"
"CL-470","1","CL-470","31010101","Presentation of Evidence > General Provisions > Roles of judge and jury","low","2","0"
"CL-471","1","CL-471","31010101","Presentation of Evidence > General Provisions > Roles of judge and jury","low","2","0"
"CL-472","1","CL-472","31010101","Presentation of Evidence > General Provisions > Roles of judge and jury","low","2","0"
"CL-473","1","CL-473","31010101","Presentation of Evidence > General Provisions > Roles of judge and jury","low","2","0"
"CL-474","1","CL-474","31010101","Presentation of Evidence > General Provisions > Roles of judge and jury","low","2","0"
"CL-475","1","CL-475","31010101","Presentation of Evidence > General Provisions > Roles of judge and jury","low","2","0"
"CL-476","1","CL-476","31010101","Presentation of Evidence > General Provisions > Roles of judge and jury","low","2","0"
"CL-477","1","CL-477","31010101","Presentation of Evidence > General Provisions > Roles of judge and jury","low","2","0"
"CL-478","1","CL-478","31010101","Presentation of Evidence > General Provisions > Roles of judge and jury","low","2","0"
"CL-479","1","CL-479","31010101","Presentation of Evidence > General Provisions > Roles of judge and jury","low","2","0"
"CL-480","1","CL-480","31010101","Presentation of Evidence > General Provisions > Roles of judge and jury","low","2","0"
"CL-481","1","CL-481","31010101","Presentation of Evidence > General Provisions > Roles of judge and jury","low","2","0"
"CL-482","1","CL-482","31010101","Presentation of Evidence > General Provisions > Roles of judge and jury","low","2","0"
"CL-483","1","CL-483","31010101","Presentation of Evidence > General Provisions > Roles of judge and jury","low","2","0"
"CL-484","1","CL-484","31010101","Presentation of Evidence > General Provisions > Roles of judge and jury","low","2","0"
"CL-485","1","CL-485","31010101","Presentation of Evidence > General Provisions > Roles of judge and jury","low","2","0"
"CL-486","1","CL-486","31010101","Presentation of Evidence > General Provisions > Roles of judge and jury","low","2","0"
"CL-487","1","CL-487","31010101","Presentation of Evidence > General Provisions > Roles of judge and jury","low","2","0"
"CL-488","1","CL-488","31010101","Presentation of Evidence > General Provisions > Roles of judge and jury","low","2","0"
"CL-489","1","CL-489","31010101","Presentation of Evidence > General Provisions > Roles of judge and jury","low","2","0"
"CL-490","1","CL-490","31010101","Presentation of Evidence > General Provisions > Roles of judge and jury","low","2","0"
"CL-491","1","CL-491","31010101","Presentation of Evidence > General Provisions > Roles of judge and jury","low","2","0"
"CL-492","1","CL-492","31010101","Presentation of Evidence > General Provisions > Roles of judge and jury","low","2","0"
"CL-493","1","CL-493","31010101","Presentation of Evidence > General Provisions > Roles of judge and jury","low","2","0"
"CL-494","1","CL-494","31010101","Presentation of Evidence > General Provisions > Roles of judge and jury","low","2","0"
"CL-495","1","CL-495","31010101","Presentation of Evidence > General Provisions > Roles of judge and jury","low","2","0"
"CL-496","1","CL-496","31010101","Presentation of Evidence > General Provisions > Roles of judge and jury","low","2","0"
"CL-497","1","CL-497","31010101","Presentation of Evidence > General Provisions > Roles of judge and jury","low","2","0"
"CL-498","1","CL-498","31010101","Presentation of Evidence > General Provisions > Roles of judge and jury","low","2","0"
"CL-499","1","CL-499","31010101","Presentation of Evidence > General Provisions > Roles of judge and jury","low","2","0"
"CL-500","1","CL-500","31010101","Presentation of Evidence > General Provisions > Roles of judge and jury","low","2","0"
"CL-501","1","CL-501","31010101","Presentation of Evidence > General Provisions > Roles of judge and jury","low","2","0"
"CL-502","1","CL-502","31010101","Presentation of Evidence > General Provisions > Roles of judge and jury","low","2","0"
"CL-503","1","CL-503","31010101","Presentation of Evidence > General Provisions > Roles of judge and jury","low","2","0"
"CL-504","1","CL-504","31010101","Presentation of Evidence > General Provisions > Roles of judge and jury","low","2","0"
"CL-505","1","CL-505","31010101","Presentation of Evidence > General Provisions > Roles of judge and jury","low","2","0"
"CP-001","1","CP-001","31010101","Presentation of Evidence > General Provisions > Roles of judge and jury","low","2","0"
"CP-002","1","CP-002","31010101","Presentation of Evidence > General Provisions > Roles of judge and jury","low","2","0"
"CP-003","1","CP-003","31010101","Presentation of Evidence > General Provisions > Roles of judge and jury","low","2","0"
"CP-004","1","CP-004","31010101","Presentation of Evidence > General Provisions > Roles of judge and jury","low","2","0"
"CP-005","1","CP-005","31010101","Presentation of Evidence > General Provisions > Roles of judge and jury","low","2","0"
"CP-006","1","CP-006","31010101","Presentation of Evidence > General Provisions > Roles of judge and jury","low","2","0"
"CP-007","1","CP-007","31010101","Presentation of Evidence > General Provisions > Roles of judge and jury","low","2","0"
"CP-008","1","CP-008","31010101","Presentation of Evidence > General Provisions > Roles of judge and jury","low","2","0"
"CP-009","1","CP-009","31010101","Presentation of Evidence > General Provisions > Roles of judge and jury","low","2","0"
"CP-010","1","CP-010","31010101","Presentation of Evidence > General Provisions > Roles of judge and jury","low","2","0"
"CP-011","1","CP-011","31010101","Presentation of Evidence > General Provisions > Roles of judge and jury","low","2","0"
"CP-012","1","CP-012","31010101","Presentation of Evidence > General Provisions > Roles of judge and jury","low","2","0"
"CP-013","1","CP-013","31010101","Presentation of Evidence > General Provisions > Roles of judge and jury","low","2","0"
"CP-014","1","CP-014","31010101","Presentation of Evidence > General Provisions > Roles of judge and jury","low","2","0"
"CP-015","1","CP-015","31010101","Presentation of Evidence > General Provisions > Roles of judge and jury","low","2","0"
"CP-016","1","CP-016","31010101","Presentation of Evidence > General Provisions > Roles of judge and jury","low","2","0"
"CP-017","1","CP-017","31010101","Presentation of Evidence > General Provisions > Roles of judge and jury","low","2","0"
"CP-018","1","CP-018","31010101","Presentation of Evidence > General Provisions > Roles of judge and jury","low","2","0"
"CP-019","1","CP-019","31010101","Presentation of Evidence > General Provisions > Roles of judge and jury","low","2","0"
"CP-020","1","CP-020","31010101","Presentation of Evidence > General Provisions > Roles of judge and jury","low","2","0"
"CP-021","1","CP-021","31010101","Presentation of Evidence > General Provisions > Roles of judge and jury","low","2","0"
"CP-022","1","CP-022","31010101","Presentation of Evidence > General Provisions > Roles of judge and jury","low","2","0"
"CP-023","1","CP-023","31010101","Presentation of Evidence > General Provisions > Roles of judge and jury","low","2","0"
"CP-024","1","CP-024","31010101","Presentation of Evidence > General Provisions > Roles of judge and jury","low","2","0"
"CP-025","1","CP-025","31010101","Presentation of Evidence > General Provisions > Roles of judge and jury","low","2","0"
"CP-026","1","CP-026","31010101","Presentation of Evidence > General Provisions > Roles of judge and jury","low","2","0"
"CP-027","1","CP-027","31010101","Presentation of Evidence > General Provisions > Roles of judge and jury","low","2","0"
"CP-028","1","CP-028","31010101","Presentation of Evidence > General Provisions > Roles of judge and jury","low","2","0"
"CP-029","1","CP-029","31010101","Presentation of Evidence > General Provisions > Roles of judge and jury","low","2","0"
"CP-030","1","CP-030","31010101","Presentation of Evidence > General Provisions > Roles of judge and jury","low","2","0"
"CP-031","1","CP-031","31010101","Presentation of Evidence > General Provisions > Roles of judge and jury","low","2","0"
"CP-032","1","CP-032","31010101","Presentation of Evidence > General Provisions > Roles of judge and jury","low","2","0"
"CP-033","1","CP-033","31010101","Presentation of Evidence > General Provisions > Roles of judge and jury","low","2","0"
"CP-034","1","CP-034","31010101","Presentation of Evidence > General Provisions > Roles of judge and jury","low","2","0"
"CP-035","1","CP-035","31010101","Presentation of Evidence > General Provisions > Roles of judge and jury","low","2","0"
"CP-036","1","CP-036","31010101","Presentation of Evidence > General Provisions > Roles of judge and jury","low","2","0"
"CP-037","1","CP-037","31010101","Presentation of Evidence > General Provisions > Roles of judge and jury","low","2","0"
"CP-038","1","CP-038","31010101","Presentation of Evidence > General Provisions > Roles of judge and jury","low","2","0"
"CP-039","1","CP-039","31010101","Presentation of Evidence > General Provisions > Roles of judge and jury","low","2","0"
"CP-040","1","CP-040","31010101","Presentation of Evidence > General Provisions > Roles of judge and jury","low","2","0"
"CP-041","1","CP-041","31010101","Presentation of Evidence > General Provisions > Roles of judge and jury","low","2","0"
"CP-042","1","CP-042","31010101","Presentation of Evidence > General Provisions > Roles of judge and jury","low","2","0"
"CP-043","1","CP-043","31010101","Presentation of Evidence > General Provisions > Roles of judge and jury","low","2","0"
"CP-044","1","CP-044","31010101","Presentation of Evidence > General Provisions > Roles of judge and jury","low","2","0"
"CP-045","1","CP-045","31010101","Presentation of Evidence > General Provisions > Roles of judge and jury","low","2","0"
"CP-046","1","CP-046","31010101","Presentation of Evidence > General Provisions > Roles of judge and jury","low","2","0"
"CP-047","1","CP-047","31010101","Presentation of Evidence > General Provisions > Roles of judge and jury","low","2","0"
"CP-048","1","CP-048","31010101","Presentation of Evidence > General Provisions > Roles of judge and jury","low","2","0"
"CP-049","1","CP-049","31010101","Presentation of Evidence > General Provisions > Roles of judge and jury","low","2","0"
"CP-050","1","CP-050","31010101","Presentation of Evidence > General Provisions > Roles of judge and jury","low","2","0"
"CP-051","1","CP-051","31010101","Presentation of Evidence > General Provisions > Roles of judge and jury","low","2","0"
"CP-052","1","CP-052","31010101","Presentation of Evidence > General Provisions > Roles of judge and jury","low","2","0"
"CP-053","1","CP-053","31010101","Presentation of Evidence > General Provisions > Roles of judge and jury","low","2","0"
"CP-054","1","CP-054","31010101","Presentation of Evidence > General Provisions > Roles of judge and jury","low","2","0"
"CP-055","1","CP-055","31010101","Presentation of Evidence > General Provisions > Roles of judge and jury","low","2","0"
"CP-056","1","CP-056","31010101","Presentation of Evidence > General Provisions > Roles of judge and jury","low","2","0"
"CP-057","1","CP-057","31010101","Presentation of Evidence > General Provisions > Roles of judge and jury","low","2","0"
"CP-058","1","CP-058","31010101","Presentation of Evidence > General Provisions > Roles of judge and jury","low","2","0"
"CP-059","1","CP-059","31010101","Presentation of Evidence > General Provisions > Roles of judge and jury","low","2","0"
"CP-060","1","CP-060","31010101","Presentation of Evidence > General Provisions > Roles of judge and jury","low","2","0"
"CP-061","1","CP-061","31010101","Presentation of Evidence > General Provisions > Roles of judge and jury","low","2","0"
"CP-062","1","CP-062","31010101","Presentation of Evidence > General Provisions > Roles of judge and jury","low","2","0"
"CP-063","1","CP-063","31010101","Presentation of Evidence > General Provisions > Roles of judge and jury","low","2","0"
"CP-064","1","CP-064","31010101","Presentation of Evidence > General Provisions > Roles of judge and jury","low","2","0"
"CP-065","1","CP-065","31010101","Presentation of Evidence > General Provisions > Roles of judge and jury","low","2","0"
"CP-066","1","CP-066","31010101","Presentation of Evidence > General Provisions > Roles of judge and jury","low","2","0"
"CP-067","1","CP-067","31010101","Presentation of Evidence > General Provisions > Roles of judge and jury","low","2","0"
"CP-068","1","CP-068","31010101","Presentation of Evidence > General Provisions > Roles of judge and jury","low","2","0"
"CP-069","1","CP-069","31010101","Presentation of Evidence > General Provisions > Roles of judge and jury","low","2","0"
"CP-070","1","CP-070","31010101","Presentation of Evidence > General Provisions > Roles of judge and jury","low","2","0"
"CP-071","1","CP-071","31010101","Presentation of Evidence > General Provisions > Roles of judge and jury","low","2","0"
"CP-072","1","CP-072","31010101","Presentation of Evidence > General Provisions > Roles of judge and jury","low","2","0"
"CP-073","1","CP-073","31010101","Presentation of Evidence > General Provisions > Roles of judge and jury","low","2","0"
"CP-074","1","CP-074","31010101","Presentation of Evidence > General Provisions > Roles of judge and jury","low","2","0"
"CP-075","1","CP-075","31010101","Presentation of Evidence > General Provisions > Roles of judge and jury","low","2","0"
"CP-076","1","CP-076","31010101","Presentation of Evidence > General Provisions > Roles of judge and jury","low","2","0"
"CP-077","1","CP-077","31010101","Presentation of Evidence > General Provisions > Roles of judge and jury","low","2","0"
"CP-078","1","CP-078","31010101","Presentation of Evidence > General Provisions > Roles of judge and jury","low","2","0"
"CP-079","1","CP-079","31010101","Presentation of Evidence > General Provisions > Roles of judge and jury","low","2","0"
"CP-080","1","CP-080","31010101","Presentation of Evidence > General Provisions > Roles of judge and jury","low","2","0"
"CP-081","1","CP-081","31010101","Presentation of Evidence > General Provisions > Roles of judge and jury","low","2","0"
"CP-082","1","CP-082","31010101","Presentation of Evidence > General Provisions > Roles of judge and jury","low","2","0"
"CP-083","1","CP-083","31010101","Presentation of Evidence > General Provisions > Roles of judge and jury","low","2","0"
"CP-084","1","CP-084","31010101","Presentation of Evidence > General Provisions > Roles of judge and jury","low","2","0"
"CP-085","1","CP-085","31010101","Presentation of Evidence > General Provisions > Roles of judge and jury","low","2","0"
"CP-086","1","CP-086","31010101","Presentation of Evidence > General Provisions > Roles of judge and jury","low","2","0"
"CP-087","1","CP-087","31010101","Presentation of Evidence > General Provisions > Roles of judge and jury","low","2","0"
"CP-088","1","CP-088","31010101","Presentation of Evidence > General Provisions > Roles of judge and jury","low","2","0"
"CP-089","1","CP-089","31010101","Presentation of Evidence > General Provisions > Roles of judge and jury","low","2","0"
"CP-090","1","CP-090","31010101","Presentation of Evidence > General Provisions > Roles of judge and jury","low","2","0"
"CP-091","1","CP-091","31010101","Presentation of Evidence > General Provisions > Roles of judge and jury","low","2","0"
"CP-092","1","CP-092","31010101","Presentation of Evidence > General Provisions > Roles of judge and jury","low","2","0"
"CP-093","1","CP-093","31010101","Presentation of Evidence > General Provisions > Roles of judge and jury","low","2","0"
"CP-094","1","CP-094","31010101","Presentation of Evidence > General Provisions > Roles of judge and jury","low","2","0"
"CP-095","1","CP-095","31010101","Presentation of Evidence > General Provisions > Roles of judge and jury","low","2","0"
"CP-096","1","CP-096","31010101","Presentation of Evidence > General Provisions > Roles of judge and jury","low","2","0"
"CP-097","1","CP-097","31010101","Presentation of Evidence > General Provisions > Roles of judge and jury","low","2","0"
"CP-098","1","CP-098","31010101","Presentation of Evidence > General Provisions > Roles of judge and jury","low","2","0"
"CP-099","1","CP-099","31010101","Presentation of Evidence > General Provisions > Roles of judge and jury","low","2","0"
"CP-100","1","CP-100","31010101","Presentation of Evidence > General Provisions > Roles of judge and jury","low","2","0"
"CP-101","1","CP-101","31010101","Presentation of Evidence > General Provisions > Roles of judge and jury","low","2","0"
"CP-102","1","CP-102","31010101","Presentation of Evidence > General Provisions > Roles of judge and jury","low","2","0"
"CP-103","1","CP-103","31010101","Presentation of Evidence > General Provisions > Roles of judge and jury","low","2","0"
"CP-104","1","CP-104","31010101","Presentation of Evidence > General Provisions > Roles of judge and jury","low","2","0"
"CP-105","1","CP-105","31010101","Presentation of Evidence > General Provisions > Roles of judge and jury","low","2","0"
"CP-106","1","CP-106","31010101","Presentation of Evidence > General Provisions > Roles of judge and jury","low","2","0"
"CP-107","1","CP-107","31010101","Presentation of Evidence > General Provisions > Roles of judge and jury","low","2","0"
"CP-108","1","CP-108","31010101","Presentation of Evidence > General Provisions > Roles of judge and jury","low","2","0"
"CP-109","1","CP-109","31010101","Presentation of Evidence > General Provisions > Roles of judge and jury","low","2","0"
"CP-110","1","CP-110","31010101","Presentation of Evidence > General Provisions > Roles of judge and jury","low","2","0"
"CP-111","1","CP-111","31010101","Presentation of Evidence > General Provisions > Roles of judge and jury","low","2","0"
"CP-112","1","CP-112","31010101","Presentation of Evidence > General Provisions > Roles of judge and jury","low","2","0"
"CP-113","1","CP-113","31010101","Presentation of Evidence > General Provisions > Roles of judge and jury","low","2","0"
"CP-114","1","CP-114","31010101","Presentation of Evidence > General Provisions > Roles of judge and jury","low","2","0"
"CP-115","1","CP-115","31010101","Presentation of Evidence > General Provisions > Roles of judge and jury","low","2","0"
"CP-116","1","CP-116","31010101","Presentation of Evidence > General Provisions > Roles of judge and jury","low","2","0"
"CP-117","1","CP-117","31010101","Presentation of Evidence > General Provisions > Roles of judge and jury","low","2","0"
"CP-118","1","CP-118","31010101","Presentation of Evidence > General Provisions > Roles of judge and jury","low","2","0"
"CP-119","1","CP-119","31010101","Presentation of Evidence > General Provisions > Roles of judge and jury","low","2","0"
"CP-120","1","CP-120","31010101","Presentation of Evidence > General Provisions > Roles of judge and jury","low","2","0"
"CP-121","1","CP-121","31010101","Presentation of Evidence > General Provisions > Roles of judge and jury","low","2","0"
"CP-122","1","CP-122","31010101","Presentation of Evidence > General Provisions > Roles of judge and jury","low","2","0"
"CP-123","1","CP-123","31010101","Presentation of Evidence > General Provisions > Roles of judge and jury","low","2","0"
"CP-124","1","CP-124","31010101","Presentation of Evidence > General Provisions > Roles of judge and jury","low","2","0"
"CP-125","1","CP-125","31010101","Presentation of Evidence > General Provisions > Roles of judge and jury","low","2","0"
"CP-126","1","CP-126","31010101","Presentation of Evidence > General Provisions > Roles of judge and jury","low","2","0"
"CP-127","1","CP-127","31010101","Presentation of Evidence > General Provisions > Roles of judge and jury","low","2","0"
"CP-128","1","CP-128","31010101","Presentation of Evidence > General Provisions > Roles of judge and jury","low","2","0"
"CP-129","1","CP-129","31010101","Presentation of Evidence > General Provisions > Roles of judge and jury","low","2","0"
"CP-130","1","CP-130","31010101","Presentation of Evidence > General Provisions > Roles of judge and jury","low","2","0"
"CP-131","1","CP-131","31010101","Presentation of Evidence > General Provisions > Roles of judge and jury","low","2","0"
"CP-132","1","CP-132","31010101","Presentation of Evidence > General Provisions > Roles of judge and jury","low","2","0"
"CP-133","1","CP-133","31010101","Presentation of Evidence > General Provisions > Roles of judge and jury","low","2","0"
"CP-134","1","CP-134","31010101","Presentation of Evidence > General Provisions > Roles of judge and jury","low","2","0"
"CP-135","1","CP-135","31010101","Presentation of Evidence > General Provisions > Roles of judge and jury","low","2","0"
"CP-136","1","CP-136","31010101","Presentation of Evidence > General Provisions > Roles of judge and jury","low","2","0"
"CP-137","1","CP-137","31010101","Presentation of Evidence > General Provisions > Roles of judge and jury","low","2","0"
"CP-138","1","CP-138","31010101","Presentation of Evidence > General Provisions > Roles of judge and jury","low","2","0"
"CP-139","1","CP-139","31010101","Presentation of Evidence > General Provisions > Roles of judge and jury","low","2","0"
"CP-140","1","CP-140","31010101","Presentation of Evidence > General Provisions > Roles of judge and jury","low","2","0"
"CP-141","1","CP-141","31010101","Presentation of Evidence > General Provisions > Roles of judge and jury","low","2","0"
"CP-142","1","CP-142","31010101","Presentation of Evidence > General Provisions > Roles of judge and jury","low","2","0"
"CP-143","1","CP-143","31010101","Presentation of Evidence > General Provisions > Roles of judge and jury","low","2","0"
"CP-144","1","CP-144","31010101","Presentation of Evidence > General Provisions > Roles of judge and jury","low","2","0"
"CP-145","1","CP-145","31010101","Presentation of Evidence > General Provisions > Roles of judge and jury","low","2","0"
"CP-146","1","CP-146","31010101","Presentation of Evidence > General Provisions > Roles of judge and jury","low","2","0"
"CP-147","1","CP-147","31010101","Presentation of Evidence > General Provisions > Roles of judge and jury","low","2","0"
"CP-148","1","CP-148","31010101","Presentation of Evidence > General Provisions > Roles of judge and jury","low","2","0"
"CP-149","1","CP-149","31010101","Presentation of Evidence > General Provisions > Roles of judge and jury","low","2","0"
"CP-150","1","CP-150","31010101","Presentation of Evidence > General Provisions > Roles of judge and jury","low","2","0"
"CP-151","1","CP-151","31010101","Presentation of Evidence > General Provisions > Roles of judge and jury","low","2","0"
"CP-152","1","CP-152","31010101","Presentation of Evidence > General Provisions > Roles of judge and jury","low","2","0"
"CP-153","1","CP-153","31010101","Presentation of Evidence > General Provisions > Roles of judge and jury","low","2","0"
"CP-154","1","CP-154","31010101","Presentation of Evidence > General Provisions > Roles of judge and jury","low","2","0"
"CP-155","1","CP-155","31010101","Presentation of Evidence > General Provisions > Roles of judge and jury","low","2","0"
"CP-156","1","CP-156","31010101","Presentation of Evidence > General Provisions > Roles of judge and jury","low","2","0"
"CP-157","1","CP-157","31010101","Presentation of Evidence > General Provisions > Roles of judge and jury","low","2","0"
"CP-158","1","CP-158","31010101","Presentation of Evidence > General Provisions > Roles of judge and jury","low","2","0"
"CP-159","1","CP-159","31010101","Presentation of Evidence > General Provisions > Roles of judge and jury","low","2","0"
"CP-160","1","CP-160","31010101","Presentation of Evidence > General Provisions > Roles of judge and jury","low","2","0"
"CP-161","1","CP-161","31010101","Presentation of Evidence > General Provisions > Roles of judge and jury","low","2","0"
"CP-163","1","CP-163","31010101","Presentation of Evidence > General Provisions > Roles of judge and jury","low","2","0"
"CP-164","1","CP-164","31010101","Presentation of Evidence > General Provisions > Roles of judge and jury","low","2","0"
"CP-165","1","CP-165","31010101","Presentation of Evidence > General Provisions > Roles of judge and jury","low","2","0"
"CP-166","1","CP-166","31010101","Presentation of Evidence > General Provisions > Roles of judge and jury","low","2","0"
"CP-167","1","CP-167","31010101","Presentation of Evidence > General Provisions > Roles of judge and jury","low","2","0"
"CP-168","1","CP-168","31010101","Presentation of Evidence > General Provisions > Roles of judge and jury","low","2","0"
"CP-169","1","CP-169","31010101","Presentation of Evidence > General Provisions > Roles of judge and jury","low","2","0"
"CP-170","1","CP-170","31010101","Presentation of Evidence > General Provisions > Roles of judge and jury","low","2","0"
"CP-171","1","CP-171","31010101","Presentation of Evidence > General Provisions > Roles of judge and jury","low","2","0"
"CP-172","1","CP-172","31010101","Presentation of Evidence > General Provisions > Roles of judge and jury","low","2","0"
"CP-173","1","CP-173","31010101","Presentation of Evidence > General Provisions > Roles of judge and jury","low","2","0"
"CP-174","1","CP-174","31010101","Presentation of Evidence > General Provisions > Roles of judge and jury","low","2","0"
"CP-175","1","CP-175","31010101","Presentation of Evidence > General Provisions > Roles of judge and jury","low","2","0"
"CP-176","1","CP-176","31010101","Presentation of Evidence > General Provisions > Roles of judge and jury","low","2","0"
"CP-177","1","CP-177","31010101","Presentation of Evidence > General Provisions > Roles of judge and jury","low","2","0"
"CP-178","1","CP-178","31010101","Presentation of Evidence > General Provisions > Roles of judge and jury","low","2","0"
"CP-179","1","CP-179","31010101","Presentation of Evidence > General Provisions > Roles of judge and jury","low","2","0"
"CP-180","1","CP-180","31010101","Presentation of Evidence > General Provisions > Roles of judge and jury","low","2","0"
"CP-181","1","CP-181","31010101","Presentation of Evidence > General Provisions > Roles of judge and jury","low","2","0"
"CP-182","1","CP-182","31010101","Presentation of Evidence > General Provisions > Roles of judge and jury","low","2","0"
"CP-183","1","CP-183","31010101","Presentation of Evidence > General Provisions > Roles of judge and jury","low","2","0"
"CP-184","1","CP-184","31010101","Presentation of Evidence > General Provisions > Roles of judge and jury","low","2","0"
"CP-185","1","CP-185","31010101","Presentation of Evidence > General Provisions > Roles of judge and jury","low","2","0"
"CP-186","1","CP-186","31010101","Presentation of Evidence > General Provisions > Roles of judge and jury","low","2","0"
"CP-187","1","CP-187","31010101","Presentation of Evidence > General Provisions > Roles of judge and jury","low","2","0"
"CP-188","1","CP-188","31010101","Presentation of Evidence > General Provisions > Roles of judge and jury","low","2","0"
"CP-189","1","CP-189","31010101","Presentation of Evidence > General Provisions > Roles of judge and jury","low","2","0"
"CP-190","1","CP-190","31010101","Presentation of Evidence > General Provisions > Roles of judge and jury","low","2","0"
"CP-191","1","CP-191","31010101","Presentation of Evidence > General Provisions > Roles of judge and jury","low","2","0"
"CP-192","1","CP-192","31010101","Presentation of Evidence > General Provisions > Roles of judge and jury","low","2","0"
"CP-193","1","CP-193","31010101","Presentation of Evidence > General Provisions > Roles of judge and jury","low","2","0"
"CP-194","1","CP-194","31010101","Presentation of Evidence > General Provisions > Roles of judge and jury","low","2","0"
"CP-195","1","CP-195","31010101","Presentation of Evidence > General Provisions > Roles of judge and jury","low","2","0"
"CP-196","1","CP-196","31010101","Presentation of Evidence > General Provisions > Roles of judge and jury","low","2","0"
"CP-197","1","CP-197","31010101","Presentation of Evidence > General Provisions > Roles of judge and jury","low","2","0"
"CP-198","1","CP-198","31010101","Presentation of Evidence > General Provisions > Roles of judge and jury","low","2","0"
"CP-199","1","CP-199","31010101","Presentation of Evidence > General Provisions > Roles of judge and jury","low","2","0"
"CP-200","1","CP-200","31010101","Presentation of Evidence > General Provisions > Roles of judge and jury","low","2","0"
"CP-201","1","CP-201","31010101","Presentation of Evidence > General Provisions > Roles of judge and jury","low","2","0"
"CP-202","1","CP-202","31010101","Presentation of Evidence > General Provisions > Roles of judge and jury","low","2","0"
"CP-203","1","CP-203","31010101","Presentation of Evidence > General Provisions > Roles of judge and jury","low","2","0"
"CP-204","1","CP-204","31010101","Presentation of Evidence > General Provisions > Roles of judge and jury","low","2","0"
"CP-205","1","CP-205","31010101","Presentation of Evidence > General Provisions > Roles of judge and jury","low","2","0"
"CP-206","1","CP-206","31010101","Presentation of Evidence > General Provisions > Roles of judge and jury","low","2","0"
"CP-207","1","CP-207","31010101","Presentation of Evidence > General Provisions > Roles of judge and jury","low","2","0"
"CP-208","1","CP-208","31010101","Presentation of Evidence > General Provisions > Roles of judge and jury","low","2","0"
"CP-209","1","CP-209","31010101","Presentation of Evidence > General Provisions > Roles of judge and jury","low","2","0"
"CP-210","1","CP-210","31010101","Presentation of Evidence > General Provisions > Roles of judge and jury","low","2","0"
"CP-211","1","CP-211","31010101","Presentation of Evidence > General Provisions > Roles of judge and jury","low","2","0"
"CP-212","1","CP-212","31010101","Presentation of Evidence > General Provisions > Roles of judge and jury","low","2","0"
"CP-213","1","CP-213","31010101","Presentation of Evidence > General Provisions > Roles of judge and jury","low","2","0"
"CP-214","1","CP-214","31010101","Presentation of Evidence > General Provisions > Roles of judge and jury","low","2","0"
"CP-215","1","CP-215","31010101","Presentation of Evidence > General Provisions > Roles of judge and jury","low","2","0"
"CP-216","1","CP-216","31010101","Presentation of Evidence > General Provisions > Roles of judge and jury","low","2","0"
"CP-217","1","CP-217","31010101","Presentation of Evidence > General Provisions > Roles of judge and jury","low","2","0"
"CP-218","1","CP-218","31010101","Presentation of Evidence > General Provisions > Roles of judge and jury","low","2","0"
"CP-219","1","CP-219","31010101","Presentation of Evidence > General Provisions > Roles of judge and jury","low","2","0"
"CP-220","1","CP-220","31010101","Presentation of Evidence > General Provisions > Roles of judge and jury","low","2","0"
"CP-221","1","CP-221","31010101","Presentation of Evidence > General Provisions > Roles of judge and jury","low","2","0"
"CP-222","1","CP-222","31010101","Presentation of Evidence > General Provisions > Roles of judge and jury","low","2","0"
"CP-223","1","CP-223","31010101","Presentation of Evidence > General Provisions > Roles of judge and jury","low","2","0"
"CP-224","1","CP-224","31010101","Presentation of Evidence > General Provisions > Roles of judge and jury","low","2","0"
"CP-225","1","CP-225","31010101","Presentation of Evidence > General Provisions > Roles of judge and jury","low","2","0"
"CP-226","1","CP-226","31010101","Presentation of Evidence > General Provisions > Roles of judge and jury","low","2","0"
"CP-227","1","CP-227","31010101","Presentation of Evidence > General Provisions > Roles of judge and jury","low","2","0"
"CP-228","1","CP-228","31010101","Presentation of Evidence > General Provisions > Roles of judge and jury","low","2","0"
"CP-229","1","CP-229","31010101","Presentation of Evidence > General Provisions > Roles of judge and jury","low","2","0"
"CP-230","1","CP-230","31010101","Presentation of Evidence > General Provisions > Roles of judge and jury","low","2","0"
"CP-231","1","CP-231","31010101","Presentation of Evidence > General Provisions > Roles of judge and jury","low","2","0"
"CP-232","1","CP-232","31010101","Presentation of Evidence > General Provisions > Roles of judge and jury","low","2","0"
"CP-233","1","CP-233","31010101","Presentation of Evidence > General Provisions > Roles of judge and jury","low","2","0"
"CP-234","1","CP-234","31010101","Presentation of Evidence > General Provisions > Roles of judge and jury","low","2","0"
"CP-235","1","CP-235","31010101","Presentation of Evidence > General Provisions > Roles of judge and jury","low","2","0"
"CP-236","1","CP-236","31010101","Presentation of Evidence > General Provisions > Roles of judge and jury","low","2","0"
"CP-237","1","CP-237","31010101","Presentation of Evidence > General Provisions > Roles of judge and jury","low","2","0"
"CP-238","1","CP-238","31010101","Presentation of Evidence > General Provisions > Roles of judge and jury","low","2","0"
"CP-239","1","CP-239","31010101","Presentation of Evidence > General Provisions > Roles of judge and jury","low","2","0"
"CP-240","1","CP-240","31010101","Presentation of Evidence > General Provisions > Roles of judge and jury","low","2","0"
"CP-241","1","CP-241","31010101","Presentation of Evidence > General Provisions > Roles of judge and jury","low","2","0"
"CP-242","1","CP-242","31010101","Presentation of Evidence > General Provisions > Roles of judge and jury","low","2","0"
"CP-243","1","CP-243","31010101","Presentation of Evidence > General Provisions > Roles of judge and jury","low","2","0"
"CP-244","1","CP-244","31010101","Presentation of Evidence > General Provisions > Roles of judge and jury","low","2","0"
"CP-245","1","CP-245","31010101","Presentation of Evidence > General Provisions > Roles of judge and jury","low","2","0"
"CP-246","1","CP-246","31010101","Presentation of Evidence > General Provisions > Roles of judge and jury","low","2","0"
"CP-247","1","CP-247","31010101","Presentation of Evidence > General Provisions > Roles of judge and jury","low","2","0"
"CP-248","1","CP-248","31010101","Presentation of Evidence > General Provisions > Roles of judge and jury","low","2","0"
"CP-249","1","CP-249","31010101","Presentation of Evidence > General Provisions > Roles of judge and jury","low","2","0"
"CP-250","1","CP-250","31010101","Presentation of Evidence > General Provisions > Roles of judge and jury","low","2","0"
"CP-251","1","CP-251","31010101","Presentation of Evidence > General Provisions > Roles of judge and jury","low","2","0"
"CP-252","1","CP-252","31010101","Presentation of Evidence > General Provisions > Roles of judge and jury","low","2","0"
"CP-253","1","CP-253","31010101","Presentation of Evidence > General Provisions > Roles of judge and jury","low","2","0"
"CP-254","1","CP-254","31010101","Presentation of Evidence > General Provisions > Roles of judge and jury","low","2","0"
"CP-255","1","CP-255","31010101","Presentation of Evidence > General Provisions > Roles of judge and jury","low","2","0"
"CP-256","1","CP-256","31010101","Presentation of Evidence > General Provisions > Roles of judge and jury","low","2","0"
"CP-257","1","CP-257","31010101","Presentation of Evidence > General Provisions > Roles of judge and jury","low","2","0"
"CP-258","1","CP-258","31010101","Presentation of Evidence > General Provisions > Roles of judge and jury","low","2","0"
"CP-259","1","CP-259","31010101","Presentation of Evidence > General Provisions > Roles of judge and jury","low","2","0"
"CP-260","1","CP-260","31010101","Presentation of Evidence > General Provisions > Roles of judge and jury","low","2","0"
"CP-261","1","CP-261","31010101","Presentation of Evidence > General Provisions > Roles of judge and jury","low","2","0"
"CP-262","1","CP-262","31010101","Presentation of Evidence > General Provisions > Roles of judge and jury","low","2","0"
"CP-263","1","CP-263","31010101","Presentation of Evidence > General Provisions > Roles of judge and jury","low","2","0"
"CP-264","1","CP-264","31010101","Presentation of Evidence > General Provisions > Roles of judge and jury","low","2","0"
"CP-265","1","CP-265","31010101","Presentation of Evidence > General Provisions > Roles of judge and jury","low","2","0"
"CP-266","1","CP-266","31010101","Presentation of Evidence > General Provisions > Roles of judge and jury","low","2","0"
"CP-267","1","CP-267","31010101","Presentation of Evidence > General Provisions > Roles of judge and jury","low","2","0"
"CP-268","1","CP-268","31010101","Presentation of Evidence > General Provisions > Roles of judge and jury","low","2","0"
"CP-269","1","CP-269","31010101","Presentation of Evidence > General Provisions > Roles of judge and jury","low","2","0"
"CP-270","1","CP-270","31010101","Presentation of Evidence > General Provisions > Roles of judge and jury","low","2","0"
"CP-271","1","CP-271","31010101","Presentation of Evidence > General Provisions > Roles of judge and jury","low","2","0"
"CP-272","1","CP-272","31010101","Presentation of Evidence > General Provisions > Roles of judge and jury","low","2","0"
"CP-273","1","CP-273","31010101","Presentation of Evidence > General Provisions > Roles of judge and jury","low","2","0"
"CP-274","1","CP-274","31010101","Presentation of Evidence > General Provisions > Roles of judge and jury","low","2","0"
"CP-275","1","CP-275","31010101","Presentation of Evidence > General Provisions > Roles of judge and jury","low","2","0"
"CP-276","1","CP-276","31010101","Presentation of Evidence > General Provisions > Roles of judge and jury","low","2","0"
"CP-277","1","CP-277","31010101","Presentation of Evidence > General Provisions > Roles of judge and jury","low","2","0"
"CP-278","1","CP-278","31010101","Presentation of Evidence > General Provisions > Roles of judge and jury","low","2","0"
"CP-279","1","CP-279","31010101","Presentation of Evidence > General Provisions > Roles of judge and jury","low","2","0"
"CP-280","1","CP-280","31010101","Presentation of Evidence > General Provisions > Roles of judge and jury","low","2","0"
"CP-281","1","CP-281","31010101","Presentation of Evidence > General Provisions > Roles of judge and jury","low","2","0"
"CP-282","1","CP-282","31010101","Presentation of Evidence > General Provisions > Roles of judge and jury","low","2","0"
"CP-283","1","CP-283","31010101","Presentation of Evidence > General Provisions > Roles of judge and jury","low","2","0"
"CP-284","1","CP-284","31010101","Presentation of Evidence > General Provisions > Roles of judge and jury","low","2","0"
"CP-285","1","CP-285","31010101","Presentation of Evidence > General Provisions > Roles of judge and jury","low","2","0"
"CP-286","1","CP-286","31010101","Presentation of Evidence > General Provisions > Roles of judge and jury","low","2","0"
"CP-287","1","CP-287","31010101","Presentation of Evidence > General Provisions > Roles of judge and jury","low","2","0"
"CP-288","1","CP-288","31010101","Presentation of Evidence > General Provisions > Roles of judge and jury","low","2","0"
"CP-289","1","CP-289","31010101","Presentation of Evidence > General Provisions > Roles of judge and jury","low","2","0"
"CP-290","1","CP-290","31010101","Presentation of Evidence > General Provisions > Roles of judge and jury","low","2","0"
"CP-291","1","CP-291","31010101","Presentation of Evidence > General Provisions > Roles of judge and jury","low","2","0"
"CP-292","1","CP-292","31010101","Presentation of Evidence > General Provisions > Roles of judge and jury","low","2","0"
"CP-293","1","CP-293","31010101","Presentation of Evidence > General Provisions > Roles of judge and jury","low","2","0"
"CP-294","1","CP-294","31010101","Presentation of Evidence > General Provisions > Roles of judge and jury","low","2","0"
"CP-295","1","CP-295","31010101","Presentation of Evidence > General Provisions > Roles of judge and jury","low","2","0"
"CP-296","1","CP-296","31010101","Presentation of Evidence > General Provisions > Roles of judge and jury","low","2","0"
"CP-297","1","CP-297","31010101","Presentation of Evidence > General Provisions > Roles of judge and jury","low","2","0"
"CP-298","1","CP-298","31010101","Presentation of Evidence > General Provisions > Roles of judge and jury","low","2","0"
"CP-299","1","CP-299","31010101","Presentation of Evidence > General Provisions > Roles of judge and jury","low","2","0"
"CP-300","1","CP-300","31010101","Presentation of Evidence > General Provisions > Roles of judge and jury","low","2","0"
"CP-301","1","CP-301","31010101","Presentation of Evidence > General Provisions > Roles of judge and jury","low","2","0"
"CP-302","1","CP-302","31010101","Presentation of Evidence > General Provisions > Roles of judge and jury","low","2","0"
"CP-303","1","CP-303","31010101","Presentation of Evidence > General Provisions > Roles of judge and jury","low","2","0"
"CP-304","1","CP-304","31010101","Presentation of Evidence > General Provisions > Roles of judge and jury","low","2","0"
"CP-305","1","CP-305","31010101","Presentation of Evidence > General Provisions > Roles of judge and jury","low","2","0"
"CP-306","1","CP-306","31010101","Presentation of Evidence > General Provisions > Roles of judge and jury","low","2","0"
"CP-307","1","CP-307","31010101","Presentation of Evidence > General Provisions > Roles of judge and jury","low","2","0"
"CP-308","1","CP-308","31010101","Presentation of Evidence > General Provisions > Roles of judge and jury","low","2","0"
"CP-309","1","CP-309","31010101","Presentation of Evidence > General Provisions > Roles of judge and jury","low","2","0"
"CP-310","1","CP-310","31010101","Presentation of Evidence > General Provisions > Roles of judge and jury","low","2","0"
"CP-311","1","CP-311","31010101","Presentation of Evidence > General Provisions > Roles of judge and jury","low","2","0"
"CP-312","1","CP-312","31010101","Presentation of Evidence > General Provisions > Roles of judge and jury","low","2","0"
"CP-313","1","CP-313","31010101","Presentation of Evidence > General Provisions > Roles of judge and jury","low","2","0"
"CP-314","1","CP-314","31010101","Presentation of Evidence > General Provisions > Roles of judge and jury","low","2","0"
"CP-315","1","CP-315","31010101","Presentation of Evidence > General Provisions > Roles of judge and jury","low","2","0"
"CP-316","1","CP-316","31010101","Presentation of Evidence > General Provisions > Roles of judge and jury","low","2","0"
"CP-317","1","CP-317","31010101","Presentation of Evidence > General Provisions > Roles of judge and jury","low","2","0"
"CP-318","1","CP-318","31010101","Presentation of Evidence > General Provisions > Roles of judge and jury","low","2","0"
"CP-319","1","CP-319","31010101","Presentation of Evidence > General Provisions > Roles of judge and jury","low","2","0"
"CP-320","1","CP-320","31010101","Presentation of Evidence > General Provisions > Roles of judge and jury","low","2","0"
"CP-321","1","CP-321","31010101","Presentation of Evidence > General Provisions > Roles of judge and jury","low","2","0"
"CP-322","1","CP-322","31010101","Presentation of Evidence > General Provisions > Roles of judge and jury","low","2","0"
"CP-323","1","CP-323","31010101","Presentation of Evidence > General Provisions > Roles of judge and jury","low","2","0"
"CP-324","1","CP-324","31010101","Presentation of Evidence > General Provisions > Roles of judge and jury","low","2","0"
"CP-325","1","CP-325","31010101","Presentation of Evidence > General Provisions > Roles of judge and jury","low","2","0"
"CP-326","1","CP-326","31010101","Presentation of Evidence > General Provisions > Roles of judge and jury","low","2","0"
"CP-327","1","CP-327","31010101","Presentation of Evidence > General Provisions > Roles of judge and jury","low","2","0"
"CP-328","1","CP-328","31010101","Presentation of Evidence > General Provisions > Roles of judge and jury","low","2","0"
"CP-329","1","CP-329","31010101","Presentation of Evidence > General Provisions > Roles of judge and jury","low","2","0"
"CP-330","1","CP-330","31010101","Presentation of Evidence > General Provisions > Roles of judge and jury","low","2","0"
"CP-331","1","CP-331","31010101","Presentation of Evidence > General Provisions > Roles of judge and jury","low","2","0"
"CP-332","1","CP-332","31010101","Presentation of Evidence > General Provisions > Roles of judge and jury","low","2","0"
"CP-333","1","CP-333","31010101","Presentation of Evidence > General Provisions > Roles of judge and jury","low","2","0"
"CP-334","1","CP-334","31010101","Presentation of Evidence > General Provisions > Roles of judge and jury","low","2","0"
"CP-335","1","CP-335","31010101","Presentation of Evidence > General Provisions > Roles of judge and jury","low","2","0"
"CP-336","1","CP-336","31010101","Presentation of Evidence > General Provisions > Roles of judge and jury","low","2","0"
"CP-337","1","CP-337","31010101","Presentation of Evidence > General Provisions > Roles of judge and jury","low","2","0"
"CP-338","1","CP-338","31010101","Presentation of Evidence > General Provisions > Roles of judge and jury","low","2","0"
"CP-339","1","CP-339","31010101","Presentation of Evidence > General Provisions > Roles of judge and jury","low","2","0"
"CP-340","1","CP-340","31010101","Presentation of Evidence > General Provisions > Roles of judge and jury","low","2","0"
"CP-341","1","CP-341","31010101","Presentation of Evidence > General Provisions > Roles of judge and jury","low","2","0"
"CP-342","1","CP-342","31010101","Presentation of Evidence > General Provisions > Roles of judge and jury","low","2","0"
"CP-343","1","CP-343","31010101","Presentation of Evidence > General Provisions > Roles of judge and jury","low","2","0"
"CP-344","1","CP-344","31010101","Presentation of Evidence > General Provisions > Roles of judge and jury","low","2","0"
"CP-345","1","CP-345","31010101","Presentation of Evidence > General Provisions > Roles of judge and jury","low","2","0"
"CP-346","1","CP-346","31010101","Presentation of Evidence > General Provisions > Roles of judge and jury","low","2","0"
"CP-347","1","CP-347","31010101","Presentation of Evidence > General Provisions > Roles of judge and jury","low","2","0"
"CP-348","1","CP-348","31010101","Presentation of Evidence > General Provisions > Roles of judge and jury","low","2","0"
"CP-349","1","CP-349","31010101","Presentation of Evidence > General Provisions > Roles of judge and jury","low","2","0"
"CP-350","1","CP-350","31010101","Presentation of Evidence > General Provisions > Roles of judge and jury","low","2","0"
"CP-351","1","CP-351","31010101","Presentation of Evidence > General Provisions > Roles of judge and jury","low","2","0"
"CP-352","1","CP-352","31010101","Presentation of Evidence > General Provisions > Roles of judge and jury","low","2","0"
"CP-353","1","CP-353","31010101","Presentation of Evidence > General Provisions > Roles of judge and jury","low","2","0"
"CP-354","1","CP-354","31010101","Presentation of Evidence > General Provisions > Roles of judge and jury","low","2","0"
"CP-355","1","CP-355","31010101","Presentation of Evidence > General Provisions > Roles of judge and jury","low","2","0"
"CP-356","1","CP-356","31010101","Presentation of Evidence > General Provisions > Roles of judge and jury","low","2","0"
"CP-357","1","CP-357","31010101","Presentation of Evidence > General Provisions > Roles of judge and jury","low","2","0"
"CP-358","1","CP-358","31010101","Presentation of Evidence > General Provisions > Roles of judge and jury","low","2","0"
"CP-359","1","CP-359","31010101","Presentation of Evidence > General Provisions > Roles of judge and jury","low","2","0"
"CP-360","1","CP-360","31010101","Presentation of Evidence > General Provisions > Roles of judge and jury","low","2","0"
"CP-361","1","CP-361","31010101","Presentation of Evidence > General Provisions > Roles of judge and jury","low","2","0"
"CP-362","1","CP-362","31010101","Presentation of Evidence > General Provisions > Roles of judge and jury","low","2","0"
"CP-363","1","CP-363","31010101","Presentation of Evidence > General Provisions > Roles of judge and jury","low","2","0"
"CP-364","1","CP-364","31010101","Presentation of Evidence > General Provisions > Roles of judge and jury","low","2","0"
"CP-365","1","CP-365","31010101","Presentation of Evidence > General Provisions > Roles of judge and jury","low","2","0"
"CP-366","1","CP-366","31010101","Presentation of Evidence > General Provisions > Roles of judge and jury","low","2","0"
"CP-367","1","CP-367","31010101","Presentation of Evidence > General Provisions > Roles of judge and jury","low","2","0"
"CP-368","1","CP-368","31010101","Presentation of Evidence > General Provisions > Roles of judge and jury","low","2","0"
"CP-369","1","CP-369","31010101","Presentation of Evidence > General Provisions > Roles of judge and jury","low","2","0"
"CP-370","1","CP-370","31010101","Presentation of Evidence > General Provisions > Roles of judge and jury","low","2","0"
"CP-371","1","CP-371","31010101","Presentation of Evidence > General Provisions > Roles of judge and jury","low","2","0"
"CP-372","1","CP-372","31010101","Presentation of Evidence > General Provisions > Roles of judge and jury","low","2","0"
"CP-373","1","CP-373","31010101","Presentation of Evidence > General Provisions > Roles of judge and jury","low","2","0"
"CP-374","1","CP-374","31010101","Presentation of Evidence > General Provisions > Roles of judge and jury","low","2","0"
"CP-375","1","CP-375","31010101","Presentation of Evidence > General Provisions > Roles of judge and jury","low","2","0"
"CP-376","1","CP-376","31010101","Presentation of Evidence > General Provisions > Roles of judge and jury","low","2","0"
"CP-377","1","CP-377","31010101","Presentation of Evidence > General Provisions > Roles of judge and jury","low","2","0"
"CP-378","1","CP-378","31010101","Presentation of Evidence > General Provisions > Roles of judge and jury","low","2","0"
"CP-379","1","CP-379","31010101","Presentation of Evidence > General Provisions > Roles of judge and jury","low","2","0"
"CP-380","1","CP-380","31010101","Presentation of Evidence > General Provisions > Roles of judge and jury","low","2","0"
"CP-381","1","CP-381","31010101","Presentation of Evidence > General Provisions > Roles of judge and jury","low","2","0"
"CP-382","1","CP-382","31010101","Presentation of Evidence > General Provisions > Roles of judge and jury","low","2","0"
"CP-383","1","CP-383","31010101","Presentation of Evidence > General Provisions > Roles of judge and jury","low","2","0"
"CP-384","1","CP-384","31010101","Presentation of Evidence > General Provisions > Roles of judge and jury","low","2","0"
"CP-385","1","CP-385","31010101","Presentation of Evidence > General Provisions > Roles of judge and jury","low","2","0"
"CP-386","1","CP-386","31010101","Presentation of Evidence > General Provisions > Roles of judge and jury","low","2","0"
"CP-387","1","CP-387","31010101","Presentation of Evidence > General Provisions > Roles of judge and jury","low","2","0"
"CP-388","1","CP-388","31010101","Presentation of Evidence > General Provisions > Roles of judge and jury","low","2","0"
"CP-389","1","CP-389","31010101","Presentation of Evidence > General Provisions > Roles of judge and jury","low","2","0"
"CP-390","1","CP-390","31010101","Presentation of Evidence > General Provisions > Roles of judge and jury","low","2","0"
"CP-391","1","CP-391","31010101","Presentation of Evidence > General Provisions > Roles of judge and jury","low","2","0"
"CP-392","1","CP-392","31010101","Presentation of Evidence > General Provisions > Roles of judge and jury","low","2","0"
"CP-393","1","CP-393","31010101","Presentation of Evidence > General Provisions > Roles of judge and jury","low","2","0"
"CP-394","1","CP-394","31010101","Presentation of Evidence > General Provisions > Roles of judge and jury","low","2","0"
"CP-395","1","CP-395","31010101","Presentation of Evidence > General Provisions > Roles of judge and jury","low","2","0"
"CP-396","1","CP-396","31010101","Presentation of Evidence > General Provisions > Roles of judge and jury","low","2","0"
"CP-397","1","CP-397","31010101","Presentation of Evidence > General Provisions > Roles of judge and jury","low","2","0"
"CP-398","1","CP-398","31010101","Presentation of Evidence > General Provisions > Roles of judge and jury","low","2","0"
"CP-399","1","CP-399","31010101","Presentation of Evidence > General Provisions > Roles of judge and jury","low","2","0"
"CP-400","1","CP-400","31010101","Presentation of Evidence > General Provisions > Roles of judge and jury","low","2","0"
"CP-401","1","CP-401","31010101","Presentation of Evidence > General Provisions > Roles of judge and jury","low","2","0"
"CP-402","1","CP-402","31010101","Presentation of Evidence > General Provisions > Roles of judge and jury","low","2","0"
"CP-403","1","CP-403","31010101","Presentation of Evidence > General Provisions > Roles of judge and jury","low","2","0"
"CP-404","1","CP-404","31010101","Presentation of Evidence > General Provisions > Roles of judge and jury","low","2","0"
"CP-405","1","CP-405","31010101","Presentation of Evidence > General Provisions > Roles of judge and jury","low","2","0"
"CP-406","1","CP-406","31010101","Presentation of Evidence > General Provisions > Roles of judge and jury","low","2","0"
"CP-407","1","CP-407","31010101","Presentation of Evidence > General Provisions > Roles of judge and jury","low","2","0"
"CP-408","1","CP-408","31010101","Presentation of Evidence > General Provisions > Roles of judge and jury","low","2","0"
"CP-409","1","CP-409","31010101","Presentation of Evidence > General Provisions > Roles of judge and jury","low","2","0"
"CP-410","1","CP-410","31010101","Presentation of Evidence > General Provisions > Roles of judge and jury","low","2","0"
"CR-001","1","CR-001","31010101","Presentation of Evidence > General Provisions > Roles of judge and jury","low","2","0"
"CR-002","1","CR-002","31010101","Presentation of Evidence > General Provisions > Roles of judge and jury","low","2","0"
"CR-003","1","CR-003","31010101","Presentation of Evidence > General Provisions > Roles of judge and jury","low","2","0"
"CR-004","1","CR-004","31010101","Presentation of Evidence > General Provisions > Roles of judge and jury","low","2","0"
"CR-005","1","CR-005","31010101","Presentation of Evidence > General Provisions > Roles of judge and jury","low","2","0"
"CR-006","1","CR-006","31010101","Presentation of Evidence > General Provisions > Roles of judge and jury","low","2","0"
"CR-007","1","CR-007","31010101","Presentation of Evidence > General Provisions > Roles of judge and jury","low","2","0"
"CR-008","1","CR-008","31010101","Presentation of Evidence > General Provisions > Roles of judge and jury","low","2","0"
"CR-009","1","CR-009","31010101","Presentation of Evidence > General Provisions > Roles of judge and jury","low","2","0"
"CR-010","1","CR-010","31010101","Presentation of Evidence > General Provisions > Roles of judge and jury","low","2","0"
"CR-011","1","CR-011","31010101","Presentation of Evidence > General Provisions > Roles of judge and jury","low","2","0"
"CR-012","1","CR-012","31010101","Presentation of Evidence > General Provisions > Roles of judge and jury","low","2","0"
"CR-013","1","CR-013","31010101","Presentation of Evidence > General Provisions > Roles of judge and jury","low","2","0"
"CR-014","1","CR-014","31010101","Presentation of Evidence > General Provisions > Roles of judge and jury","low","2","0"
"CR-015","1","CR-015","31010101","Presentation of Evidence > General Provisions > Roles of judge and jury","low","2","0"
"CR-016","1","CR-016","31010101","Presentation of Evidence > General Provisions > Roles of judge and jury","low","2","0"
"CR-017","1","CR-017","31010101","Presentation of Evidence > General Provisions > Roles of judge and jury","low","2","0"
"CR-018","1","CR-018","31010101","Presentation of Evidence > General Provisions > Roles of judge and jury","low","2","0"
"CR-019","1","CR-019","31010101","Presentation of Evidence > General Provisions > Roles of judge and jury","low","2","0"
"CR-020","1","CR-020","31010101","Presentation of Evidence > General Provisions > Roles of judge and jury","low","2","0"
"CR-021","1","CR-021","31010101","Presentation of Evidence > General Provisions > Roles of judge and jury","low","2","0"
"CR-022","1","CR-022","31010101","Presentation of Evidence > General Provisions > Roles of judge and jury","low","2","0"
"CR-023","1","CR-023","31010101","Presentation of Evidence > General Provisions > Roles of judge and jury","low","2","0"
"CR-024","1","CR-024","31010101","Presentation of Evidence > General Provisions > Roles of judge and jury","low","2","0"
"CR-025","1","CR-025","31010101","Presentation of Evidence > General Provisions > Roles of judge and jury","low","2","0"
"CR-026","1","CR-026","31010101","Presentation of Evidence > General Provisions > Roles of judge and jury","low","2","0"
"CR-027","1","CR-027","31010101","Presentation of Evidence > General Provisions > Roles of judge and jury","low","2","0"
"CR-028","1","CR-028","31010101","Presentation of Evidence > General Provisions > Roles of judge and jury","low","2","0"
"CR-029","1","CR-029","31010101","Presentation of Evidence > General Provisions > Roles of judge and jury","low","2","0"
"CR-030","1","CR-030","31010101","Presentation of Evidence > General Provisions > Roles of judge and jury","low","2","0"
"CR-031","1","CR-031","31010101","Presentation of Evidence > General Provisions > Roles of judge and jury","low","2","0"
"CR-032","1","CR-032","31010101","Presentation of Evidence > General Provisions > Roles of judge and jury","low","2","0"
"CR-033","1","CR-033","31010101","Presentation of Evidence > General Provisions > Roles of judge and jury","low","2","0"
"CR-034","1","CR-034","31010101","Presentation of Evidence > General Provisions > Roles of judge and jury","low","2","0"
"CR-035","1","CR-035","31010101","Presentation of Evidence > General Provisions > Roles of judge and jury","low","2","0"
"CR-036","1","CR-036","31010101","Presentation of Evidence > General Provisions > Roles of judge and jury","low","2","0"
"CR-037","1","CR-037","31010101","Presentation of Evidence > General Provisions > Roles of judge and jury","low","2","0"
"CR-038","1","CR-038","31010101","Presentation of Evidence > General Provisions > Roles of judge and jury","low","2","0"
"CR-039","1","CR-039","31010101","Presentation of Evidence > General Provisions > Roles of judge and jury","low","2","0"
"CR-040","1","CR-040","31010101","Presentation of Evidence > General Provisions > Roles of judge and jury","low","2","0"
"CR-041","1","CR-041","31010101","Presentation of Evidence > General Provisions > Roles of judge and jury","low","2","0"
"CR-042","1","CR-042","31010101","Presentation of Evidence > General Provisions > Roles of judge and jury","low","2","0"
"CR-043","1","CR-043","31010101","Presentation of Evidence > General Provisions > Roles of judge and jury","low","2","0"
"CR-044","1","CR-044","31010101","Presentation of Evidence > General Provisions > Roles of judge and jury","low","2","0"
"CR-045","1","CR-045","31010101","Presentation of Evidence > General Provisions > Roles of judge and jury","low","2","0"
"CR-046","1","CR-046","31010101","Presentation of Evidence > General Provisions > Roles of judge and jury","low","2","0"
"CR-047","1","CR-047","31010101","Presentation of Evidence > General Provisions > Roles of judge and jury","low","2","0"
"CR-048","1","CR-048","31010101","Presentation of Evidence > General Provisions > Roles of judge and jury","low","2","0"
"CR-049","1","CR-049","31010101","Presentation of Evidence > General Provisions > Roles of judge and jury","low","2","0"
"CR-050","1","CR-050","31010101","Presentation of Evidence > General Provisions > Roles of judge and jury","low","2","0"
"CR-051","1","CR-051","31010101","Presentation of Evidence > General Provisions > Roles of judge and jury","low","2","0"
"CR-052","1","CR-052","31010101","Presentation of Evidence > General Provisions > Roles of judge and jury","low","2","0"
"CR-053","1","CR-053","31010101","Presentation of Evidence > General Provisions > Roles of judge and jury","low","2","0"
"CR-054","1","CR-054","31010101","Presentation of Evidence > General Provisions > Roles of judge and jury","low","2","0"
"CR-055","1","CR-055","31010101","Presentation of Evidence > General Provisions > Roles of judge and jury","low","2","0"
"CR-056","1","CR-056","31010101","Presentation of Evidence > General Provisions > Roles of judge and jury","low","2","0"
"CR-057","1","CR-057","31010101","Presentation of Evidence > General Provisions > Roles of judge and jury","low","2","0"
"CR-058","1","CR-058","31010101","Presentation of Evidence > General Provisions > Roles of judge and jury","low","2","0"
"CR-059","1","CR-059","31010101","Presentation of Evidence > General Provisions > Roles of judge and jury","low","2","0"
"CR-060","1","CR-060","31010101","Presentation of Evidence > General Provisions > Roles of judge and jury","low","2","0"
"CR-061","1","CR-061","31010101","Presentation of Evidence > General Provisions > Roles of judge and jury","low","2","0"
"CR-062","1","CR-062","31010101","Presentation of Evidence > General Provisions > Roles of judge and jury","low","2","0"
"CR-063","1","CR-063","31010101","Presentation of Evidence > General Provisions > Roles of judge and jury","low","2","0"
"CR-064","1","CR-064","31010101","Presentation of Evidence > General Provisions > Roles of judge and jury","low","2","0"
"CR-065","1","CR-065","31010101","Presentation of Evidence > General Provisions > Roles of judge and jury","low","2","0"
"CR-066","1","CR-066","31010101","Presentation of Evidence > General Provisions > Roles of judge and jury","low","2","0"
"CR-067","1","CR-067","31010101","Presentation of Evidence > General Provisions > Roles of judge and jury","low","2","0"
"CR-068","1","CR-068","31010101","Presentation of Evidence > General Provisions > Roles of judge and jury","low","2","0"
"CR-069","1","CR-069","31010101","Presentation of Evidence > General Provisions > Roles of judge and jury","low","2","0"
"CR-070","1","CR-070","31010101","Presentation of Evidence > General Provisions > Roles of judge and jury","low","2","0"
"CR-071","1","CR-071","31010101","Presentation of Evidence > General Provisions > Roles of judge and jury","low","2","0"
"CR-072","1","CR-072","31010101","Presentation of Evidence > General Provisions > Roles of judge and jury","low","2","0"
"CR-073","1","CR-073","31010101","Presentation of Evidence > General Provisions > Roles of judge and jury","low","2","0"
"CR-074","1","CR-074","31010101","Presentation of Evidence > General Provisions > Roles of judge and jury","low","2","0"
"CR-075","1","CR-075","31010101","Presentation of Evidence > General Provisions > Roles of judge and jury","low","2","0"
"CR-076","1","CR-076","31010101","Presentation of Evidence > General Provisions > Roles of judge and jury","low","2","0"
"CR-077","1","CR-077","31010101","Presentation of Evidence > General Provisions > Roles of judge and jury","low","2","0"
"CR-078","1","CR-078","31010101","Presentation of Evidence > General Provisions > Roles of judge and jury","low","2","0"
"CR-079","1","CR-079","31010101","Presentation of Evidence > General Provisions > Roles of judge and jury","low","2","0"
"CR-080","1","CR-080","31010101","Presentation of Evidence > General Provisions > Roles of judge and jury","low","2","0"
"CR-081","1","CR-081","31010101","Presentation of Evidence > General Provisions > Roles of judge and jury","low","2","0"
"CR-082","1","CR-082","31010101","Presentation of Evidence > General Provisions > Roles of judge and jury","low","2","0"
"CR-083","1","CR-083","31010101","Presentation of Evidence > General Provisions > Roles of judge and jury","low","2","0"
"CR-084","1","CR-084","31010101","Presentation of Evidence > General Provisions > Roles of judge and jury","low","2","0"
"CR-085","1","CR-085","31010101","Presentation of Evidence > General Provisions > Roles of judge and jury","low","2","0"
"CR-086","1","CR-086","31010101","Presentation of Evidence > General Provisions > Roles of judge and jury","low","2","0"
"CR-087","1","CR-087","31010101","Presentation of Evidence > General Provisions > Roles of judge and jury","low","2","0"
"CR-088","1","CR-088","31010101","Presentation of Evidence > General Provisions > Roles of judge and jury","low","2","0"
"CR-089","1","CR-089","31010101","Presentation of Evidence > General Provisions > Roles of judge and jury","low","2","0"
"CR-090","1","CR-090","31010101","Presentation of Evidence > General Provisions > Roles of judge and jury","low","2","0"
"CR-091","1","CR-091","31010101","Presentation of Evidence > General Provisions > Roles of judge and jury","low","2","0"
"CR-092","1","CR-092","31010101","Presentation of Evidence > General Provisions > Roles of judge and jury","low","2","0"
"CR-093","1","CR-093","31010101","Presentation of Evidence > General Provisions > Roles of judge and jury","low","2","0"
"CR-094","1","CR-094","31010101","Presentation of Evidence > General Provisions > Roles of judge and jury","low","2","0"
"CR-095","1","CR-095","31010101","Presentation of Evidence > General Provisions > Roles of judge and jury","low","2","0"
"CR-096","1","CR-096","31010101","Presentation of Evidence > General Provisions > Roles of judge and jury","low","2","0"
"CR-097","1","CR-097","31010101","Presentation of Evidence > General Provisions > Roles of judge and jury","low","2","0"
"CR-098","1","CR-098","31010101","Presentation of Evidence > General Provisions > Roles of judge and jury","low","2","0"
"CR-099","1","CR-099","31010101","Presentation of Evidence > General Provisions > Roles of judge and jury","low","2","0"
"CR-100","1","CR-100","31010101","Presentation of Evidence > General Provisions > Roles of judge and jury","low","2","0"
"CR-101","1","CR-101","31010101","Presentation of Evidence > General Provisions > Roles of judge and jury","low","2","0"
"CR-102","1","CR-102","31010101","Presentation of Evidence > General Provisions > Roles of judge and jury","low","2","0"
"CR-103","1","CR-103","31010101","Presentation of Evidence > General Provisions > Roles of judge and jury","low","2","0"
"CR-104","1","CR-104","31010101","Presentation of Evidence > General Provisions > Roles of judge and jury","low","2","0"
"CR-105","1","CR-105","31010101","Presentation of Evidence > General Provisions > Roles of judge and jury","low","2","0"
"CR-106","1","CR-106","31010101","Presentation of Evidence > General Provisions > Roles of judge and jury","low","2","0"
"CR-107","1","CR-107","31010101","Presentation of Evidence > General Provisions > Roles of judge and jury","low","2","0"
"CR-108","1","CR-108","31010101","Presentation of Evidence > General Provisions > Roles of judge and jury","low","2","0"
"CR-109","1","CR-109","31010101","Presentation of Evidence > General Provisions > Roles of judge and jury","low","2","0"
"CR-110","1","CR-110","31010101","Presentation of Evidence > General Provisions > Roles of judge and jury","low","2","0"
"CR-111","1","CR-111","31010101","Presentation of Evidence > General Provisions > Roles of judge and jury","low","2","0"
"CR-112","1","CR-112","31010101","Presentation of Evidence > General Provisions > Roles of judge and jury","low","2","0"
"CR-113","1","CR-113","31010101","Presentation of Evidence > General Provisions > Roles of judge and jury","low","2","0"
"CR-114","1","CR-114","31010101","Presentation of Evidence > General Provisions > Roles of judge and jury","low","2","0"
"CR-115","1","CR-115","31010101","Presentation of Evidence > General Provisions > Roles of judge and jury","low","2","0"
"CR-116","1","CR-116","31010101","Presentation of Evidence > General Provisions > Roles of judge and jury","low","2","0"
"CR-117","1","CR-117","31010101","Presentation of Evidence > General Provisions > Roles of judge and jury","low","2","0"
"CR-118","1","CR-118","31010101","Presentation of Evidence > General Provisions > Roles of judge and jury","low","2","0"
"CR-119","1","CR-119","31010101","Presentation of Evidence > General Provisions > Roles of judge and jury","low","2","0"
"CR-120","1","CR-120","31010101","Presentation of Evidence > General Provisions > Roles of judge and jury","low","2","0"
"CR-121","1","CR-121","31010101","Presentation of Evidence > General Provisions > Roles of judge and jury","low","2","0"
"CR-122","1","CR-122","31010101","Presentation of Evidence > General Provisions > Roles of judge and jury","low","2","0"
"CR-123","1","CR-123","31010101","Presentation of Evidence > General Provisions > Roles of judge and jury","low","2","0"
"CR-124","1","CR-124","31010101","Presentation of Evidence > General Provisions > Roles of judge and jury","low","2","0"
"CR-125","1","CR-125","31010101","Presentation of Evidence > General Provisions > Roles of judge and jury","low","2","0"
"CR-126","1","CR-126","31010101","Presentation of Evidence > General Provisions > Roles of judge and jury","low","2","0"
"CR-127","1","CR-127","31010101","Presentation of Evidence > General Provisions > Roles of judge and jury","low","2","0"
"CR-128","1","CR-128","31010101","Presentation of Evidence > General Provisions > Roles of judge and jury","low","2","0"
"CR-129","1","CR-129","31010101","Presentation of Evidence > General Provisions > Roles of judge and jury","low","2","0"
"CR-130","1","CR-130","31010101","Presentation of Evidence > General Provisions > Roles of judge and jury","low","2","0"
"CR-131","1","CR-131","31010101","Presentation of Evidence > General Provisions > Roles of judge and jury","low","2","0"
"CR-132","1","CR-132","31010101","Presentation of Evidence > General Provisions > Roles of judge and jury","low","2","0"
"CR-133","1","CR-133","31010101","Presentation of Evidence > General Provisions > Roles of judge and jury","low","2","0"
"CR-134","1","CR-134","31010101","Presentation of Evidence > General Provisions > Roles of judge and jury","low","2","0"
"CR-135","1","CR-135","31010101","Presentation of Evidence > General Provisions > Roles of judge and jury","low","2","0"
"CR-136","1","CR-136","31010101","Presentation of Evidence > General Provisions > Roles of judge and jury","low","2","0"
"CR-137","1","CR-137","31010101","Presentation of Evidence > General Provisions > Roles of judge and jury","low","2","0"
"CR-138","1","CR-138","31010101","Presentation of Evidence > General Provisions > Roles of judge and jury","low","2","0"
"CR-139","1","CR-139","31010101","Presentation of Evidence > General Provisions > Roles of judge and jury","low","2","0"
"CR-140","1","CR-140","31010101","Presentation of Evidence > General Provisions > Roles of judge and jury","low","2","0"
"CR-141","1","CR-141","31010101","Presentation of Evidence > General Provisions > Roles of judge and jury","low","2","0"
"CR-142","1","CR-142","31010101","Presentation of Evidence > General Provisions > Roles of judge and jury","low","2","0"
"CR-143","1","CR-143","31010101","Presentation of Evidence > General Provisions > Roles of judge and jury","low","2","0"
"CR-144","1","CR-144","31010101","Presentation of Evidence > General Provisions > Roles of judge and jury","low","2","0"
"CR-145","1","CR-145","31010101","Presentation of Evidence > General Provisions > Roles of judge and jury","low","2","0"
"CR-146","1","CR-146","31010101","Presentation of Evidence > General Provisions > Roles of judge and jury","low","2","0"
"CR-147","1","CR-147","31010101","Presentation of Evidence > General Provisions > Roles of judge and jury","low","2","0"
"CR-148","1","CR-148","31010101","Presentation of Evidence > General Provisions > Roles of judge and jury","low","2","0"
"CR-149","1","CR-149","31010101","Presentation of Evidence > General Provisions > Roles of judge and jury","low","2","0"
"CR-150","1","CR-150","31010101","Presentation of Evidence > General Provisions > Roles of judge and jury","low","2","0"
"CR-151","1","CR-151","31010101","Presentation of Evidence > General Provisions > Roles of judge and jury","low","2","0"
"CR-152","1","CR-152","31010101","Presentation of Evidence > General Provisions > Roles of judge and jury","low","2","0"
"CR-153","1","CR-153","31010101","Presentation of Evidence > General Provisions > Roles of judge and jury","low","2","0"
"CR-154","1","CR-154","31010101","Presentation of Evidence > General Provisions > Roles of judge and jury","low","2","0"
"CR-155","1","CR-155","31010101","Presentation of Evidence > General Provisions > Roles of judge and jury","low","2","0"
"CR-156","1","CR-156","31010101","Presentation of Evidence > General Provisions > Roles of judge and jury","low","2","0"
"CR-157","1","CR-157","31010101","Presentation of Evidence > General Provisions > Roles of judge and jury","low","2","0"
"CR-158","1","CR-158","31010101","Presentation of Evidence > General Provisions > Roles of judge and jury","low","2","0"
"CR-159","1","CR-159","31010101","Presentation of Evidence > General Provisions > Roles of judge and jury","low","2","0"
"CR-160","1","CR-160","31010101","Presentation of Evidence > General Provisions > Roles of judge and jury","low","2","0"
"CR-161","1","CR-161","31010101","Presentation of Evidence > General Provisions > Roles of judge and jury","low","2","0"
"CR-162","1","CR-162","31010101","Presentation of Evidence > General Provisions > Roles of judge and jury","low","2","0"
"CR-163","1","CR-163","31010101","Presentation of Evidence > General Provisions > Roles of judge and jury","low","2","0"
"CR-164","1","CR-164","31010101","Presentation of Evidence > General Provisions > Roles of judge and jury","low","2","0"
"CR-165","1","CR-165","31010101","Presentation of Evidence > General Provisions > Roles of judge and jury","low","2","0"
"CR-166","1","CR-166","31010101","Presentation of Evidence > General Provisions > Roles of judge and jury","low","2","0"
"CR-167","1","CR-167","31010101","Presentation of Evidence > General Provisions > Roles of judge and jury","low","2","0"
"CR-168","1","CR-168","31010101","Presentation of Evidence > General Provisions > Roles of judge and jury","low","2","0"
"CR-169","1","CR-169","31010101","Presentation of Evidence > General Provisions > Roles of judge and jury","low","2","0"
"CR-170","1","CR-170","31010101","Presentation of Evidence > General Provisions > Roles of judge and jury","low","2","0"
"CR-171","1","CR-171","31010101","Presentation of Evidence > General Provisions > Roles of judge and jury","low","2","0"
"CR-172","1","CR-172","31010101","Presentation of Evidence > General Provisions > Roles of judge and jury","low","2","0"
"CR-173","1","CR-173","31010101","Presentation of Evidence > General Provisions > Roles of judge and jury","low","2","0"
"CR-174","1","CR-174","31010101","Presentation of Evidence > General Provisions > Roles of judge and jury","low","2","0"
"CR-175","1","CR-175","31010101","Presentation of Evidence > General Provisions > Roles of judge and jury","low","2","0"
"CR-176","1","CR-176","31010101","Presentation of Evidence > General Provisions > Roles of judge and jury","low","2","0"
"CR-177","1","CR-177","31010101","Presentation of Evidence > General Provisions > Roles of judge and jury","low","2","0"
"CR-178","1","CR-178","31010101","Presentation of Evidence > General Provisions > Roles of judge and jury","low","2","0"
"CR-179","1","CR-179","31010101","Presentation of Evidence > General Provisions > Roles of judge and jury","low","2","0"
"CR-180","1","CR-180","31010101","Presentation of Evidence > General Provisions > Roles of judge and jury","low","2","0"
"CR-181","1","CR-181","31010101","Presentation of Evidence > General Provisions > Roles of judge and jury","low","2","0"
"CR-182","1","CR-182","31010101","Presentation of Evidence > General Provisions > Roles of judge and jury","low","2","0"
"CR-183","1","CR-183","31010101","Presentation of Evidence > General Provisions > Roles of judge and jury","low","2","0"
"CR-184","1","CR-184","31010101","Presentation of Evidence > General Provisions > Roles of judge and jury","low","2","0"
"CR-185","1","CR-185","31010101","Presentation of Evidence > General Provisions > Roles of judge and jury","low","2","0"
"CR-186","1","CR-186","31010101","Presentation of Evidence > General Provisions > Roles of judge and jury","low","2","0"
"CR-187","1","CR-187","31010101","Presentation of Evidence > General Provisions > Roles of judge and jury","low","2","0"
"CR-188","1","CR-188","31010101","Presentation of Evidence > General Provisions > Roles of judge and jury","low","2","0"
"CR-189","1","CR-189","31010101","Presentation of Evidence > General Provisions > Roles of judge and jury","low","2","0"
"CR-190","1","CR-190","31010101","Presentation of Evidence > General Provisions > Roles of judge and jury","low","2","0"
"CR-191","1","CR-191","31010101","Presentation of Evidence > General Provisions > Roles of judge and jury","low","2","0"
"CR-192","1","CR-192","31010101","Presentation of Evidence > General Provisions > Roles of judge and jury","low","2","0"
"CR-193","1","CR-193","31010101","Presentation of Evidence > General Provisions > Roles of judge and jury","low","2","0"
"CR-194","1","CR-194","31010101","Presentation of Evidence > General Provisions > Roles of judge and jury","low","2","0"
"CR-195","1","CR-195","31010101","Presentation of Evidence > General Provisions > Roles of judge and jury","low","2","0"
"CR-196","1","CR-196","31010101","Presentation of Evidence > General Provisions > Roles of judge and jury","low","2","0"
"CR-197","1","CR-197","31010101","Presentation of Evidence > General Provisions > Roles of judge and jury","low","2","0"
"CR-198","1","CR-198","31010101","Presentation of Evidence > General Provisions > Roles of judge and jury","low","2","0"
"CR-199","1","CR-199","31010101","Presentation of Evidence > General Provisions > Roles of judge and jury","low","2","0"
"CR-200","1","CR-200","31010101","Presentation of Evidence > General Provisions > Roles of judge and jury","low","2","0"
"CR-202","1","CR-202","31010101","Presentation of Evidence > General Provisions > Roles of judge and jury","low","2","0"
"CR-203","1","CR-203","31010101","Presentation of Evidence > General Provisions > Roles of judge and jury","low","2","0"
"CR-204","1","CR-204","31010101","Presentation of Evidence > General Provisions > Roles of judge and jury","low","2","0"
"CR-205","1","CR-205","31010101","Presentation of Evidence > General Provisions > Roles of judge and jury","low","2","0"
"CR-206","1","CR-206","31010101","Presentation of Evidence > General Provisions > Roles of judge and jury","low","2","0"
"CR-207","1","CR-207","31010101","Presentation of Evidence > General Provisions > Roles of judge and jury","low","2","0"
"CR-208","1","CR-208","31010101","Presentation of Evidence > General Provisions > Roles of judge and jury","low","2","0"
"CR-209","1","CR-209","31010101","Presentation of Evidence > General Provisions > Roles of judge and jury","low","2","0"
"CR-210","1","CR-210","31010101","Presentation of Evidence > General Provisions > Roles of judge and jury","low","2","0"
"CR-211","1","CR-211","31010101","Presentation of Evidence > General Provisions > Roles of judge and jury","low","2","0"
"CR-212","1","CR-212","31010101","Presentation of Evidence > General Provisions > Roles of judge and jury","low","2","0"
"CR-213","1","CR-213","31010101","Presentation of Evidence > General Provisions > Roles of judge and jury","low","2","0"
"CR-214","1","CR-214","31010101","Presentation of Evidence > General Provisions > Roles of judge and jury","low","2","0"
"CR-215","1","CR-215","31010101","Presentation of Evidence > General Provisions > Roles of judge and jury","low","2","0"
"CR-216","1","CR-216","31010101","Presentation of Evidence > General Provisions > Roles of judge and jury","low","2","0"
"CR-217","1","CR-217","31010101","Presentation of Evidence > General Provisions > Roles of judge and jury","low","2","0"
"CR-218","1","CR-218","31010101","Presentation of Evidence > General Provisions > Roles of judge and jury","low","2","0"
"CR-219","1","CR-219","31010101","Presentation of Evidence > General Provisions > Roles of judge and jury","low","2","0"
"CR-220","1","CR-220","31010101","Presentation of Evidence > General Provisions > Roles of judge and jury","low","2","0"
"CR-221","1","CR-221","31010101","Presentation of Evidence > General Provisions > Roles of judge and jury","low","2","0"
"CR-222","1","CR-222","31010101","Presentation of Evidence > General Provisions > Roles of judge and jury","low","2","0"
"CR-223","1","CR-223","31010101","Presentation of Evidence > General Provisions > Roles of judge and jury","low","2","0"
"CR-224","1","CR-224","31010101","Presentation of Evidence > General Provisions > Roles of judge and jury","low","2","0"
"CR-225","1","CR-225","31010101","Presentation of Evidence > General Provisions > Roles of judge and jury","low","2","0"
"CR-226","1","CR-226","31010101","Presentation of Evidence > General Provisions > Roles of judge and jury","low","2","0"
"CR-227","1","CR-227","31010101","Presentation of Evidence > General Provisions > Roles of judge and jury","low","2","0"
"CR-228","1","CR-228","31010101","Presentation of Evidence > General Provisions > Roles of judge and jury","low","2","0"
"CR-229","1","CR-229","31010101","Presentation of Evidence > General Provisions > Roles of judge and jury","low","2","0"
"CR-230","1","CR-230","31010101","Presentation of Evidence > General Provisions > Roles of judge and jury","low","2","0"
"CR-231","1","CR-231","31010101","Presentation of Evidence > General Provisions > Roles of judge and jury","low","2","0"
"CR-232","1","CR-232","31010101","Presentation of Evidence > General Provisions > Roles of judge and jury","low","2","0"
"CR-233","1","CR-233","31010101","Presentation of Evidence > General Provisions > Roles of judge and jury","low","2","0"
"CR-234","1","CR-234","31010101","Presentation of Evidence > General Provisions > Roles of judge and jury","low","2","0"
"CR-235","1","CR-235","31010101","Presentation of Evidence > General Provisions > Roles of judge and jury","low","2","0"
"CR-236","1","CR-236","31010101","Presentation of Evidence > General Provisions > Roles of judge and jury","low","2","0"
"CR-237","1","CR-237","31010101","Presentation of Evidence > General Provisions > Roles of judge and jury","low","2","0"
"CR-238","1","CR-238","31010101","Presentation of Evidence > General Provisions > Roles of judge and jury","low","2","0"
"CR-239","1","CR-239","31010101","Presentation of Evidence > General Provisions > Roles of judge and jury","low","2","0"
"CR-240","1","CR-240","31010101","Presentation of Evidence > General Provisions > Roles of judge and jury","low","2","0"
"CR-241","1","CR-241","31010101","Presentation of Evidence > General Provisions > Roles of judge and jury","low","2","0"
"CR-242","1","CR-242","31010101","Presentation of Evidence > General Provisions > Roles of judge and jury","low","2","0"
"CR-243","1","CR-243","31010101","Presentation of Evidence > General Provisions > Roles of judge and jury","low","2","0"
"CR-244","1","CR-244","31010101","Presentation of Evidence > General Provisions > Roles of judge and jury","low","2","0"
"CR-245","1","CR-245","31010101","Presentation of Evidence > General Provisions > Roles of judge and jury","low","2","0"
"CR-246","1","CR-246","31010101","Presentation of Evidence > General Provisions > Roles of judge and jury","low","2","0"
"CR-247","1","CR-247","31010101","Presentation of Evidence > General Provisions > Roles of judge and jury","low","2","0"
"CR-248","1","CR-248","31010101","Presentation of Evidence > General Provisions > Roles of judge and jury","low","2","0"
"CR-249","1","CR-249","31010101","Presentation of Evidence > General Provisions > Roles of judge and jury","low","2","0"
"CR-250","1","CR-250","31010101","Presentation of Evidence > General Provisions > Roles of judge and jury","low","2","0"
"CR-251","1","CR-251","31010101","Presentation of Evidence > General Provisions > Roles of judge and jury","low","2","0"
"CR-252","1","CR-252","31010101","Presentation of Evidence > General Provisions > Roles of judge and jury","low","2","0"
"CR-253","1","CR-253","31010101","Presentation of Evidence > General Provisions > Roles of judge and jury","low","2","0"
"CR-254","1","CR-254","31010101","Presentation of Evidence > General Provisions > Roles of judge and jury","low","2","0"
"CR-255","1","CR-255","31010101","Presentation of Evidence > General Provisions > Roles of judge and jury","low","2","0"
"CR-256","1","CR-256","31010101","Presentation of Evidence > General Provisions > Roles of judge and jury","low","2","0"
"CR-257","1","CR-257","31010101","Presentation of Evidence > General Provisions > Roles of judge and jury","low","2","0"
"CR-258","1","CR-258","31010101","Presentation of Evidence > General Provisions > Roles of judge and jury","low","2","0"
"CR-259","1","CR-259","31010101","Presentation of Evidence > General Provisions > Roles of judge and jury","low","2","0"
"CR-260","1","CR-260","31010101","Presentation of Evidence > General Provisions > Roles of judge and jury","low","2","0"
"CR-261","1","CR-261","31010101","Presentation of Evidence > General Provisions > Roles of judge and jury","low","2","0"
"CR-262","1","CR-262","31010101","Presentation of Evidence > General Provisions > Roles of judge and jury","low","2","0"
"CR-263","1","CR-263","31010101","Presentation of Evidence > General Provisions > Roles of judge and jury","low","2","0"
"CR-264","1","CR-264","31010101","Presentation of Evidence > General Provisions > Roles of judge and jury","low","2","0"
"CR-265","1","CR-265","31010101","Presentation of Evidence > General Provisions > Roles of judge and jury","low","2","0"
"CR-266","1","CR-266","31010101","Presentation of Evidence > General Provisions > Roles of judge and jury","low","2","0"
"CR-267","1","CR-267","31010101","Presentation of Evidence > General Provisions > Roles of judge and jury","low","2","0"
"CR-268","1","CR-268","31010101","Presentation of Evidence > General Provisions > Roles of judge and jury","low","2","0"
"CR-269","1","CR-269","31010101","Presentation of Evidence > General Provisions > Roles of judge and jury","low","2","0"
"CR-270","1","CR-270","31010101","Presentation of Evidence > General Provisions > Roles of judge and jury","low","2","0"
"CR-271","1","CR-271","31010101","Presentation of Evidence > General Provisions > Roles of judge and jury","low","2","0"
"CR-272","1","CR-272","31010101","Presentation of Evidence > General Provisions > Roles of judge and jury","low","2","0"
"CR-273","1","CR-273","31010101","Presentation of Evidence > General Provisions > Roles of judge and jury","low","2","0"
"CR-274","1","CR-274","31010101","Presentation of Evidence > General Provisions > Roles of judge and jury","low","2","0"
"CR-275","1","CR-275","31010101","Presentation of Evidence > General Provisions > Roles of judge and jury","low","2","0"
"CR-276","1","CR-276","31010101","Presentation of Evidence > General Provisions > Roles of judge and jury","low","2","0"
"CR-277","1","CR-277","31010101","Presentation of Evidence > General Provisions > Roles of judge and jury","low","2","0"
"CR-278","1","CR-278","31010101","Presentation of Evidence > General Provisions > Roles of judge and jury","low","2","0"
"CR-279","1","CR-279","31010101","Presentation of Evidence > General Provisions > Roles of judge and jury","low","2","0"
"CR-280","1","CR-280","31010101","Presentation of Evidence > General Provisions > Roles of judge and jury","low","2","0"
"CR-281","1","CR-281","31010101","Presentation of Evidence > General Provisions > Roles of judge and jury","low","2","0"
"CR-282","1","CR-282","31010101","Presentation of Evidence > General Provisions > Roles of judge and jury","low","2","0"
"CR-283","1","CR-283","31010101","Presentation of Evidence > General Provisions > Roles of judge and jury","low","2","0"
"CR-284","1","CR-284","31010101","Presentation of Evidence > General Provisions > Roles of judge and jury","low","2","0"
"CR-285","1","CR-285","31010101","Presentation of Evidence > General Provisions > Roles of judge and jury","low","2","0"
"CR-286","1","CR-286","31010101","Presentation of Evidence > General Provisions > Roles of judge and jury","low","2","0"
"CR-287","1","CR-287","31010101","Presentation of Evidence > General Provisions > Roles of judge and jury","low","2","0"
"CR-288","1","CR-288","31010101","Presentation of Evidence > General Provisions > Roles of judge and jury","low","2","0"
"CR-289","1","CR-289","31010101","Presentation of Evidence > General Provisions > Roles of judge and jury","low","2","0"
"CR-290","1","CR-290","31010101","Presentation of Evidence > General Provisions > Roles of judge and jury","low","2","0"
"CR-291","1","CR-291","31010101","Presentation of Evidence > General Provisions > Roles of judge and jury","low","2","0"
"CR-293","1","CR-293","31010101","Presentation of Evidence > General Provisions > Roles of judge and jury","low","2","0"
"CR-294","1","CR-294","31010101","Presentation of Evidence > General Provisions > Roles of judge and jury","low","2","0"
"CR-295","1","CR-295","31010101","Presentation of Evidence > General Provisions > Roles of judge and jury","low","2","0"
"CR-296","1","CR-296","31010101","Presentation of Evidence > General Provisions > Roles of judge and jury","low","2","0"
"CR-297","1","CR-297","31010101","Presentation of Evidence > General Provisions > Roles of judge and jury","low","2","0"
"CR-298","1","CR-298","31010101","Presentation of Evidence > General Provisions > Roles of judge and jury","low","2","0"
"CR-299","1","CR-299","31010101","Presentation of Evidence > General Provisions > Roles of judge and jury","low","2","0"
"CR-300","1","CR-300","31010101","Presentation of Evidence > General Provisions > Roles of judge and jury","low","2","0"
"CR-302","1","CR-302","31010101","Presentation of Evidence > General Provisions > Roles of judge and jury","low","2","0"
"CR-303","1","CR-303","31010101","Presentation of Evidence > General Provisions > Roles of judge and jury","low","2","0"
"CR-304","1","CR-304","31010101","Presentation of Evidence > General Provisions > Roles of judge and jury","low","2","0"
"CR-305","1","CR-305","31010101","Presentation of Evidence > General Provisions > Roles of judge and jury","low","2","0"
"CR-306","1","CR-306","31010101","Presentation of Evidence > General Provisions > Roles of judge and jury","low","2","0"
"CR-307","1","CR-307","31010101","Presentation of Evidence > General Provisions > Roles of judge and jury","low","2","0"
"CR-308","1","CR-308","31010101","Presentation of Evidence > General Provisions > Roles of judge and jury","low","2","0"
"CR-309","1","CR-309","31010101","Presentation of Evidence > General Provisions > Roles of judge and jury","low","2","0"
"CR-310","1","CR-310","31010101","Presentation of Evidence > General Provisions > Roles of judge and jury","low","2","0"
"CR-311","1","CR-311","31010101","Presentation of Evidence > General Provisions > Roles of judge and jury","low","2","0"
"CR-312","1","CR-312","31010101","Presentation of Evidence > General Provisions > Roles of judge and jury","low","2","0"
"CR-313","1","CR-313","31010101","Presentation of Evidence > General Provisions > Roles of judge and jury","low","2","0"
"CR-314","1","CR-314","31010101","Presentation of Evidence > General Provisions > Roles of judge and jury","low","2","0"
"CR-315","1","CR-315","31010101","Presentation of Evidence > General Provisions > Roles of judge and jury","low","2","0"
"CR-316","1","CR-316","31010101","Presentation of Evidence > General Provisions > Roles of judge and jury","low","2","0"
"CR-317","1","CR-317","31010101","Presentation of Evidence > General Provisions > Roles of judge and jury","low","2","0"
"CR-318","1","CR-318","31010101","Presentation of Evidence > General Provisions > Roles of judge and jury","low","2","0"
"CR-319","1","CR-319","31010101","Presentation of Evidence > General Provisions > Roles of judge and jury","low","2","0"
"CR-320","1","CR-320","31010101","Presentation of Evidence > General Provisions > Roles of judge and jury","low","2","0"
"CR-321","1","CR-321","31010101","Presentation of Evidence > General Provisions > Roles of judge and jury","low","2","0"
"CR-322","1","CR-322","31010101","Presentation of Evidence > General Provisions > Roles of judge and jury","low","2","0"
"CR-323","1","CR-323","31010101","Presentation of Evidence > General Provisions > Roles of judge and jury","low","2","0"
"CR-324","1","CR-324","31010101","Presentation of Evidence > General Provisions > Roles of judge and jury","low","2","0"
"CR-325","1","CR-325","31010101","Presentation of Evidence > General Provisions > Roles of judge and jury","low","2","0"
"CR-326","1","CR-326","31010101","Presentation of Evidence > General Provisions > Roles of judge and jury","low","2","0"
"CR-327","1","CR-327","31010101","Presentation of Evidence > General Provisions > Roles of judge and jury","low","2","0"
"CR-328","1","CR-328","31010101","Presentation of Evidence > General Provisions > Roles of judge and jury","low","2","0"
"CR-329","1","CR-329","31010101","Presentation of Evidence > General Provisions > Roles of judge and jury","low","2","0"
"CR-330","1","CR-330","31010101","Presentation of Evidence > General Provisions > Roles of judge and jury","low","2","0"
"CR-331","1","CR-331","31010101","Presentation of Evidence > General Provisions > Roles of judge and jury","low","2","0"
"CR-332","1","CR-332","31010101","Presentation of Evidence > General Provisions > Roles of judge and jury","low","2","0"
"CR-333","1","CR-333","31010101","Presentation of Evidence > General Provisions > Roles of judge and jury","low","2","0"
"CR-334","1","CR-334","31010101","Presentation of Evidence > General Provisions > Roles of judge and jury","low","2","0"
"CR-335","1","CR-335","31010101","Presentation of Evidence > General Provisions > Roles of judge and jury","low","2","0"
"CR-336","1","CR-336","31010101","Presentation of Evidence > General Provisions > Roles of judge and jury","low","2","0"
"CR-337","1","CR-337","31010101","Presentation of Evidence > General Provisions > Roles of judge and jury","low","2","0"
"CR-338","1","CR-338","31010101","Presentation of Evidence > General Provisions > Roles of judge and jury","low","2","0"
"CR-339","1","CR-339","31010101","Presentation of Evidence > General Provisions > Roles of judge and jury","low","2","0"
"CR-340","1","CR-340","31010101","Presentation of Evidence > General Provisions > Roles of judge and jury","low","2","0"
"CR-341","1","CR-341","31010101","Presentation of Evidence > General Provisions > Roles of judge and jury","low","2","0"
"CR-342","1","CR-342","31010101","Presentation of Evidence > General Provisions > Roles of judge and jury","low","2","0"
"CR-343","1","CR-343","31010101","Presentation of Evidence > General Provisions > Roles of judge and jury","low","2","0"
"CR-344","1","CR-344","31010101","Presentation of Evidence > General Provisions > Roles of judge and jury","low","2","0"
"CR-345","1","CR-345","31010101","Presentation of Evidence > General Provisions > Roles of judge and jury","low","2","0"
"CR-346","1","CR-346","31010101","Presentation of Evidence > General Provisions > Roles of judge and jury","low","2","0"
"CR-347","1","CR-347","31010101","Presentation of Evidence > General Provisions > Roles of judge and jury","low","2","0"
"CR-348","1","CR-348","31010101","Presentation of Evidence > General Provisions > Roles of judge and jury","low","2","0"
"CR-349","1","CR-349","31010101","Presentation of Evidence > General Provisions > Roles of judge and jury","low","2","0"
"CR-350","1","CR-350","31010101","Presentation of Evidence > General Provisions > Roles of judge and jury","low","2","0"
"CR-351","1","CR-351","31010101","Presentation of Evidence > General Provisions > Roles of judge and jury","low","2","0"
"CR-352","1","CR-352","31010101","Presentation of Evidence > General Provisions > Roles of judge and jury","low","2","0"
"CR-353","1","CR-353","31010101","Presentation of Evidence > General Provisions > Roles of judge and jury","low","2","0"
"CR-354","1","CR-354","31010101","Presentation of Evidence > General Provisions > Roles of judge and jury","low","2","0"
"CR-355","1","CR-355","31010101","Presentation of Evidence > General Provisions > Roles of judge and jury","low","2","0"
"CR-356","1","CR-356","31010101","Presentation of Evidence > General Provisions > Roles of judge and jury","low","2","0"
"CR-357","1","CR-357","31010101","Presentation of Evidence > General Provisions > Roles of judge and jury","low","2","0"
"CR-358","1","CR-358","31010101","Presentation of Evidence > General Provisions > Roles of judge and jury","low","2","0"
"CR-359","1","CR-359","31010101","Presentation of Evidence > General Provisions > Roles of judge and jury","low","2","0"
"CR-360","1","CR-360","31010101","Presentation of Evidence > General Provisions > Roles of judge and jury","low","2","0"
"CR-361","1","CR-361","31010101","Presentation of Evidence > General Provisions > Roles of judge and jury","low","2","0"
"CR-362","1","CR-362","31010101","Presentation of Evidence > General Provisions > Roles of judge and jury","low","2","0"
"CR-363","1","CR-363","31010101","Presentation of Evidence > General Provisions > Roles of judge and jury","low","2","0"
"CR-364","1","CR-364","31010101","Presentation of Evidence > General Provisions > Roles of judge and jury","low","2","0"
"CR-365","1","CR-365","31010101","Presentation of Evidence > General Provisions > Roles of judge and jury","low","2","0"
"CR-366","1","CR-366","31010101","Presentation of Evidence > General Provisions > Roles of judge and jury","low","2","0"
"CR-367","1","CR-367","31010101","Presentation of Evidence > General Provisions > Roles of judge and jury","low","2","0"
"CR-368","1","CR-368","31010101","Presentation of Evidence > General Provisions > Roles of judge and jury","low","2","0"
"CR-369","1","CR-369","31010101","Presentation of Evidence > General Provisions > Roles of judge and jury","low","2","0"
"CR-370","1","CR-370","31010101","Presentation of Evidence > General Provisions > Roles of judge and jury","low","2","0"
"CR-371","1","CR-371","31010101","Presentation of Evidence > General Provisions > Roles of judge and jury","low","2","0"
"CR-372","1","CR-372","31010101","Presentation of Evidence > General Provisions > Roles of judge and jury","low","2","0"
"CR-373","1","CR-373","31010101","Presentation of Evidence > General Provisions > Roles of judge and jury","low","2","0"
"CR-374","1","CR-374","31010101","Presentation of Evidence > General Provisions > Roles of judge and jury","low","2","0"
"CR-375","1","CR-375","31010101","Presentation of Evidence > General Provisions > Roles of judge and jury","low","2","0"
"CR-376","1","CR-376","31010101","Presentation of Evidence > General Provisions > Roles of judge and jury","low","2","0"
"CR-377","1","CR-377","31010101","Presentation of Evidence > General Provisions > Roles of judge and jury","low","2","0"
"CR-378","1","CR-378","31010101","Presentation of Evidence > General Provisions > Roles of judge and jury","low","2","0"
"CR-379","1","CR-379","31010101","Presentation of Evidence > General Provisions > Roles of judge and jury","low","2","0"
"CR-380","1","CR-380","31010101","Presentation of Evidence > General Provisions > Roles of judge and jury","low","2","0"
"CR-381","1","CR-381","31010101","Presentation of Evidence > General Provisions > Roles of judge and jury","low","2","0"
"CR-383","1","CR-383","31010101","Presentation of Evidence > General Provisions > Roles of judge and jury","low","2","0"
"CR-384","1","CR-384","31010101","Presentation of Evidence > General Provisions > Roles of judge and jury","low","2","0"
"CR-385","1","CR-385","31010101","Presentation of Evidence > General Provisions > Roles of judge and jury","low","2","0"
"CR-386","1","CR-386","31010101","Presentation of Evidence > General Provisions > Roles of judge and jury","low","2","0"
"CR-387","1","CR-387","31010101","Presentation of Evidence > General Provisions > Roles of judge and jury","low","2","0"
"CR-388","1","CR-388","31010101","Presentation of Evidence > General Provisions > Roles of judge and jury","low","2","0"
"CR-389","1","CR-389","31010101","Presentation of Evidence > General Provisions > Roles of judge and jury","low","2","0"
"CR-390","1","CR-390","31010101","Presentation of Evidence > General Provisions > Roles of judge and jury","low","2","0"
"CR-391","1","CR-391","31010101","Presentation of Evidence > General Provisions > Roles of judge and jury","low","2","0"
"CR-392","1","CR-392","31010101","Presentation of Evidence > General Provisions > Roles of judge and jury","low","2","0"
"CR-393","1","CR-393","31010101","Presentation of Evidence > General Provisions > Roles of judge and jury","low","2","0"
"CR-394","1","CR-394","31010101","Presentation of Evidence > General Provisions > Roles of judge and jury","low","2","0"
"CR-395","1","CR-395","31010101","Presentation of Evidence > General Provisions > Roles of judge and jury","low","2","0"
"CR-396","1","CR-396","31010101","Presentation of Evidence > General Provisions > Roles of judge and jury","low","2","0"
"CR-397","1","CR-397","31010101","Presentation of Evidence > General Provisions > Roles of judge and jury","low","2","0"
"CR-398","1","CR-398","31010101","Presentation of Evidence > General Provisions > Roles of judge and jury","low","2","0"
"CR-399","1","CR-399","31010101","Presentation of Evidence > General Provisions > Roles of judge and jury","low","2","0"
"CR-400","1","CR-400","31010101","Presentation of Evidence > General Provisions > Roles of judge and jury","low","2","0"
"CR-401","1","CR-401","31010101","Presentation of Evidence > General Provisions > Roles of judge and jury","low","2","0"
"CR-402","1","CR-402","31010101","Presentation of Evidence > General Provisions > Roles of judge and jury","low","2","0"
"CR-403","1","CR-403","31010101","Presentation of Evidence > General Provisions > Roles of judge and jury","low","2","0"
"CR-404","1","CR-404","31010101","Presentation of Evidence > General Provisions > Roles of judge and jury","low","2","0"
"CR-405","1","CR-405","31010101","Presentation of Evidence > General Provisions > Roles of judge and jury","low","2","0"
"CR-406","1","CR-406","31010101","Presentation of Evidence > General Provisions > Roles of judge and jury","low","2","0"
"CR-407","1","CR-407","31010101","Presentation of Evidence > General Provisions > Roles of judge and jury","low","2","0"
"CR-408","1","CR-408","31010101","Presentation of Evidence > General Provisions > Roles of judge and jury","low","2","0"
"CR-409","1","CR-409","31010101","Presentation of Evidence > General Provisions > Roles of judge and jury","low","2","0"
"CR-410","1","CR-410","31010101","Presentation of Evidence > General Provisions > Roles of judge and jury","low","2","0"
"CR-411","1","CR-411","31010101","Presentation of Evidence > General Provisions > Roles of judge and jury","low","2","0"
"CR-412","1","CR-412","31010101","Presentation of Evidence > General Provisions > Roles of judge and jury","low","2","0"
"CR-413","1","CR-413","31010101","Presentation of Evidence > General Provisions > Roles of judge and jury","low","2","0"
"CR-414","1","CR-414","31010101","Presentation of Evidence > General Provisions > Roles of judge and jury","low","2","0"
"CR-415","1","CR-415","31010101","Presentation of Evidence > General Provisions > Roles of judge and jury","low","2","0"
"CR-416","1","CR-416","31010101","Presentation of Evidence > General Provisions > Roles of judge and jury","low","2","0"
"CR-417","1","CR-417","31010101","Presentation of Evidence > General Provisions > Roles of judge and jury","low","2","0"
"CR-418","1","CR-418","31010101","Presentation of Evidence > General Provisions > Roles of judge and jury","low","2","0"
"CR-419","1","CR-419","31010101","Presentation of Evidence > General Provisions > Roles of judge and jury","low","2","0"
"CR-421","1","CR-421","31010101","Presentation of Evidence > General Provisions > Roles of judge and jury","low","2","0"
"CR-423","1","CR-423","31010101","Presentation of Evidence > General Provisions > Roles of judge and jury","low","2","0"
"CR-424","1","CR-424","31010101","Presentation of Evidence > General Provisions > Roles of judge and jury","low","2","0"
"CR-425","1","CR-425","31010101","Presentation of Evidence > General Provisions > Roles of judge and jury","low","2","0"
"CR-426","1","CR-426","31010101","Presentation of Evidence > General Provisions > Roles of judge and jury","low","2","0"
"CR-427","1","CR-427","31010101","Presentation of Evidence > General Provisions > Roles of judge and jury","low","2","0"
"CR-428","1","CR-428","31010101","Presentation of Evidence > General Provisions > Roles of judge and jury","low","2","0"
"CR-429","1","CR-429","31010101","Presentation of Evidence > General Provisions > Roles of judge and jury","low","2","0"
"CR-430","1","CR-430","31010101","Presentation of Evidence > General Provisions > Roles of judge and jury","low","2","0"
"CR-431","1","CR-431","31010101","Presentation of Evidence > General Provisions > Roles of judge and jury","low","2","0"
"CR-432","1","CR-432","31010101","Presentation of Evidence > General Provisions > Roles of judge and jury","low","2","0"
"CR-433","1","CR-433","31010101","Presentation of Evidence > General Provisions > Roles of judge and jury","low","2","0"
"CR-434","1","CR-434","31010101","Presentation of Evidence > General Provisions > Roles of judge and jury","low","2","0"
"CR-435","1","CR-435","31010101","Presentation of Evidence > General Provisions > Roles of judge and jury","low","2","0"
"CR-436","1","CR-436","31010101","Presentation of Evidence > General Provisions > Roles of judge and jury","low","2","0"
"CR-437","1","CR-437","31010101","Presentation of Evidence > General Provisions > Roles of judge and jury","low","2","0"
"CR-438","1","CR-438","31010101","Presentation of Evidence > General Provisions > Roles of judge and jury","low","2","0"
"CR-439","1","CR-439","31010101","Presentation of Evidence > General Provisions > Roles of judge and jury","low","2","0"
"CR-440","1","CR-440","31010101","Presentation of Evidence > General Provisions > Roles of judge and jury","low","2","0"
"CR-441","1","CR-441","31010101","Presentation of Evidence > General Provisions > Roles of judge and jury","low","2","0"
"CR-442","1","CR-442","31010101","Presentation of Evidence > General Provisions > Roles of judge and jury","low","2","0"
"CR-443","1","CR-443","31010101","Presentation of Evidence > General Provisions > Roles of judge and jury","low","2","0"
"CR-444","1","CR-444","31010101","Presentation of Evidence > General Provisions > Roles of judge and jury","low","2","0"
"CR-445","1","CR-445","31010101","Presentation of Evidence > General Provisions > Roles of judge and jury","low","2","0"
"CR-446","1","CR-446","31010101","Presentation of Evidence > General Provisions > Roles of judge and jury","low","2","0"
"CR-447","1","CR-447","31010101","Presentation of Evidence > General Provisions > Roles of judge and jury","low","2","0"
"CR-448","1","CR-448","31010101","Presentation of Evidence > General Provisions > Roles of judge and jury","low","2","0"
"CR-449","1","CR-449","31010101","Presentation of Evidence > General Provisions > Roles of judge and jury","low","2","0"
"CR-450","1","CR-450","31010101","Presentation of Evidence > General Provisions > Roles of judge and jury","low","2","0"
"CR-451","1","CR-451","31010101","Presentation of Evidence > General Provisions > Roles of judge and jury","low","2","0"
"CR-452","1","CR-452","31010101","Presentation of Evidence > General Provisions > Roles of judge and jury","low","2","0"
"CR-453","1","CR-453","31010101","Presentation of Evidence > General Provisions > Roles of judge and jury","low","2","0"
"CR-454","1","CR-454","31010101","Presentation of Evidence > General Provisions > Roles of judge and jury","low","2","0"
"CR-455","1","CR-455","31010101","Presentation of Evidence > General Provisions > Roles of judge and jury","low","2","0"
"CR-456","1","CR-456","31010101","Presentation of Evidence > General Provisions > Roles of judge and jury","low","2","0"
"CR-457","1","CR-457","31010101","Presentation of Evidence > General Provisions > Roles of judge and jury","low","2","0"
"CR-458","1","CR-458","31010101","Presentation of Evidence > General Provisions > Roles of judge and jury","low","2","0"
"CR-459","1","CR-459","31010101","Presentation of Evidence > General Provisions > Roles of judge and jury","low","2","0"
"CR-460","1","CR-460","31010101","Presentation of Evidence > General Provisions > Roles of judge and jury","low","2","0"
"CR-461","1","CR-461","31010101","Presentation of Evidence > General Provisions > Roles of judge and jury","low","2","0"
"CR-462","1","CR-462","31010101","Presentation of Evidence > General Provisions > Roles of judge and jury","low","2","0"
"CR-464","1","CR-464","31010101","Presentation of Evidence > General Provisions > Roles of judge and jury","low","2","0"
"CR-465","1","CR-465","31010101","Presentation of Evidence > General Provisions > Roles of judge and jury","low","2","0"
"CR-466","1","CR-466","31010101","Presentation of Evidence > General Provisions > Roles of judge and jury","low","2","0"
"CR-467","1","CR-467","31010101","Presentation of Evidence > General Provisions > Roles of judge and jury","low","2","0"
"CR-468","1","CR-468","31010101","Presentation of Evidence > General Provisions > Roles of judge and jury","low","2","0"
"CR-469","1","CR-469","31010101","Presentation of Evidence > General Provisions > Roles of judge and jury","low","2","0"
"CR-470","1","CR-470","31010101","Presentation of Evidence > General Provisions > Roles of judge and jury","low","2","0"
"CR-471","1","CR-471","31010101","Presentation of Evidence > General Provisions > Roles of judge and jury","low","2","0"
"CR-472","1","CR-472","31010101","Presentation of Evidence > General Provisions > Roles of judge and jury","low","2","0"
"CR-473","1","CR-473","31010101","Presentation of Evidence > General Provisions > Roles of judge and jury","low","2","0"
"CR-474","1","CR-474","31010101","Presentation of Evidence > General Provisions > Roles of judge and jury","low","2","0"
"CR-475","1","CR-475","31010101","Presentation of Evidence > General Provisions > Roles of judge and jury","low","2","0"
"CR-476","1","CR-476","31010101","Presentation of Evidence > General Provisions > Roles of judge and jury","low","2","0"
"CR-477","1","CR-477","31010101","Presentation of Evidence > General Provisions > Roles of judge and jury","low","2","0"
"CR-478","1","CR-478","31010101","Presentation of Evidence > General Provisions > Roles of judge and jury","low","2","0"
"CR-479","1","CR-479","31010101","Presentation of Evidence > General Provisions > Roles of judge and jury","low","2","0"
"CR-480","1","CR-480","31010101","Presentation of Evidence > General Provisions > Roles of judge and jury","low","2","0"
"CR-481","1","CR-481","31010101","Presentation of Evidence > General Provisions > Roles of judge and jury","low","2","0"
"CR-482","1","CR-482","31010101","Presentation of Evidence > General Provisions > Roles of judge and jury","low","2","0"
"CR-483","1","CR-483","31010101","Presentation of Evidence > General Provisions > Roles of judge and jury","low","2","0"
"CR-484","1","CR-484","31010101","Presentation of Evidence > General Provisions > Roles of judge and jury","low","2","0"
"CR-485","1","CR-485","31010101","Presentation of Evidence > General Provisions > Roles of judge and jury","low","2","0"
"CR-486","1","CR-486","31010101","Presentation of Evidence > General Provisions > Roles of judge and jury","low","2","0"
"CR-487","1","CR-487","31010101","Presentation of Evidence > General Provisions > Roles of judge and jury","low","2","0"
"CR-488","1","CR-488","31010101","Presentation of Evidence > General Provisions > Roles of judge and jury","low","2","0"
"CR-489","1","CR-489","31010101","Presentation of Evidence > General Provisions > Roles of judge and jury","low","2","0"
"CR-490","1","CR-490","31010101","Presentation of Evidence > General Provisions > Roles of judge and jury","low","2","0"
"CR-491","1","CR-491","31010101","Presentation of Evidence > General Provisions > Roles of judge and jury","low","2","0"
"CR-492","1","CR-492","31010101","Presentation of Evidence > General Provisions > Roles of judge and jury","low","2","0"
"CR-493","1","CR-493","31010101","Presentation of Evidence > General Provisions > Roles of judge and jury","low","2","0"
"CR-494","1","CR-494","31010101","Presentation of Evidence > General Provisions > Roles of judge and jury","low","2","0"
"CR-495","1","CR-495","31010101","Presentation of Evidence > General Provisions > Roles of judge and jury","low","2","0"
"CR-496","1","CR-496","31010101","Presentation of Evidence > General Provisions > Roles of judge and jury","low","2","0"
"CR-497","1","CR-497","31010101","Presentation of Evidence > General Provisions > Roles of judge and jury","low","2","0"
"CR-498","1","CR-498","31010101","Presentation of Evidence > General Provisions > Roles of judge and jury","low","2","0"
"CR-499","1","CR-499","31010101","Presentation of Evidence > General Provisions > Roles of judge and jury","low","2","0"
"CR-500","1","CR-500","31010101","Presentation of Evidence > General Provisions > Roles of judge and jury","low","2","0"
"CR-501","1","CR-501","31010101","Presentation of Evidence > General Provisions > Roles of judge and jury","low","2","0"
"CR-502","1","CR-502","31010101","Presentation of Evidence > General Provisions > Roles of judge and jury","low","2","0"
"CR-503","1","CR-503","31010101","Presentation of Evidence > General Provisions > Roles of judge and jury","low","2","0"
"CR-504","1","CR-504","31010101","Presentation of Evidence > General Provisions > Roles of judge and jury","low","2","0"
"CR-505","1","CR-505","31010101","Presentation of Evidence > General Provisions > Roles of judge and jury","low","2","0"
"CR-506","1","CR-506","31010101","Presentation of Evidence > General Provisions > Roles of judge and jury","low","2","0"
"CR-507","1","CR-507","31010101","Presentation of Evidence > General Provisions > Roles of judge and jury","low","2","0"
"CR-508","1","CR-508","31010101","Presentation of Evidence > General Provisions > Roles of judge and jury","low","2","0"
"CR-509","1","CR-509","31010101","Presentation of Evidence > General Provisions > Roles of judge and jury","low","2","0"
"CR-510","1","CR-510","31010101","Presentation of Evidence > General Provisions > Roles of judge and jury","low","2","0"
"CR-511","1","CR-511","31010101","Presentation of Evidence > General Provisions > Roles of judge and jury","low","2","0"
"CR-512","1","CR-512","31010101","Presentation of Evidence > General Provisions > Roles of judge and jury","low","2","0"
"CR-513","1","CR-513","31010101","Presentation of Evidence > General Provisions > Roles of judge and jury","low","2","0"
"CR-514","1","CR-514","31010101","Presentation of Evidence > General Provisions > Roles of judge and jury","low","2","0"
"CR-515","1","CR-515","31010101","Presentation of Evidence > General Provisions > Roles of judge and jury","low","2","0"
"CR-516","1","CR-516","31010101","Presentation of Evidence > General Provisions > Roles of judge and jury","low","2","0"
"CR-517","1","CR-517","31010101","Presentation of Evidence > General Provisions > Roles of judge and jury","low","2","0"
"CR-518","1","CR-518","31010101","Presentation of Evidence > General Provisions > Roles of judge and jury","low","2","0"
"CR-519","1","CR-519","31010101","Presentation of Evidence > General Provisions > Roles of judge and jury","low","2","0"
"CR-520","1","CR-520","31010101","Presentation of Evidence > General Provisions > Roles of judge and jury","low","2","0"
"CR-521","1","CR-521","31010101","Presentation of Evidence > General Provisions > Roles of judge and jury","low","2","0"
"CR-522","1","CR-522","31010101","Presentation of Evidence > General Provisions > Roles of judge and jury","low","2","0"
"CR-523","1","CR-523","31010101","Presentation of Evidence > General Provisions > Roles of judge and jury","low","2","0"
"CR-524","1","CR-524","31010101","Presentation of Evidence > General Provisions > Roles of judge and jury","low","2","0"
"CR-525","1","CR-525","31010101","Presentation of Evidence > General Provisions > Roles of judge and jury","low","2","0"
"CR-526","1","CR-526","31010101","Presentation of Evidence > General Provisions > Roles of judge and jury","low","2","0"
"CR-527","1","CR-527","31010101","Presentation of Evidence > General Provisions > Roles of judge and jury","low","2","0"
"CR-528","1","CR-528","31010101","Presentation of Evidence > General Provisions > Roles of judge and jury","low","2","0"
"CR-529","1","CR-529","31010101","Presentation of Evidence > General Provisions > Roles of judge and jury","low","2","0"
"CR-530","1","CR-530","31010101","Presentation of Evidence > General Provisions > Roles of judge and jury","low","2","0"
"CR-531","1","CR-531","31010101","Presentation of Evidence > General Provisions > Roles of judge and jury","low","2","0"
"CR-532","1","CR-532","31010101","Presentation of Evidence > General Provisions > Roles of judge and jury","low","2","0"
"CR-533","1","CR-533","31010101","Presentation of Evidence > General Provisions > Roles of judge and jury","low","2","0"
"CR-534","1","CR-534","31010101","Presentation of Evidence > General Provisions > Roles of judge and jury","low","2","0"
"CR-535","1","CR-535","31010101","Presentation of Evidence > General Provisions > Roles of judge and jury","low","2","0"
"CR-536","1","CR-536","31010101","Presentation of Evidence > General Provisions > Roles of judge and jury","low","2","0"
"CR-537","1","CR-537","31010101","Presentation of Evidence > General Provisions > Roles of judge and jury","low","2","0"
"CR-538","1","CR-538","31010101","Presentation of Evidence > General Provisions > Roles of judge and jury","low","2","0"
"CR-539","1","CR-539","31010101","Presentation of Evidence > General Provisions > Roles of judge and jury","low","2","0"
"CR-540","1","CR-540","31010101","Presentation of Evidence > General Provisions > Roles of judge and jury","low","2","0"
"CR-541","1","CR-541","31010101","Presentation of Evidence > General Provisions > Roles of judge and jury","low","2","0"
"CR-542","1","CR-542","31010101","Presentation of Evidence > General Provisions > Roles of judge and jury","low","2","0"
"CR-543","1","CR-543","31010101","Presentation of Evidence > General Provisions > Roles of judge and jury","low","2","0"
"CR-544","1","CR-544","31010101","Presentation of Evidence > General Provisions > Roles of judge and jury","low","2","0"
"CR-545","1","CR-545","31010101","Presentation of Evidence > General Provisions > Roles of judge and jury","low","2","0"
"CR-546","1","CR-546","31010101","Presentation of Evidence > General Provisions > Roles of judge and jury","low","2","0"
"CR-547","1","CR-547","31010101","Presentation of Evidence > General Provisions > Roles of judge and jury","low","2","0"
"CR-548","1","CR-548","31010101","Presentation of Evidence > General Provisions > Roles of judge and jury","low","2","0"
"CR-549","1","CR-549","31010101","Presentation of Evidence > General Provisions > Roles of judge and jury","low","2","0"
"CR-550","1","CR-550","31010101","Presentation of Evidence > General Provisions > Roles of judge and jury","low","2","0"
"CR-551","1","CR-551","31010101","Presentation of Evidence > General Provisions > Roles of judge and jury","low","2","0"
"CR-552","1","CR-552","31010101","Presentation of Evidence > General Provisions > Roles of judge and jury","low","2","0"
"CR-553","1","CR-553","31010101","Presentation of Evidence > General Provisions > Roles of judge and jury","low","2","0"
"CR-554","1","CR-554","31010101","Presentation of Evidence > General Provisions > Roles of judge and jury","low","2","0"
"CR-555","1","CR-555","31010101","Presentation of Evidence > General Provisions > Roles of judge and jury","low","2","0"
"CR-556","1","CR-556","31010101","Presentation of Evidence > General Provisions > Roles of judge and jury","low","2","0"
"CR-557","1","CR-557","31010101","Presentation of Evidence > General Provisions > Roles of judge and jury","low","2","0"
"CR-558","1","CR-558","31010101","Presentation of Evidence > General Provisions > Roles of judge and jury","low","2","0"
"CR-559","1","CR-559","31010101","Presentation of Evidence > General Provisions > Roles of judge and jury","low","2","0"
"CR-560","1","CR-560","31010101","Presentation of Evidence > General Provisions > Roles of judge and jury","low","2","0"
"CR-561","1","CR-561","31010101","Presentation of Evidence > General Provisions > Roles of judge and jury","low","2","0"
"CR-562","1","CR-562","31010101","Presentation of Evidence > General Provisions > Roles of judge and jury","low","2","0"
"CR-563","1","CR-563","31010101","Presentation of Evidence > General Provisions > Roles of judge and jury","low","2","0"
"CR-564","1","CR-564","31010101","Presentation of Evidence > General Provisions > Roles of judge and jury","low","2","0"
"CR-565","1","CR-565","31010101","Presentation of Evidence > General Provisions > Roles of judge and jury","low","2","0"
"ghl","1","ghl","31010101","Presentation of Evidence > General Provisions > Roles of judge and jury","low","2","0"
"Q-14359","1","Q-14359","31010101","Presentation of Evidence > General Provisions > Roles of judge and jury","low","2","0"
"Q-14362","1","Q-14362","31010101","Presentation of Evidence > General Provisions > Roles of judge and jury","low","2","0"
"Q-14368","1","Q-14368","31010101","Presentation of Evidence > General Provisions > Roles of judge and jury","low","2","0"
"Q-14369","1","Q-14369","31010101","Presentation of Evidence > General Provisions > Roles of judge and jury","low","2","0"
"Q-14816","1","Q-14816","31010101","Presentation of Evidence > General Provisions > Roles of judge and jury","low","2","0"
"Q-14817","1","Q-14817","31010101","Presentation of Evidence > General Provisions > Roles of judge and jury","low","2","0"
"Q-14818","1","Q-14818","31010101","Presentation of Evidence > General Provisions > Roles of judge and jury","low","2","0"
"Q-15086","1","Q-15086","31010101","Presentation of Evidence > General Provisions > Roles of judge and jury","low","2","0"
"Q-15088","1","Q-15088","31010101","Presentation of Evidence > General Provisions > Roles of judge and jury","low","2","0"
"Q-15090","1","Q-15090","31010101","Presentation of Evidence > General Provisions > Roles of judge and jury","low","2","0"
"Q-15097","1","Q-15097","31010101","Presentation of Evidence > General Provisions > Roles of judge and jury","low","2","0"
"Q-15099","1","Q-15099","31010101","Presentation of Evidence > General Provisions > Roles of judge and jury","low","2","0"
"Q-15102","1","Q-15102","31010101","Presentation of Evidence > General Provisions > Roles of judge and jury","low","2","0"
"Q-15114","1","Q-15114","31010101","Presentation of Evidence > General Provisions > Roles of judge and jury","low","2","0"
"Q-15121","1","Q-15121","31010101","Presentation of Evidence > General Provisions > Roles of judge and jury","low","2","0"
"Q-15122","1","Q-15122","31010101","Presentation of Evidence > General Provisions > Roles of judge and jury","low","2","0"
"Q-15123","1","Q-15123","31010101","Presentation of Evidence > General Provisions > Roles of judge and jury","low","2","0"
"Q-15125","1","Q-15125","31010101","Presentation of Evidence > General Provisions > Roles of judge and jury","low","2","0"
"Q-15131","1","Q-15131","31010101","Presentation of Evidence > General Provisions > Roles of judge and jury","low","2","0"
"Q-15134","1","Q-15134","31010101","Presentation of Evidence > General Provisions > Roles of judge and jury","low","2","0"
"Q-15142","1","Q-15142","31010101","Presentation of Evidence > General Provisions > Roles of judge and jury","low","2","0"
"Q-15146","1","Q-15146","31010101","Presentation of Evidence > General Provisions > Roles of judge and jury","low","2","0"
"Q-15157","1","Q-15157","31010101","Presentation of Evidence > General Provisions > Roles of judge and jury","low","2","0"
"Q-15160","1","Q-15160","31010101","Presentation of Evidence > General Provisions > Roles of judge and jury","low","2","0"
"Q-15164","1","Q-15164","31010101","Presentation of Evidence > General Provisions > Roles of judge and jury","low","2","0"
"Q-15167","1","Q-15167","31010101","Presentation of Evidence > General Provisions > Roles of judge and jury","low","2","0"
"Q-15169","1","Q-15169","31010101","Presentation of Evidence > General Provisions > Roles of judge and jury","low","2","0"
"Q-15172","1","Q-15172","31010101","Presentation of Evidence > General Provisions > Roles of judge and jury","low","2","0"
"Q-15173","1","Q-15173","31010101","Presentation of Evidence > General Provisions > Roles of judge and jury","low","2","0"
"Q-15174","1","Q-15174","31010101","Presentation of Evidence > General Provisions > Roles of judge and jury","low","2","0"
"Q-15175","1","Q-15175","31010101","Presentation of Evidence > General Provisions > Roles of judge and jury","low","2","0"
"Q-15179","1","Q-15179","31010101","Presentation of Evidence > General Provisions > Roles of judge and jury","low","2","0"
"Q-15186","1","Q-15186","31010101","Presentation of Evidence > General Provisions > Roles of judge and jury","low","2","0"
"Q-15189","1","Q-15189","31010101","Presentation of Evidence > General Provisions > Roles of judge and jury","low","2","0"
"Q-15193","1","Q-15193","31010101","Presentation of Evidence > General Provisions > Roles of judge and jury","low","2","0"
"Q-15195","1","Q-15195","31010101","Presentation of Evidence > General Provisions > Roles of judge and jury","low","2","0"
"Q-15198","1","Q-15198","31010101","Presentation of Evidence > General Provisions > Roles of judge and jury","low","2","0"
"Q-15199","1","Q-15199","31010101","Presentation of Evidence > General Provisions > Roles of judge and jury","low","2","0"
"Q-15202","1","Q-15202","31010101","Presentation of Evidence > General Provisions > Roles of judge and jury","low","2","0"
"Q-15207","1","Q-15207","31010101","Presentation of Evidence > General Provisions > Roles of judge and jury","low","2","0"
"Q-15211","1","Q-15211","31010101","Presentation of Evidence > General Provisions > Roles of judge and jury","low","2","0"
"Q-15213","1","Q-15213","31010101","Presentation of Evidence > General Provisions > Roles of judge and jury","low","2","0"
"Q-15216","1","Q-15216","31010101","Presentation of Evidence > General Provisions > Roles of judge and jury","low","2","0"
"Q-15218","1","Q-15218","31010101","Presentation of Evidence > General Provisions > Roles of judge and jury","low","2","0"
"Q-15223","1","Q-15223","31010101","Presentation of Evidence > General Provisions > Roles of judge and jury","low","2","0"
"Q-15235","1","Q-15235","31010101","Presentation of Evidence > General Provisions > Roles of judge and jury","low","2","0"
"Q-15236","1","Q-15236","31010101","Presentation of Evidence > General Provisions > Roles of judge and jury","low","2","0"
"Q-15240","1","Q-15240","31010101","Presentation of Evidence > General Provisions > Roles of judge and jury","low","2","0"
"Q-15252","1","Q-15252","31010101","Presentation of Evidence > General Provisions > Roles of judge and jury","low","2","0"
"Q-15257","1","Q-15257","31010101","Presentation of Evidence > General Provisions > Roles of judge and jury","low","2","0"
"Q-15263","1","Q-15263","31010101","Presentation of Evidence > General Provisions > Roles of judge and jury","low","2","0"
"Q-Q-14715","1","Q-Q-14715","31010101","Presentation of Evidence > General Provisions > Roles of judge and jury","low","2","0"
"Q-Q-14719","1","Q-Q-14719","31010101","Presentation of Evidence > General Provisions > Roles of judge and jury","low","2","0"
"Q-Q-15087","1","Q-Q-15087","31010101","Presentation of Evidence > General Provisions > Roles of judge and jury","low","2","0"
"Q-Q-15091","1","Q-Q-15091","31010101","Presentation of Evidence > General Provisions > Roles of judge and jury","low","2","0"
"Q-Q-15092","1","Q-Q-15092","31010101","Presentation of Evidence > General Provisions > Roles of judge and jury","low","2","0"
"Q-Q-15093","1","Q-Q-15093","31010101","Presentation of Evidence > General Provisions > Roles of judge and jury","low","2","0"
"Q-Q-15094","1","Q-Q-15094","31010101","Presentation of Evidence > General Provisions > Roles of judge and jury","low","2","0"
"Q-Q-15095","1","Q-Q-15095","31010101","Presentation of Evidence > General Provisions > Roles of judge and jury","low","2","0"
"Q-Q-15096","1","Q-Q-15096","31010101","Presentation of Evidence > General Provisions > Roles of judge and jury","low","2","0"
"Q-Q-15098","1","Q-Q-15098","31010101","Presentation of Evidence > General Provisions > Roles of judge and jury","low","2","0"
"Q-Q-15101","1","Q-Q-15101","31010101","Presentation of Evidence > General Provisions > Roles of judge and jury","low","2","0"
"Q-Q-15103","1","Q-Q-15103","31010101","Presentation of Evidence > General Provisions > Roles of judge and jury","low","2","0"
"Q-Q-15104","1","Q-Q-15104","31010101","Presentation of Evidence > General Provisions > Roles of judge and jury","low","2","0"
"Q-Q-15105","1","Q-Q-15105","31010101","Presentation of Evidence > General Provisions > Roles of judge and jury","low","2","0"
"Q-Q-15106","1","Q-Q-15106","31010101","Presentation of Evidence > General Provisions > Roles of judge and jury","low","2","0"
"Q-Q-15107","1","Q-Q-15107","31010101","Presentation of Evidence > General Provisions > Roles of judge and jury","low","2","0"
"Q-Q-15108","1","Q-Q-15108","31010101","Presentation of Evidence > General Provisions > Roles of judge and jury","low","2","0"
"Q-Q-15110","1","Q-Q-15110","31010101","Presentation of Evidence > General Provisions > Roles of judge and jury","low","2","0"
"Q-Q-15111","1","Q-Q-15111","31010101","Presentation of Evidence > General Provisions > Roles of judge and jury","low","2","0"
"Q-Q-15112","1","Q-Q-15112","31010101","Presentation of Evidence > General Provisions > Roles of judge and jury","low","2","0"
"Q-Q-15113","1","Q-Q-15113","31010101","Presentation of Evidence > General Provisions > Roles of judge and jury","low","2","0"
"Q-Q-15115","1","Q-Q-15115","31010101","Presentation of Evidence > General Provisions > Roles of judge and jury","low","2","0"
"Q-Q-15116","1","Q-Q-15116","31010101","Presentation of Evidence > General Provisions > Roles of judge and jury","low","2","0"
"Q-Q-15117","1","Q-Q-15117","31010101","Presentation of Evidence > General Provisions > Roles of judge and jury","low","2","0"
"Q-Q-15118","1","Q-Q-15118","31010101","Presentation of Evidence > General Provisions > Roles of judge and jury","low","2","0"
"Q-Q-15119","1","Q-Q-15119","31010101","Presentation of Evidence > General Provisions > Roles of judge and jury","low","2","0"
"Q-Q-15120","1","Q-Q-15120","31010101","Presentation of Evidence > General Provisions > Roles of judge and jury","low","2","0"
"Q-Q-15124","1","Q-Q-15124","31010101","Presentation of Evidence > General Provisions > Roles of judge and jury","low","2","0"
"Q-Q-15126","1","Q-Q-15126","31010101","Presentation of Evidence > General Provisions > Roles of judge and jury","low","2","0"
"Q-Q-15127","1","Q-Q-15127","31010101","Presentation of Evidence > General Provisions > Roles of judge and jury","low","2","0"
"Q-Q-15128","1","Q-Q-15128","31010101","Presentation of Evidence > General Provisions > Roles of judge and jury","low","2","0"
"Q-Q-15129","1","Q-Q-15129","31010101","Presentation of Evidence > General Provisions > Roles of judge and jury","low","2","0"
"Q-Q-15133","1","Q-Q-15133","31010101","Presentation of Evidence > General Provisions > Roles of judge and jury","low","2","0"
"Q-Q-15135","1","Q-Q-15135","31010101","Presentation of Evidence > General Provisions > Roles of judge and jury","low","2","0"
"Q-Q-15136","1","Q-Q-15136","31010101","Presentation of Evidence > General Provisions > Roles of judge and jury","low","2","0"
"Q-Q-15137","1","Q-Q-15137","31010101","Presentation of Evidence > General Provisions > Roles of judge and jury","low","2","0"
"Q-Q-15138","1","Q-Q-15138","31010101","Presentation of Evidence > General Provisions > Roles of judge and jury","low","2","0"
"Q-Q-15145","1","Q-Q-15145","31010101","Presentation of Evidence > General Provisions > Roles of judge and jury","low","2","0"
"Q-Q-15147","1","Q-Q-15147","31010101","Presentation of Evidence > General Provisions > Roles of judge and jury","low","2","0"
"Q-Q-15148","1","Q-Q-15148","31010101","Presentation of Evidence > General Provisions > Roles of judge and jury","low","2","0"
"Q-Q-15149","1","Q-Q-15149","31010101","Presentation of Evidence > General Provisions > Roles of judge and jury","low","2","0"
"Q-Q-15150","1","Q-Q-15150","31010101","Presentation of Evidence > General Provisions > Roles of judge and jury","low","2","0"
"Q-Q-15151","1","Q-Q-15151","31010101","Presentation of Evidence > General Provisions > Roles of judge and jury","low","2","0"
"Q-Q-15153","1","Q-Q-15153","31010101","Presentation of Evidence > General Provisions > Roles of judge and jury","low","2","0"
"Q-Q-15154","1","Q-Q-15154","31010101","Presentation of Evidence > General Provisions > Roles of judge and jury","low","2","0"
"Q-Q-15156","1","Q-Q-15156","31010101","Presentation of Evidence > General Provisions > Roles of judge and jury","low","2","0"
"Q-Q-15158","1","Q-Q-15158","31010101","Presentation of Evidence > General Provisions > Roles of judge and jury","low","2","0"
"Q-Q-15161","1","Q-Q-15161","31010101","Presentation of Evidence > General Provisions > Roles of judge and jury","low","2","0"
"Q-Q-15162","1","Q-Q-15162","31010101","Presentation of Evidence > General Provisions > Roles of judge and jury","low","2","0"
"Q-Q-15163","1","Q-Q-15163","31010101","Presentation of Evidence > General Provisions > Roles of judge and jury","low","2","0"
"Q-Q-15165","1","Q-Q-15165","31010101","Presentation of Evidence > General Provisions > Roles of judge and jury","low","2","0"
"Q-Q-15166","1","Q-Q-15166","31010101","Presentation of Evidence > General Provisions > Roles of judge and jury","low","2","0"
"Q-Q-15168","1","Q-Q-15168","31010101","Presentation of Evidence > General Provisions > Roles of judge and jury","low","2","0"
"Q-Q-15171","1","Q-Q-15171","31010101","Presentation of Evidence > General Provisions > Roles of judge and jury","low","2","0"
"Q-Q-15176","1","Q-Q-15176","31010101","Presentation of Evidence > General Provisions > Roles of judge and jury","low","2","0"
"Q-Q-15178","1","Q-Q-15178","31010101","Presentation of Evidence > General Provisions > Roles of judge and jury","low","2","0"
"Q-Q-15180","1","Q-Q-15180","31010101","Presentation of Evidence > General Provisions > Roles of judge and jury","low","2","0"
"Q-Q-15181","1","Q-Q-15181","31010101","Presentation of Evidence > General Provisions > Roles of judge and jury","low","2","0"
"Q-Q-15182","1","Q-Q-15182","31010101","Presentation of Evidence > General Provisions > Roles of judge and jury","low","2","0"
"Q-Q-15183","1","Q-Q-15183","31010101","Presentation of Evidence > General Provisions > Roles of judge and jury","low","2","0"
"Q-Q-15184","1","Q-Q-15184","31010101","Presentation of Evidence > General Provisions > Roles of judge and jury","low","2","0"
"Q-Q-15185","1","Q-Q-15185","31010101","Presentation of Evidence > General Provisions > Roles of judge and jury","low","2","0"
"Q-Q-15187","1","Q-Q-15187","31010101","Presentation of Evidence > General Provisions > Roles of judge and jury","low","2","0"
"Q-Q-15191","1","Q-Q-15191","31010101","Presentation of Evidence > General Provisions > Roles of judge and jury","low","2","0"
"Q-Q-15197","1","Q-Q-15197","31010101","Presentation of Evidence > General Provisions > Roles of judge and jury","low","2","0"
"Q-Q-15201","1","Q-Q-15201","31010101","Presentation of Evidence > General Provisions > Roles of judge and jury","low","2","0"
"Q-Q-15203","1","Q-Q-15203","31010101","Presentation of Evidence > General Provisions > Roles of judge and jury","low","2","0"
"Q-Q-15204","1","Q-Q-15204","31010101","Presentation of Evidence > General Provisions > Roles of judge and jury","low","2","0"
"Q-Q-15205","1","Q-Q-15205","31010101","Presentation of Evidence > General Provisions > Roles of judge and jury","low","2","0"
"Q-Q-15206","1","Q-Q-15206","31010101","Presentation of Evidence > General Provisions > Roles of judge and jury","low","2","0"
"Q-Q-15209","1","Q-Q-15209","31010101","Presentation of Evidence > General Provisions > Roles of judge and jury","low","2","0"
"Q-Q-15212","1","Q-Q-15212","31010101","Presentation of Evidence > General Provisions > Roles of judge and jury","low","2","0"
"Q-Q-15215","1","Q-Q-15215","31010101","Presentation of Evidence > General Provisions > Roles of judge and jury","low","2","0"
"Q-Q-15217","1","Q-Q-15217","31010101","Presentation of Evidence > General Provisions > Roles of judge and jury","low","2","0"
"Q-Q-15220","1","Q-Q-15220","31010101","Presentation of Evidence > General Provisions > Roles of judge and jury","low","2","0"
"Q-Q-15221","1","Q-Q-15221","31010101","Presentation of Evidence > General Provisions > Roles of judge and jury","low","2","0"
"Q-Q-15224","1","Q-Q-15224","31010101","Presentation of Evidence > General Provisions > Roles of judge and jury","low","2","0"
"Q-Q-15227","1","Q-Q-15227","31010101","Presentation of Evidence > General Provisions > Roles of judge and jury","low","2","0"
"Q-Q-15228","1","Q-Q-15228","31010101","Presentation of Evidence > General Provisions > Roles of judge and jury","low","2","0"
"Q-Q-15230","1","Q-Q-15230","31010101","Presentation of Evidence > General Provisions > Roles of judge and jury","low","2","0"
"Q-Q-15231","1","Q-Q-15231","31010101","Presentation of Evidence > General Provisions > Roles of judge and jury","low","2","0"
"Q-Q-15232","1","Q-Q-15232","31010101","Presentation of Evidence > General Provisions > Roles of judge and jury","low","2","0"
"Q-Q-15233","1","Q-Q-15233","31010101","Presentation of Evidence > General Provisions > Roles of judge and jury","low","2","0"
"Q-Q-15237","1","Q-Q-15237","31010101","Presentation of Evidence > General Provisions > Roles of judge and jury","low","2","0"
"Q-Q-15238","1","Q-Q-15238","31010101","Presentation of Evidence > General Provisions > Roles of judge and jury","low","2","0"
"Q-Q-15241","1","Q-Q-15241","31010101","Presentation of Evidence > General Provisions > Roles of judge and jury","low","2","0"
"Q-Q-15243","1","Q-Q-15243","31010101","Presentation of Evidence > General Provisions > Roles of judge and jury","low","2","0"
"Q-Q-15245","1","Q-Q-15245","31010101","Presentation of Evidence > General Provisions > Roles of judge and jury","low","2","0"
"Q-Q-15246","1","Q-Q-15246","31010101","Presentation of Evidence > General Provisions > Roles of judge and jury","low","2","0"
"Q-Q-15248","1","Q-Q-15248","31010101","Presentation of Evidence > General Provisions > Roles of judge and jury","low","2","0"
"Q-Q-15249","1","Q-Q-15249","31010101","Presentation of Evidence > General Provisions > Roles of judge and jury","low","2","0"
"Q-Q-15250","1","Q-Q-15250","31010101","Presentation of Evidence > General Provisions > Roles of judge and jury","low","2","0"
"Q-Q-15253","1","Q-Q-15253","31010101","Presentation of Evidence > General Provisions > Roles of judge and jury","low","2","0"
"Q-Q-15254","1","Q-Q-15254","31010101","Presentation of Evidence > General Provisions > Roles of judge and jury","low","2","0"
"Q-Q-15255","1","Q-Q-15255","31010101","Presentation of Evidence > General Provisions > Roles of judge and jury","low","2","0"
"Q-Q-15256","1","Q-Q-15256","31010101","Presentation of Evidence > General Provisions > Roles of judge and jury","low","2","0"
"Q-Q-15258","1","Q-Q-15258","31010101","Presentation of Evidence > General Provisions > Roles of judge and jury","low","2","0"
"Q-Q-15259","1","Q-Q-15259","31010101","Presentation of Evidence > General Provisions > Roles of judge and jury","low","2","0"
"Q-Q-15260","1","Q-Q-15260","31010101","Presentation of Evidence > General Provisions > Roles of judge and jury","low","2","0"
"relevance_questions_batch_001_low_threshold_relevance","20","relevance low threshold relevance","32020301","Relevance > Exclusion of Relevant Evidence > Probative value","low","6","0"
"relevance_questions_batch_002_fact_consequence_weak_proof","19","relevance fact consequence weak proof","32020301","Relevance > Exclusion of Relevant Evidence > Probative value","low","6","0"
"relevance_questions_batch_003_foundation_threshold","20","relevance foundation threshold","32020200","Relevance > Laying a Foundation","low","9","3"
"relevance_questions_batch_004_voice_telephone_original_writing","20","relevance voice telephone original writing","32020301","Relevance > Exclusion of Relevant Evidence > Probative value","low","6","0"
"relevance_questions_batch_005_physical_object_source_identity","20","relevance physical object source identity","32020301","Relevance > Exclusion of Relevant Evidence > Probative value","low","6","0"
"relevance_questions_batch_006_weak_evidence_weight_admissibility","20","relevance weak evidence weight admissibility","32020301","Relevance > Exclusion of Relevant Evidence > Probative value","low","10","0"
"relevance_questions_batch_007_403_352_balancing","20","relevance 403 352 balancing","32020301","Relevance > Exclusion of Relevant Evidence > Probative value","low","6","0"
"relevance_questions_batch_028_IIA_definition_part2","20","relevance IIA definition part2","32020100","Relevance > Definition","low","9","3"
"TR-001","1","TR-001","31010101","Presentation of Evidence > General Provisions > Roles of judge and jury","low","2","0"
"TR-002","1","TR-002","31010101","Presentation of Evidence > General Provisions > Roles of judge and jury","low","2","0"
"TR-003","1","TR-003","31010101","Presentation of Evidence > General Provisions > Roles of judge and jury","low","2","0"
"TR-004","1","TR-004","31010101","Presentation of Evidence > General Provisions > Roles of judge and jury","low","2","0"
"TR-005","1","TR-005","31010101","Presentation of Evidence > General Provisions > Roles of judge and jury","low","2","0"
"TR-006","1","TR-006","31010101","Presentation of Evidence > General Provisions > Roles of judge and jury","low","2","0"
"TR-007","1","TR-007","31010101","Presentation of Evidence > General Provisions > Roles of judge and jury","low","2","0"
"TR-008","1","TR-008","31010101","Presentation of Evidence > General Provisions > Roles of judge and jury","low","2","0"
"TR-009","1","TR-009","31010101","Presentation of Evidence > General Provisions > Roles of judge and jury","low","2","0"
"TR-010","1","TR-010","31010101","Presentation of Evidence > General Provisions > Roles of judge and jury","low","2","0"
"TR-011","1","TR-011","31010101","Presentation of Evidence > General Provisions > Roles of judge and jury","low","2","0"
"TR-012","1","TR-012","31010101","Presentation of Evidence > General Provisions > Roles of judge and jury","low","2","0"
"TR-013","1","TR-013","31010101","Presentation of Evidence > General Provisions > Roles of judge and jury","low","2","0"
"TR-014","1","TR-014","31010101","Presentation of Evidence > General Provisions > Roles of judge and jury","low","2","0"
"TR-015","1","TR-015","31010101","Presentation of Evidence > General Provisions > Roles of judge and jury","low","2","0"
"TR-016","1","TR-016","31010101","Presentation of Evidence > General Provisions > Roles of judge and jury","low","2","0"
"TR-017","1","TR-017","31010101","Presentation of Evidence > General Provisions > Roles of judge and jury","low","2","0"
"TR-018","1","TR-018","31010101","Presentation of Evidence > General Provisions > Roles of judge and jury","low","2","0"
"TR-019","1","TR-019","31010101","Presentation of Evidence > General Provisions > Roles of judge and jury","low","2","0"
"TR-020","1","TR-020","31010101","Presentation of Evidence > General Provisions > Roles of judge and jury","low","2","0"
"TR-021","1","TR-021","31010101","Presentation of Evidence > General Provisions > Roles of judge and jury","low","2","0"
"TR-022","1","TR-022","31010101","Presentation of Evidence > General Provisions > Roles of judge and jury","low","2","0"
"TR-023","1","TR-023","31010101","Presentation of Evidence > General Provisions > Roles of judge and jury","low","2","0"
"TR-024","1","TR-024","31010101","Presentation of Evidence > General Provisions > Roles of judge and jury","low","2","0"
"TR-025","1","TR-025","31010101","Presentation of Evidence > General Provisions > Roles of judge and jury","low","2","0"
"TR-026","1","TR-026","31010101","Presentation of Evidence > General Provisions > Roles of judge and jury","low","2","0"
"TR-027","1","TR-027","31010101","Presentation of Evidence > General Provisions > Roles of judge and jury","low","2","0"
"TR-028","1","TR-028","31010101","Presentation of Evidence > General Provisions > Roles of judge and jury","low","2","0"
"TR-029","1","TR-029","31010101","Presentation of Evidence > General Provisions > Roles of judge and jury","low","2","0"
"TR-030","1","TR-030","31010101","Presentation of Evidence > General Provisions > Roles of judge and jury","low","2","0"
"TR-031","1","TR-031","31010101","Presentation of Evidence > General Provisions > Roles of judge and jury","low","2","0"
"TR-032","1","TR-032","31010101","Presentation of Evidence > General Provisions > Roles of judge and jury","low","2","0"
"TR-033","1","TR-033","31010101","Presentation of Evidence > General Provisions > Roles of judge and jury","low","2","0"
"TR-034","1","TR-034","31010101","Presentation of Evidence > General Provisions > Roles of judge and jury","low","2","0"
"TR-035","1","TR-035","31010101","Presentation of Evidence > General Provisions > Roles of judge and jury","low","2","0"
"TR-036","1","TR-036","31010101","Presentation of Evidence > General Provisions > Roles of judge and jury","low","2","0"
"TR-037","1","TR-037","31010101","Presentation of Evidence > General Provisions > Roles of judge and jury","low","2","0"
"TR-038","1","TR-038","31010101","Presentation of Evidence > General Provisions > Roles of judge and jury","low","2","0"
"TR-039","1","TR-039","31010101","Presentation of Evidence > General Provisions > Roles of judge and jury","low","2","0"
"TR-040","1","TR-040","31010101","Presentation of Evidence > General Provisions > Roles of judge and jury","low","2","0"
"TR-041","1","TR-041","31010101","Presentation of Evidence > General Provisions > Roles of judge and jury","low","2","0"
"TR-042","1","TR-042","31010101","Presentation of Evidence > General Provisions > Roles of judge and jury","low","2","0"
"TR-043","1","TR-043","31010101","Presentation of Evidence > General Provisions > Roles of judge and jury","low","2","0"
"TR-044","1","TR-044","31010101","Presentation of Evidence > General Provisions > Roles of judge and jury","low","2","0"
"TR-045","1","TR-045","31010101","Presentation of Evidence > General Provisions > Roles of judge and jury","low","2","0"
"TR-046","1","TR-046","31010101","Presentation of Evidence > General Provisions > Roles of judge and jury","low","2","0"
"TR-047","1","TR-047","31010101","Presentation of Evidence > General Provisions > Roles of judge and jury","low","2","0"
"TR-048","1","TR-048","31010101","Presentation of Evidence > General Provisions > Roles of judge and jury","low","2","0"
"TR-049","1","TR-049","31010101","Presentation of Evidence > General Provisions > Roles of judge and jury","low","2","0"
"TR-050","1","TR-050","31010101","Presentation of Evidence > General Provisions > Roles of judge and jury","low","2","0"
"TR-051","1","TR-051","31010101","Presentation of Evidence > General Provisions > Roles of judge and jury","low","2","0"
"TR-052","1","TR-052","31010101","Presentation of Evidence > General Provisions > Roles of judge and jury","low","2","0"
"TR-053","1","TR-053","31010101","Presentation of Evidence > General Provisions > Roles of judge and jury","low","2","0"
"TR-054","1","TR-054","31010101","Presentation of Evidence > General Provisions > Roles of judge and jury","low","2","0"
"TR-055","1","TR-055","31010101","Presentation of Evidence > General Provisions > Roles of judge and jury","low","2","0"
"TR-056","1","TR-056","31010101","Presentation of Evidence > General Provisions > Roles of judge and jury","low","2","0"
"TR-057","1","TR-057","31010101","Presentation of Evidence > General Provisions > Roles of judge and jury","low","2","0"
"TR-058","1","TR-058","31010101","Presentation of Evidence > General Provisions > Roles of judge and jury","low","2","0"
"TR-059","1","TR-059","31010101","Presentation of Evidence > General Provisions > Roles of judge and jury","low","2","0"
"TR-060","1","TR-060","31010101","Presentation of Evidence > General Provisions > Roles of judge and jury","low","2","0"
"TR-061","1","TR-061","31010101","Presentation of Evidence > General Provisions > Roles of judge and jury","low","2","0"
"TR-062","1","TR-062","31010101","Presentation of Evidence > General Provisions > Roles of judge and jury","low","2","0"
"TR-063","1","TR-063","31010101","Presentation of Evidence > General Provisions > Roles of judge and jury","low","2","0"
"TR-064","1","TR-064","31010101","Presentation of Evidence > General Provisions > Roles of judge and jury","low","2","0"
"TR-065","1","TR-065","31010101","Presentation of Evidence > General Provisions > Roles of judge and jury","low","2","0"
"TR-066","1","TR-066","31010101","Presentation of Evidence > General Provisions > Roles of judge and jury","low","2","0"
"TR-067","1","TR-067","31010101","Presentation of Evidence > General Provisions > Roles of judge and jury","low","2","0"
"TR-068","1","TR-068","31010101","Presentation of Evidence > General Provisions > Roles of judge and jury","low","2","0"
"TR-069","1","TR-069","31010101","Presentation of Evidence > General Provisions > Roles of judge and jury","low","2","0"
"TR-070","1","TR-070","31010101","Presentation of Evidence > General Provisions > Roles of judge and jury","low","2","0"
"TR-071","1","TR-071","31010101","Presentation of Evidence > General Provisions > Roles of judge and jury","low","2","0"
"TR-072","1","TR-072","31010101","Presentation of Evidence > General Provisions > Roles of judge and jury","low","2","0"
"TR-073","1","TR-073","31010101","Presentation of Evidence > General Provisions > Roles of judge and jury","low","2","0"
"TR-074","1","TR-074","31010101","Presentation of Evidence > General Provisions > Roles of judge and jury","low","2","0"
"TR-075","1","TR-075","31010101","Presentation of Evidence > General Provisions > Roles of judge and jury","low","2","0"
"TR-076","1","TR-076","31010101","Presentation of Evidence > General Provisions > Roles of judge and jury","low","2","0"
"TR-077","1","TR-077","31010101","Presentation of Evidence > General Provisions > Roles of judge and jury","low","2","0"
"TR-078","1","TR-078","31010101","Presentation of Evidence > General Provisions > Roles of judge and jury","low","2","0"
"TR-079","1","TR-079","31010101","Presentation of Evidence > General Provisions > Roles of judge and jury","low","2","0"
"TR-080","1","TR-080","31010101","Presentation of Evidence > General Provisions > Roles of judge and jury","low","2","0"
"TR-081","1","TR-081","31010101","Presentation of Evidence > General Provisions > Roles of judge and jury","low","2","0"
"TR-082","1","TR-082","31010101","Presentation of Evidence > General Provisions > Roles of judge and jury","low","2","0"
"TR-083","1","TR-083","31010101","Presentation of Evidence > General Provisions > Roles of judge and jury","low","2","0"
"TR-084","1","TR-084","31010101","Presentation of Evidence > General Provisions > Roles of judge and jury","low","2","0"
"TR-085","1","TR-085","31010101","Presentation of Evidence > General Provisions > Roles of judge and jury","low","2","0"
"TR-086","1","TR-086","31010101","Presentation of Evidence > General Provisions > Roles of judge and jury","low","2","0"
"TR-087","1","TR-087","31010101","Presentation of Evidence > General Provisions > Roles of judge and jury","low","2","0"
"TR-088","1","TR-088","31010101","Presentation of Evidence > General Provisions > Roles of judge and jury","low","2","0"
"TR-089","1","TR-089","31010101","Presentation of Evidence > General Provisions > Roles of judge and jury","low","2","0"
"TR-090","1","TR-090","31010101","Presentation of Evidence > General Provisions > Roles of judge and jury","low","2","0"
"TR-091","1","TR-091","31010101","Presentation of Evidence > General Provisions > Roles of judge and jury","low","2","0"
"TR-092","1","TR-092","31010101","Presentation of Evidence > General Provisions > Roles of judge and jury","low","2","0"
"TR-093","1","TR-093","31010101","Presentation of Evidence > General Provisions > Roles of judge and jury","low","2","0"
"TR-094","1","TR-094","31010101","Presentation of Evidence > General Provisions > Roles of judge and jury","low","2","0"
"TR-095","1","TR-095","31010101","Presentation of Evidence > General Provisions > Roles of judge and jury","low","2","0"
"TR-096","1","TR-096","31010101","Presentation of Evidence > General Provisions > Roles of judge and jury","low","2","0"
"TR-097","1","TR-097","31010101","Presentation of Evidence > General Provisions > Roles of judge and jury","low","2","0"
"TR-098","1","TR-098","31010101","Presentation of Evidence > General Provisions > Roles of judge and jury","low","2","0"
"TR-099","1","TR-099","31010101","Presentation of Evidence > General Provisions > Roles of judge and jury","low","2","0"
"TR-100","1","TR-100","31010101","Presentation of Evidence > General Provisions > Roles of judge and jury","low","2","0"
"TR-101","1","TR-101","31010101","Presentation of Evidence > General Provisions > Roles of judge and jury","low","2","0"
"TR-102","1","TR-102","31010101","Presentation of Evidence > General Provisions > Roles of judge and jury","low","2","0"
"TR-103","1","TR-103","31010101","Presentation of Evidence > General Provisions > Roles of judge and jury","low","2","0"
"TR-104","1","TR-104","31010101","Presentation of Evidence > General Provisions > Roles of judge and jury","low","2","0"
"TR-105","1","TR-105","31010101","Presentation of Evidence > General Provisions > Roles of judge and jury","low","2","0"
"TR-106","1","TR-106","31010101","Presentation of Evidence > General Provisions > Roles of judge and jury","low","2","0"
"TR-107","1","TR-107","31010101","Presentation of Evidence > General Provisions > Roles of judge and jury","low","2","0"
"TR-108","1","TR-108","31010101","Presentation of Evidence > General Provisions > Roles of judge and jury","low","2","0"
"TR-109","1","TR-109","31010101","Presentation of Evidence > General Provisions > Roles of judge and jury","low","2","0"
"TR-110","1","TR-110","31010101","Presentation of Evidence > General Provisions > Roles of judge and jury","low","2","0"
"TR-111","1","TR-111","31010101","Presentation of Evidence > General Provisions > Roles of judge and jury","low","2","0"
"TR-112","1","TR-112","31010101","Presentation of Evidence > General Provisions > Roles of judge and jury","low","2","0"
"TR-113","1","TR-113","31010101","Presentation of Evidence > General Provisions > Roles of judge and jury","low","2","0"
"TR-114","1","TR-114","31010101","Presentation of Evidence > General Provisions > Roles of judge and jury","low","2","0"
"TR-115","1","TR-115","31010101","Presentation of Evidence > General Provisions > Roles of judge and jury","low","2","0"
"TR-116","1","TR-116","31010101","Presentation of Evidence > General Provisions > Roles of judge and jury","low","2","0"
"TR-117","1","TR-117","31010101","Presentation of Evidence > General Provisions > Roles of judge and jury","low","2","0"
"TR-118","1","TR-118","31010101","Presentation of Evidence > General Provisions > Roles of judge and jury","low","2","0"
"TR-119","1","TR-119","31010101","Presentation of Evidence > General Provisions > Roles of judge and jury","low","2","0"
"TR-120","1","TR-120","31010101","Presentation of Evidence > General Provisions > Roles of judge and jury","low","2","0"
"TR-121","1","TR-121","31010101","Presentation of Evidence > General Provisions > Roles of judge and jury","low","2","0"
"TR-122","1","TR-122","31010101","Presentation of Evidence > General Provisions > Roles of judge and jury","low","2","0"
"TR-123","1","TR-123","31010101","Presentation of Evidence > General Provisions > Roles of judge and jury","low","2","0"
"TR-124","1","TR-124","31010101","Presentation of Evidence > General Provisions > Roles of judge and jury","low","2","0"
"TR-125","1","TR-125","31010101","Presentation of Evidence > General Provisions > Roles of judge and jury","low","2","0"
"TR-126","1","TR-126","31010101","Presentation of Evidence > General Provisions > Roles of judge and jury","low","2","0"
"TR-127","1","TR-127","31010101","Presentation of Evidence > General Provisions > Roles of judge and jury","low","2","0"
"TR-128","1","TR-128","31010101","Presentation of Evidence > General Provisions > Roles of judge and jury","low","2","0"
"TR-129","1","TR-129","31010101","Presentation of Evidence > General Provisions > Roles of judge and jury","low","2","0"
"TR-130","1","TR-130","31010101","Presentation of Evidence > General Provisions > Roles of judge and jury","low","2","0"
"TR-131","1","TR-131","31010101","Presentation of Evidence > General Provisions > Roles of judge and jury","low","2","0"
"TR-132","1","TR-132","31010101","Presentation of Evidence > General Provisions > Roles of judge and jury","low","2","0"
"TR-133","1","TR-133","31010101","Presentation of Evidence > General Provisions > Roles of judge and jury","low","2","0"
"TR-134","1","TR-134","31010101","Presentation of Evidence > General Provisions > Roles of judge and jury","low","2","0"
"TR-135","1","TR-135","31010101","Presentation of Evidence > General Provisions > Roles of judge and jury","low","2","0"
"TR-136","1","TR-136","31010101","Presentation of Evidence > General Provisions > Roles of judge and jury","low","2","0"
"TR-137","1","TR-137","31010101","Presentation of Evidence > General Provisions > Roles of judge and jury","low","2","0"
"TR-138","1","TR-138","31010101","Presentation of Evidence > General Provisions > Roles of judge and jury","low","2","0"
"TR-139","1","TR-139","31010101","Presentation of Evidence > General Provisions > Roles of judge and jury","low","2","0"
"TR-140","1","TR-140","31010101","Presentation of Evidence > General Provisions > Roles of judge and jury","low","2","0"
"TR-141","1","TR-141","31010101","Presentation of Evidence > General Provisions > Roles of judge and jury","low","2","0"
"TR-142","1","TR-142","31010101","Presentation of Evidence > General Provisions > Roles of judge and jury","low","2","0"
"TR-143","1","TR-143","31010101","Presentation of Evidence > General Provisions > Roles of judge and jury","low","2","0"
"TR-144","1","TR-144","31010101","Presentation of Evidence > General Provisions > Roles of judge and jury","low","2","0"
"TR-145","1","TR-145","31010101","Presentation of Evidence > General Provisions > Roles of judge and jury","low","2","0"
"TR-146","1","TR-146","31010101","Presentation of Evidence > General Provisions > Roles of judge and jury","low","2","0"
"TR-147","1","TR-147","31010101","Presentation of Evidence > General Provisions > Roles of judge and jury","low","2","0"
"TR-148","1","TR-148","31010101","Presentation of Evidence > General Provisions > Roles of judge and jury","low","2","0"
"TR-149","1","TR-149","31010101","Presentation of Evidence > General Provisions > Roles of judge and jury","low","2","0"
"TR-150","1","TR-150","31010101","Presentation of Evidence > General Provisions > Roles of judge and jury","low","2","0"
"TR-151","1","TR-151","31010101","Presentation of Evidence > General Provisions > Roles of judge and jury","low","2","0"
"TR-152","1","TR-152","31010101","Presentation of Evidence > General Provisions > Roles of judge and jury","low","2","0"
"TR-153","1","TR-153","31010101","Presentation of Evidence > General Provisions > Roles of judge and jury","low","2","0"
"TR-154","1","TR-154","31010101","Presentation of Evidence > General Provisions > Roles of judge and jury","low","2","0"
"TR-155","1","TR-155","31010101","Presentation of Evidence > General Provisions > Roles of judge and jury","low","2","0"
"TR-156","1","TR-156","31010101","Presentation of Evidence > General Provisions > Roles of judge and jury","low","2","0"
"TR-157","1","TR-157","31010101","Presentation of Evidence > General Provisions > Roles of judge and jury","low","2","0"
"TR-158","1","TR-158","31010101","Presentation of Evidence > General Provisions > Roles of judge and jury","low","2","0"
"TR-159","1","TR-159","31010101","Presentation of Evidence > General Provisions > Roles of judge and jury","low","2","0"
"TR-160","1","TR-160","31010101","Presentation of Evidence > General Provisions > Roles of judge and jury","low","2","0"
"TR-161","1","TR-161","31010101","Presentation of Evidence > General Provisions > Roles of judge and jury","low","2","0"
"TR-162","1","TR-162","31010101","Presentation of Evidence > General Provisions > Roles of judge and jury","low","2","0"
"TR-163","1","TR-163","31010101","Presentation of Evidence > General Provisions > Roles of judge and jury","low","2","0"
"TR-164","1","TR-164","31010101","Presentation of Evidence > General Provisions > Roles of judge and jury","low","2","0"
"TR-165","1","TR-165","31010101","Presentation of Evidence > General Provisions > Roles of judge and jury","low","2","0"
"TR-166","1","TR-166","31010101","Presentation of Evidence > General Provisions > Roles of judge and jury","low","2","0"
"TR-167","1","TR-167","31010101","Presentation of Evidence > General Provisions > Roles of judge and jury","low","2","0"
"TR-168","1","TR-168","31010101","Presentation of Evidence > General Provisions > Roles of judge and jury","low","2","0"
"TR-169","1","TR-169","31010101","Presentation of Evidence > General Provisions > Roles of judge and jury","low","2","0"
"TR-170","1","TR-170","31010101","Presentation of Evidence > General Provisions > Roles of judge and jury","low","2","0"
"TR-171","1","TR-171","31010101","Presentation of Evidence > General Provisions > Roles of judge and jury","low","2","0"
"TR-172","1","TR-172","31010101","Presentation of Evidence > General Provisions > Roles of judge and jury","low","2","0"
"TR-173","1","TR-173","31010101","Presentation of Evidence > General Provisions > Roles of judge and jury","low","2","0"
"TR-174","1","TR-174","31010101","Presentation of Evidence > General Provisions > Roles of judge and jury","low","2","0"
"TR-175","1","TR-175","31010101","Presentation of Evidence > General Provisions > Roles of judge and jury","low","2","0"
"TR-176","1","TR-176","31010101","Presentation of Evidence > General Provisions > Roles of judge and jury","low","2","0"
"TR-177","1","TR-177","31010101","Presentation of Evidence > General Provisions > Roles of judge and jury","low","2","0"
"TR-178","1","TR-178","31010101","Presentation of Evidence > General Provisions > Roles of judge and jury","low","2","0"
"TR-179","1","TR-179","31010101","Presentation of Evidence > General Provisions > Roles of judge and jury","low","2","0"
"TR-180","1","TR-180","31010101","Presentation of Evidence > General Provisions > Roles of judge and jury","low","2","0"
"TR-181","1","TR-181","31010101","Presentation of Evidence > General Provisions > Roles of judge and jury","low","2","0"
"TR-182","1","TR-182","31010101","Presentation of Evidence > General Provisions > Roles of judge and jury","low","2","0"
"TR-183","1","TR-183","31010101","Presentation of Evidence > General Provisions > Roles of judge and jury","low","2","0"
"TR-184","1","TR-184","31010101","Presentation of Evidence > General Provisions > Roles of judge and jury","low","2","0"
"TR-185","1","TR-185","31010101","Presentation of Evidence > General Provisions > Roles of judge and jury","low","2","0"
"TR-186","1","TR-186","31010101","Presentation of Evidence > General Provisions > Roles of judge and jury","low","2","0"
"TR-187","1","TR-187","31010101","Presentation of Evidence > General Provisions > Roles of judge and jury","low","2","0"
"TR-188","1","TR-188","31010101","Presentation of Evidence > General Provisions > Roles of judge and jury","low","2","0"
"TR-189","1","TR-189","31010101","Presentation of Evidence > General Provisions > Roles of judge and jury","low","2","0"
"TR-190","1","TR-190","31010101","Presentation of Evidence > General Provisions > Roles of judge and jury","low","2","0"
"TR-191","1","TR-191","31010101","Presentation of Evidence > General Provisions > Roles of judge and jury","low","2","0"
"TR-192","1","TR-192","31010101","Presentation of Evidence > General Provisions > Roles of judge and jury","low","2","0"
"TR-193","1","TR-193","31010101","Presentation of Evidence > General Provisions > Roles of judge and jury","low","2","0"
"TR-194","1","TR-194","31010101","Presentation of Evidence > General Provisions > Roles of judge and jury","low","2","0"
"TR-195","1","TR-195","31010101","Presentation of Evidence > General Provisions > Roles of judge and jury","low","2","0"
"TR-196","1","TR-196","31010101","Presentation of Evidence > General Provisions > Roles of judge and jury","low","2","0"
"TR-197","1","TR-197","31010101","Presentation of Evidence > General Provisions > Roles of judge and jury","low","2","0"
"TR-198","1","TR-198","31010101","Presentation of Evidence > General Provisions > Roles of judge and jury","low","2","0"
"TR-199","1","TR-199","31010101","Presentation of Evidence > General Provisions > Roles of judge and jury","low","2","0"
"TR-200","1","TR-200","31010101","Presentation of Evidence > General Provisions > Roles of judge and jury","low","2","0"
"TR-221","1","TR-221","31010101","Presentation of Evidence > General Provisions > Roles of judge and jury","low","2","0"
"TR-222","1","TR-222","31010101","Presentation of Evidence > General Provisions > Roles of judge and jury","low","2","0"
"TR-223","1","TR-223","31010101","Presentation of Evidence > General Provisions > Roles of judge and jury","low","2","0"
"TR-224","1","TR-224","31010101","Presentation of Evidence > General Provisions > Roles of judge and jury","low","2","0"
"TR-225","1","TR-225","31010101","Presentation of Evidence > General Provisions > Roles of judge and jury","low","2","0"
"TR-226","1","TR-226","31010101","Presentation of Evidence > General Provisions > Roles of judge and jury","low","2","0"
"TR-227","1","TR-227","31010101","Presentation of Evidence > General Provisions > Roles of judge and jury","low","2","0"
"TR-228","1","TR-228","31010101","Presentation of Evidence > General Provisions > Roles of judge and jury","low","2","0"
"TR-229","1","TR-229","31010101","Presentation of Evidence > General Provisions > Roles of judge and jury","low","2","0"
"TR-230","1","TR-230","31010101","Presentation of Evidence > General Provisions > Roles of judge and jury","low","2","0"
"TR-231","1","TR-231","31010101","Presentation of Evidence > General Provisions > Roles of judge and jury","low","2","0"
"TR-232","1","TR-232","31010101","Presentation of Evidence > General Provisions > Roles of judge and jury","low","2","0"
"TR-233","1","TR-233","31010101","Presentation of Evidence > General Provisions > Roles of judge and jury","low","2","0"
"TR-234","1","TR-234","31010101","Presentation of Evidence > General Provisions > Roles of judge and jury","low","2","0"
"TR-235","1","TR-235","31010101","Presentation of Evidence > General Provisions > Roles of judge and jury","low","2","0"
"TR-236","1","TR-236","31010101","Presentation of Evidence > General Provisions > Roles of judge and jury","low","2","0"
"TR-237","1","TR-237","31010101","Presentation of Evidence > General Provisions > Roles of judge and jury","low","2","0"
"TR-238","1","TR-238","31010101","Presentation of Evidence > General Provisions > Roles of judge and jury","low","2","0"
"TR-239","1","TR-239","31010101","Presentation of Evidence > General Provisions > Roles of judge and jury","low","2","0"
"TR-240","1","TR-240","31010101","Presentation of Evidence > General Provisions > Roles of judge and jury","low","2","0"
"TR-241","1","TR-241","31010101","Presentation of Evidence > General Provisions > Roles of judge and jury","low","2","0"
"TR-242","1","TR-242","31010101","Presentation of Evidence > General Provisions > Roles of judge and jury","low","2","0"
"TR-243","1","TR-243","31010101","Presentation of Evidence > General Provisions > Roles of judge and jury","low","2","0"
"TR-244","1","TR-244","31010101","Presentation of Evidence > General Provisions > Roles of judge and jury","low","2","0"
"TR-245","1","TR-245","31010101","Presentation of Evidence > General Provisions > Roles of judge and jury","low","2","0"
"TR-246","1","TR-246","31010101","Presentation of Evidence > General Provisions > Roles of judge and jury","low","2","0"
"TR-247","1","TR-247","31010101","Presentation of Evidence > General Provisions > Roles of judge and jury","low","2","0"
"TR-248","1","TR-248","31010101","Presentation of Evidence > General Provisions > Roles of judge and jury","low","2","0"
"TR-249","1","TR-249","31010101","Presentation of Evidence > General Provisions > Roles of judge and jury","low","2","0"
"TR-250","1","TR-250","31010101","Presentation of Evidence > General Provisions > Roles of judge and jury","low","2","0"
"TR-251","1","TR-251","31010101","Presentation of Evidence > General Provisions > Roles of judge and jury","low","2","0"
"TR-252","1","TR-252","31010101","Presentation of Evidence > General Provisions > Roles of judge and jury","low","2","0"
"TR-253","1","TR-253","31010101","Presentation of Evidence > General Provisions > Roles of judge and jury","low","2","0"
"TR-254","1","TR-254","31010101","Presentation of Evidence > General Provisions > Roles of judge and jury","low","2","0"
"TR-255","1","TR-255","31010101","Presentation of Evidence > General Provisions > Roles of judge and jury","low","2","0"
"TR-256","1","TR-256","31010101","Presentation of Evidence > General Provisions > Roles of judge and jury","low","2","0"
"TR-257","1","TR-257","31010101","Presentation of Evidence > General Provisions > Roles of judge and jury","low","2","0"
"TR-258","1","TR-258","31010101","Presentation of Evidence > General Provisions > Roles of judge and jury","low","2","0"
"TR-259","1","TR-259","31010101","Presentation of Evidence > General Provisions > Roles of judge and jury","low","2","0"
"TR-260","1","TR-260","31010101","Presentation of Evidence > General Provisions > Roles of judge and jury","low","2","0"
"TR-261","1","TR-261","31010101","Presentation of Evidence > General Provisions > Roles of judge and jury","low","2","0"
"TR-262","1","TR-262","31010101","Presentation of Evidence > General Provisions > Roles of judge and jury","low","2","0"
"TR-263","1","TR-263","31010101","Presentation of Evidence > General Provisions > Roles of judge and jury","low","2","0"
"TR-264","1","TR-264","31010101","Presentation of Evidence > General Provisions > Roles of judge and jury","low","2","0"
"TR-265","1","TR-265","31010101","Presentation of Evidence > General Provisions > Roles of judge and jury","low","2","0"
"TR-266","1","TR-266","31010101","Presentation of Evidence > General Provisions > Roles of judge and jury","low","2","0"
"TR-267","1","TR-267","31010101","Presentation of Evidence > General Provisions > Roles of judge and jury","low","2","0"
"TR-268","1","TR-268","31010101","Presentation of Evidence > General Provisions > Roles of judge and jury","low","2","0"
"TR-269","1","TR-269","31010101","Presentation of Evidence > General Provisions > Roles of judge and jury","low","2","0"
"TR-270","1","TR-270","31010101","Presentation of Evidence > General Provisions > Roles of judge and jury","low","2","0"
"TR-271","1","TR-271","31010101","Presentation of Evidence > General Provisions > Roles of judge and jury","low","2","0"
"TR-272","1","TR-272","31010101","Presentation of Evidence > General Provisions > Roles of judge and jury","low","2","0"
"TR-273","1","TR-273","31010101","Presentation of Evidence > General Provisions > Roles of judge and jury","low","2","0"
"TR-274","1","TR-274","31010101","Presentation of Evidence > General Provisions > Roles of judge and jury","low","2","0"
"TR-275","1","TR-275","31010101","Presentation of Evidence > General Provisions > Roles of judge and jury","low","2","0"
"TR-276","1","TR-276","31010101","Presentation of Evidence > General Provisions > Roles of judge and jury","low","2","0"
"TR-277","1","TR-277","31010101","Presentation of Evidence > General Provisions > Roles of judge and jury","low","2","0"
"TR-278","1","TR-278","31010101","Presentation of Evidence > General Provisions > Roles of judge and jury","low","2","0"
"TR-279","1","TR-279","31010101","Presentation of Evidence > General Provisions > Roles of judge and jury","low","2","0"
"TR-280","1","TR-280","31010101","Presentation of Evidence > General Provisions > Roles of judge and jury","low","2","0"
"TR-281","1","TR-281","31010101","Presentation of Evidence > General Provisions > Roles of judge and jury","low","2","0"
"TR-282","1","TR-282","31010101","Presentation of Evidence > General Provisions > Roles of judge and jury","low","2","0"
"TR-283","1","TR-283","31010101","Presentation of Evidence > General Provisions > Roles of judge and jury","low","2","0"
"TR-284","1","TR-284","31010101","Presentation of Evidence > General Provisions > Roles of judge and jury","low","2","0"
"TR-285","1","TR-285","31010101","Presentation of Evidence > General Provisions > Roles of judge and jury","low","2","0"
"TR-286","1","TR-286","31010101","Presentation of Evidence > General Provisions > Roles of judge and jury","low","2","0"
"TR-287","1","TR-287","31010101","Presentation of Evidence > General Provisions > Roles of judge and jury","low","2","0"
"TR-288","1","TR-288","31010101","Presentation of Evidence > General Provisions > Roles of judge and jury","low","2","0"
"TR-289","1","TR-289","31010101","Presentation of Evidence > General Provisions > Roles of judge and jury","low","2","0"
"TR-290","1","TR-290","31010101","Presentation of Evidence > General Provisions > Roles of judge and jury","low","2","0"
"TR-291","1","TR-291","31010101","Presentation of Evidence > General Provisions > Roles of judge and jury","low","2","0"
"TR-292","1","TR-292","31010101","Presentation of Evidence > General Provisions > Roles of judge and jury","low","2","0"
"TR-293","1","TR-293","31010101","Presentation of Evidence > General Provisions > Roles of judge and jury","low","2","0"
"TR-294","1","TR-294","31010101","Presentation of Evidence > General Provisions > Roles of judge and jury","low","2","0"
"TR-295","1","TR-295","31010101","Presentation of Evidence > General Provisions > Roles of judge and jury","low","2","0"
"TR-296","1","TR-296","31010101","Presentation of Evidence > General Provisions > Roles of judge and jury","low","2","0"
"TR-297","1","TR-297","31010101","Presentation of Evidence > General Provisions > Roles of judge and jury","low","2","0"
"TR-298","1","TR-298","31010101","Presentation of Evidence > General Provisions > Roles of judge and jury","low","2","0"
"TR-299","1","TR-299","31010101","Presentation of Evidence > General Provisions > Roles of judge and jury","low","2","0"
"TR-300","1","TR-300","31010101","Presentation of Evidence > General Provisions > Roles of judge and jury","low","2","0"
"TR-301","1","TR-301","31010101","Presentation of Evidence > General Provisions > Roles of judge and jury","low","2","0"
"TR-302","1","TR-302","31010101","Presentation of Evidence > General Provisions > Roles of judge and jury","low","2","0"
"TR-303","1","TR-303","31010101","Presentation of Evidence > General Provisions > Roles of judge and jury","low","2","0"
"TR-304","1","TR-304","31010101","Presentation of Evidence > General Provisions > Roles of judge and jury","low","2","0"
"TR-305","1","TR-305","31010101","Presentation of Evidence > General Provisions > Roles of judge and jury","low","2","0"
"TR-306","1","TR-306","31010101","Presentation of Evidence > General Provisions > Roles of judge and jury","low","2","0"
"TR-307","1","TR-307","31010101","Presentation of Evidence > General Provisions > Roles of judge and jury","low","2","0"
"TR-308","1","TR-308","31010101","Presentation of Evidence > General Provisions > Roles of judge and jury","low","2","0"
"TR-309","1","TR-309","31010101","Presentation of Evidence > General Provisions > Roles of judge and jury","low","2","0"
"TR-310","1","TR-310","31010101","Presentation of Evidence > General Provisions > Roles of judge and jury","low","2","0"
"TR-311","1","TR-311","31010101","Presentation of Evidence > General Provisions > Roles of judge and jury","low","2","0"
"TR-312","1","TR-312","31010101","Presentation of Evidence > General Provisions > Roles of judge and jury","low","2","0"
"TR-313","1","TR-313","31010101","Presentation of Evidence > General Provisions > Roles of judge and jury","low","2","0"
"TR-314","1","TR-314","31010101","Presentation of Evidence > General Provisions > Roles of judge and jury","low","2","0"
"TR-315","1","TR-315","31010101","Presentation of Evidence > General Provisions > Roles of judge and jury","low","2","0"
"TR-316","1","TR-316","31010101","Presentation of Evidence > General Provisions > Roles of judge and jury","low","2","0"
"TR-317","1","TR-317","31010101","Presentation of Evidence > General Provisions > Roles of judge and jury","low","2","0"
"TR-318","1","TR-318","31010101","Presentation of Evidence > General Provisions > Roles of judge and jury","low","2","0"
"TR-319","1","TR-319","31010101","Presentation of Evidence > General Provisions > Roles of judge and jury","low","2","0"
"TR-320","1","TR-320","31010101","Presentation of Evidence > General Provisions > Roles of judge and jury","low","2","0"
"TR-321","1","TR-321","31010101","Presentation of Evidence > General Provisions > Roles of judge and jury","low","2","0"
"TR-322","1","TR-322","31010101","Presentation of Evidence > General Provisions > Roles of judge and jury","low","2","0"
"TR-323","1","TR-323","31010101","Presentation of Evidence > General Provisions > Roles of judge and jury","low","2","0"
"TR-324","1","TR-324","31010101","Presentation of Evidence > General Provisions > Roles of judge and jury","low","2","0"
"TR-325","1","TR-325","31010101","Presentation of Evidence > General Provisions > Roles of judge and jury","low","2","0"
"TR-326","1","TR-326","31010101","Presentation of Evidence > General Provisions > Roles of judge and jury","low","2","0"
"TR-327","1","TR-327","31010101","Presentation of Evidence > General Provisions > Roles of judge and jury","low","2","0"
"TR-328","1","TR-328","31010101","Presentation of Evidence > General Provisions > Roles of judge and jury","low","2","0"
"TR-329","1","TR-329","31010101","Presentation of Evidence > General Provisions > Roles of judge and jury","low","2","0"
"TR-330","1","TR-330","31010101","Presentation of Evidence > General Provisions > Roles of judge and jury","low","2","0"
"TR-331","1","TR-331","31010101","Presentation of Evidence > General Provisions > Roles of judge and jury","low","2","0"
"TR-332","1","TR-332","31010101","Presentation of Evidence > General Provisions > Roles of judge and jury","low","2","0"
"TR-333","1","TR-333","31010101","Presentation of Evidence > General Provisions > Roles of judge and jury","low","2","0"
"TR-334","1","TR-334","31010101","Presentation of Evidence > General Provisions > Roles of judge and jury","low","2","0"
"TR-335","1","TR-335","31010101","Presentation of Evidence > General Provisions > Roles of judge and jury","low","2","0"
"TR-336","1","TR-336","31010101","Presentation of Evidence > General Provisions > Roles of judge and jury","low","2","0"
"TR-337","1","TR-337","31010101","Presentation of Evidence > General Provisions > Roles of judge and jury","low","2","0"
"TR-338","1","TR-338","31010101","Presentation of Evidence > General Provisions > Roles of judge and jury","low","2","0"
"TR-339","1","TR-339","31010101","Presentation of Evidence > General Provisions > Roles of judge and jury","low","2","0"
"TR-340","1","TR-340","31010101","Presentation of Evidence > General Provisions > Roles of judge and jury","low","2","0"
"TR-341","1","TR-341","31010101","Presentation of Evidence > General Provisions > Roles of judge and jury","low","2","0"
"TR-342","1","TR-342","31010101","Presentation of Evidence > General Provisions > Roles of judge and jury","low","2","0"
"TR-343","1","TR-343","31010101","Presentation of Evidence > General Provisions > Roles of judge and jury","low","2","0"
"TR-344","1","TR-344","31010101","Presentation of Evidence > General Provisions > Roles of judge and jury","low","2","0"
"TR-345","1","TR-345","31010101","Presentation of Evidence > General Provisions > Roles of judge and jury","low","2","0"
"TR-346","1","TR-346","31010101","Presentation of Evidence > General Provisions > Roles of judge and jury","low","2","0"
"TR-347","1","TR-347","31010101","Presentation of Evidence > General Provisions > Roles of judge and jury","low","2","0"
"TR-348","1","TR-348","31010101","Presentation of Evidence > General Provisions > Roles of judge and jury","low","2","0"
"TR-349","1","TR-349","31010101","Presentation of Evidence > General Provisions > Roles of judge and jury","low","2","0"
"TR-350","1","TR-350","31010101","Presentation of Evidence > General Provisions > Roles of judge and jury","low","2","0"
"TR-351","1","TR-351","31010101","Presentation of Evidence > General Provisions > Roles of judge and jury","low","2","0"
"TR-352","1","TR-352","31010101","Presentation of Evidence > General Provisions > Roles of judge and jury","low","2","0"
"TR-353","1","TR-353","31010101","Presentation of Evidence > General Provisions > Roles of judge and jury","low","2","0"
"TR-354","1","TR-354","31010101","Presentation of Evidence > General Provisions > Roles of judge and jury","low","2","0"
"TR-355","1","TR-355","31010101","Presentation of Evidence > General Provisions > Roles of judge and jury","low","2","0"
"TR-356","1","TR-356","31010101","Presentation of Evidence > General Provisions > Roles of judge and jury","low","2","0"
"TR-357","1","TR-357","31010101","Presentation of Evidence > General Provisions > Roles of judge and jury","low","2","0"
"TR-358","1","TR-358","31010101","Presentation of Evidence > General Provisions > Roles of judge and jury","low","2","0"
"TR-359","1","TR-359","31010101","Presentation of Evidence > General Provisions > Roles of judge and jury","low","2","0"
"TR-360","1","TR-360","31010101","Presentation of Evidence > General Provisions > Roles of judge and jury","low","2","0"
"TR-361","1","TR-361","31010101","Presentation of Evidence > General Provisions > Roles of judge and jury","low","2","0"
"TR-362","1","TR-362","31010101","Presentation of Evidence > General Provisions > Roles of judge and jury","low","2","0"
"TR-363","1","TR-363","31010101","Presentation of Evidence > General Provisions > Roles of judge and jury","low","2","0"
"TR-364","1","TR-364","31010101","Presentation of Evidence > General Provisions > Roles of judge and jury","low","2","0"
"TR-365","1","TR-365","31010101","Presentation of Evidence > General Provisions > Roles of judge and jury","low","2","0"
"TR-366","1","TR-366","31010101","Presentation of Evidence > General Provisions > Roles of judge and jury","low","2","0"
"TR-367","1","TR-367","31010101","Presentation of Evidence > General Provisions > Roles of judge and jury","low","2","0"
"TR-368","1","TR-368","31010101","Presentation of Evidence > General Provisions > Roles of judge and jury","low","2","0"
"TR-369","1","TR-369","31010101","Presentation of Evidence > General Provisions > Roles of judge and jury","low","2","0"
"TR-370","1","TR-370","31010101","Presentation of Evidence > General Provisions > Roles of judge and jury","low","2","0"
"TR-371","1","TR-371","31010101","Presentation of Evidence > General Provisions > Roles of judge and jury","low","2","0"
"TR-372","1","TR-372","31010101","Presentation of Evidence > General Provisions > Roles of judge and jury","low","2","0"
"TR-373","1","TR-373","31010101","Presentation of Evidence > General Provisions > Roles of judge and jury","low","2","0"
"TR-374","1","TR-374","31010101","Presentation of Evidence > General Provisions > Roles of judge and jury","low","2","0"
"TR-375","1","TR-375","31010101","Presentation of Evidence > General Provisions > Roles of judge and jury","low","2","0"
"TR-376","1","TR-376","31010101","Presentation of Evidence > General Provisions > Roles of judge and jury","low","2","0"
"TR-377","1","TR-377","31010101","Presentation of Evidence > General Provisions > Roles of judge and jury","low","2","0"
"TR-378","1","TR-378","31010101","Presentation of Evidence > General Provisions > Roles of judge and jury","low","2","0"
"TR-379","1","TR-379","31010101","Presentation of Evidence > General Provisions > Roles of judge and jury","low","2","0"
"TR-380","1","TR-380","31010101","Presentation of Evidence > General Provisions > Roles of judge and jury","low","2","0"
"TR-381","1","TR-381","31010101","Presentation of Evidence > General Provisions > Roles of judge and jury","low","2","0"
"TR-382","1","TR-382","31010101","Presentation of Evidence > General Provisions > Roles of judge and jury","low","2","0"
"TR-383","1","TR-383","31010101","Presentation of Evidence > General Provisions > Roles of judge and jury","low","2","0"
"TR-384","1","TR-384","31010101","Presentation of Evidence > General Provisions > Roles of judge and jury","low","2","0"
"TR-385","1","TR-385","31010101","Presentation of Evidence > General Provisions > Roles of judge and jury","low","2","0"
"TR-386","1","TR-386","31010101","Presentation of Evidence > General Provisions > Roles of judge and jury","low","2","0"
"TR-387","1","TR-387","31010101","Presentation of Evidence > General Provisions > Roles of judge and jury","low","2","0"
"TR-388","1","TR-388","31010101","Presentation of Evidence > General Provisions > Roles of judge and jury","low","2","0"
"TR-389","1","TR-389","31010101","Presentation of Evidence > General Provisions > Roles of judge and jury","low","2","0"
"TR-390","1","TR-390","31010101","Presentation of Evidence > General Provisions > Roles of judge and jury","low","2","0"
"TR-391","1","TR-391","31010101","Presentation of Evidence > General Provisions > Roles of judge and jury","low","2","0"
"TR-392","1","TR-392","31010101","Presentation of Evidence > General Provisions > Roles of judge and jury","low","2","0"
"TR-393","1","TR-393","31010101","Presentation of Evidence > General Provisions > Roles of judge and jury","low","2","0"
"TR-394","1","TR-394","31010101","Presentation of Evidence > General Provisions > Roles of judge and jury","low","2","0"
"TR-395","1","TR-395","31010101","Presentation of Evidence > General Provisions > Roles of judge and jury","low","2","0"
"TR-396","1","TR-396","31010101","Presentation of Evidence > General Provisions > Roles of judge and jury","low","2","0"
"TR-397","1","TR-397","31010101","Presentation of Evidence > General Provisions > Roles of judge and jury","low","2","0"
"TR-398","1","TR-398","31010101","Presentation of Evidence > General Provisions > Roles of judge and jury","low","2","0"
"TR-399","1","TR-399","31010101","Presentation of Evidence > General Provisions > Roles of judge and jury","low","2","0"
"TR-400","1","TR-400","31010101","Presentation of Evidence > General Provisions > Roles of judge and jury","low","2","0"
"TR-401","1","TR-401","31010101","Presentation of Evidence > General Provisions > Roles of judge and jury","low","2","0"
"TR-402","1","TR-402","31010101","Presentation of Evidence > General Provisions > Roles of judge and jury","low","2","0"
"TR-403","1","TR-403","31010101","Presentation of Evidence > General Provisions > Roles of judge and jury","low","2","0"
"TR-404","1","TR-404","31010101","Presentation of Evidence > General Provisions > Roles of judge and jury","low","2","0"
"TR-405","1","TR-405","31010101","Presentation of Evidence > General Provisions > Roles of judge and jury","low","2","0"
"TR-406","1","TR-406","31010101","Presentation of Evidence > General Provisions > Roles of judge and jury","low","2","0"
"TR-407","1","TR-407","31010101","Presentation of Evidence > General Provisions > Roles of judge and jury","low","2","0"
"TR-408","1","TR-408","31010101","Presentation of Evidence > General Provisions > Roles of judge and jury","low","2","0"
"TR-409","1","TR-409","31010101","Presentation of Evidence > General Provisions > Roles of judge and jury","low","2","0"
"TR-410","1","TR-410","31010101","Presentation of Evidence > General Provisions > Roles of judge and jury","low","2","0"
"TR-411","1","TR-411","31010101","Presentation of Evidence > General Provisions > Roles of judge and jury","low","2","0"
"TR-412","1","TR-412","31010101","Presentation of Evidence > General Provisions > Roles of judge and jury","low","2","0"
"TR-413","1","TR-413","31010101","Presentation of Evidence > General Provisions > Roles of judge and jury","low","2","0"
"TR-414","1","TR-414","31010101","Presentation of Evidence > General Provisions > Roles of judge and jury","low","2","0"
"TR-415","1","TR-415","31010101","Presentation of Evidence > General Provisions > Roles of judge and jury","low","2","0"
"TR-416","1","TR-416","31010101","Presentation of Evidence > General Provisions > Roles of judge and jury","low","2","0"
"TR-417","1","TR-417","31010101","Presentation of Evidence > General Provisions > Roles of judge and jury","low","2","0"
"TR-418","1","TR-418","31010101","Presentation of Evidence > General Provisions > Roles of judge and jury","low","2","0"
"TR-419","1","TR-419","31010101","Presentation of Evidence > General Provisions > Roles of judge and jury","low","2","0"
"TR-420","1","TR-420","31010101","Presentation of Evidence > General Provisions > Roles of judge and jury","low","2","0"
"TR-421","1","TR-421","31010101","Presentation of Evidence > General Provisions > Roles of judge and jury","low","2","0"
"TR-422","1","TR-422","31010101","Presentation of Evidence > General Provisions > Roles of judge and jury","low","2","0"
"TR-423","1","TR-423","31010101","Presentation of Evidence > General Provisions > Roles of judge and jury","low","2","0"
"TR-424","1","TR-424","31010101","Presentation of Evidence > General Provisions > Roles of judge and jury","low","2","0"
"TR-425","1","TR-425","31010101","Presentation of Evidence > General Provisions > Roles of judge and jury","low","2","0"
"TR-426","1","TR-426","31010101","Presentation of Evidence > General Provisions > Roles of judge and jury","low","2","0"
"TR-427","1","TR-427","31010101","Presentation of Evidence > General Provisions > Roles of judge and jury","low","2","0"
"TR-428","1","TR-428","31010101","Presentation of Evidence > General Provisions > Roles of judge and jury","low","2","0"
"TR-429","1","TR-429","31010101","Presentation of Evidence > General Provisions > Roles of judge and jury","low","2","0"
"TR-430","1","TR-430","31010101","Presentation of Evidence > General Provisions > Roles of judge and jury","low","2","0"
"TR-431","1","TR-431","31010101","Presentation of Evidence > General Provisions > Roles of judge and jury","low","2","0"
"TR-432","1","TR-432","31010101","Presentation of Evidence > General Provisions > Roles of judge and jury","low","2","0"
"TR-433","1","TR-433","31010101","Presentation of Evidence > General Provisions > Roles of judge and jury","low","2","0"
"TR-434","1","TR-434","31010101","Presentation of Evidence > General Provisions > Roles of judge and jury","low","2","0"
"TR-435","1","TR-435","31010101","Presentation of Evidence > General Provisions > Roles of judge and jury","low","2","0"
"TR-436","1","TR-436","31010101","Presentation of Evidence > General Provisions > Roles of judge and jury","low","2","0"
"TR-437","1","TR-437","31010101","Presentation of Evidence > General Provisions > Roles of judge and jury","low","2","0"
"TR-438","1","TR-438","31010101","Presentation of Evidence > General Provisions > Roles of judge and jury","low","2","0"
"TR-439","1","TR-439","31010101","Presentation of Evidence > General Provisions > Roles of judge and jury","low","2","0"
"TR-440","1","TR-440","31010101","Presentation of Evidence > General Provisions > Roles of judge and jury","low","2","0"
"TR-441","1","TR-441","31010101","Presentation of Evidence > General Provisions > Roles of judge and jury","low","2","0"
"TR-442","1","TR-442","31010101","Presentation of Evidence > General Provisions > Roles of judge and jury","low","2","0"
"TR-443","1","TR-443","31010101","Presentation of Evidence > General Provisions > Roles of judge and jury","low","2","0"
"TR-444","1","TR-444","31010101","Presentation of Evidence > General Provisions > Roles of judge and jury","low","2","0"
"TR-445","1","TR-445","31010101","Presentation of Evidence > General Provisions > Roles of judge and jury","low","2","0"
"TR-446","1","TR-446","31010101","Presentation of Evidence > General Provisions > Roles of judge and jury","low","2","0"
"TR-447","1","TR-447","31010101","Presentation of Evidence > General Provisions > Roles of judge and jury","low","2","0"
"TR-448","1","TR-448","31010101","Presentation of Evidence > General Provisions > Roles of judge and jury","low","2","0"
"TR-449","1","TR-449","31010101","Presentation of Evidence > General Provisions > Roles of judge and jury","low","2","0"
"TR-450","1","TR-450","31010101","Presentation of Evidence > General Provisions > Roles of judge and jury","low","2","0"
"TR-451","1","TR-451","31010101","Presentation of Evidence > General Provisions > Roles of judge and jury","low","2","0"
"TR-452","1","TR-452","31010101","Presentation of Evidence > General Provisions > Roles of judge and jury","low","2","0"
"TR-453","1","TR-453","31010101","Presentation of Evidence > General Provisions > Roles of judge and jury","low","2","0"
"TR-454","1","TR-454","31010101","Presentation of Evidence > General Provisions > Roles of judge and jury","low","2","0"
"TR-455","1","TR-455","31010101","Presentation of Evidence > General Provisions > Roles of judge and jury","low","2","0"
"TR-456","1","TR-456","31010101","Presentation of Evidence > General Provisions > Roles of judge and jury","low","2","0"
"TR-457","1","TR-457","31010101","Presentation of Evidence > General Provisions > Roles of judge and jury","low","2","0"
"TR-458","1","TR-458","31010101","Presentation of Evidence > General Provisions > Roles of judge and jury","low","2","0"
"TR-459","1","TR-459","31010101","Presentation of Evidence > General Provisions > Roles of judge and jury","low","2","0"
"TR-460","1","TR-460","31010101","Presentation of Evidence > General Provisions > Roles of judge and jury","low","2","0"
"TR-461","1","TR-461","31010101","Presentation of Evidence > General Provisions > Roles of judge and jury","low","2","0"
"TR-462","1","TR-462","31010101","Presentation of Evidence > General Provisions > Roles of judge and jury","low","2","0"
"TR-463","1","TR-463","31010101","Presentation of Evidence > General Provisions > Roles of judge and jury","low","2","0"
"TR-464","1","TR-464","31010101","Presentation of Evidence > General Provisions > Roles of judge and jury","low","2","0"
"TR-465","1","TR-465","31010101","Presentation of Evidence > General Provisions > Roles of judge and jury","low","2","0"
"TR-466","1","TR-466","31010101","Presentation of Evidence > General Provisions > Roles of judge and jury","low","2","0"
"TR-467","1","TR-467","31010101","Presentation of Evidence > General Provisions > Roles of judge and jury","low","2","0"
"TR-468","1","TR-468","31010101","Presentation of Evidence > General Provisions > Roles of judge and jury","low","2","0"
"TR-469","1","TR-469","31010101","Presentation of Evidence > General Provisions > Roles of judge and jury","low","2","0"
"TR-470","1","TR-470","31010101","Presentation of Evidence > General Provisions > Roles of judge and jury","low","2","0"
"TR-471","1","TR-471","31010101","Presentation of Evidence > General Provisions > Roles of judge and jury","low","2","0"
"TR-472","1","TR-472","31010101","Presentation of Evidence > General Provisions > Roles of judge and jury","low","2","0"
"TR-473","1","TR-473","31010101","Presentation of Evidence > General Provisions > Roles of judge and jury","low","2","0"
"TR-474","1","TR-474","31010101","Presentation of Evidence > General Provisions > Roles of judge and jury","low","2","0"
"TR-475","1","TR-475","31010101","Presentation of Evidence > General Provisions > Roles of judge and jury","low","2","0"
"TR-476","1","TR-476","31010101","Presentation of Evidence > General Provisions > Roles of judge and jury","low","2","0"
"TR-477","1","TR-477","31010101","Presentation of Evidence > General Provisions > Roles of judge and jury","low","2","0"
"TR-478","1","TR-478","31010101","Presentation of Evidence > General Provisions > Roles of judge and jury","low","2","0"
"TR-479","1","TR-479","31010101","Presentation of Evidence > General Provisions > Roles of judge and jury","low","2","0"
"TR-480","1","TR-480","31010101","Presentation of Evidence > General Provisions > Roles of judge and jury","low","2","0"
"TR-481","1","TR-481","31010101","Presentation of Evidence > General Provisions > Roles of judge and jury","low","2","0"
"TR-482","1","TR-482","31010101","Presentation of Evidence > General Provisions > Roles of judge and jury","low","2","0"
"TR-483","1","TR-483","31010101","Presentation of Evidence > General Provisions > Roles of judge and jury","low","2","0"
"TR-484","1","TR-484","31010101","Presentation of Evidence > General Provisions > Roles of judge and jury","low","2","0"
"TR-485","1","TR-485","31010101","Presentation of Evidence > General Provisions > Roles of judge and jury","low","2","0"
"TR-486","1","TR-486","31010101","Presentation of Evidence > General Provisions > Roles of judge and jury","low","2","0"
"TR-487","1","TR-487","31010101","Presentation of Evidence > General Provisions > Roles of judge and jury","low","2","0"
"TR-488","1","TR-488","31010101","Presentation of Evidence > General Provisions > Roles of judge and jury","low","2","0"
"TR-489","1","TR-489","31010101","Presentation of Evidence > General Provisions > Roles of judge and jury","low","2","0"
"TR-490","1","TR-490","31010101","Presentation of Evidence > General Provisions > Roles of judge and jury","low","2","0"
"TR-491","1","TR-491","31010101","Presentation of Evidence > General Provisions > Roles of judge and jury","low","2","0"
"TR-492","1","TR-492","31010101","Presentation of Evidence > General Provisions > Roles of judge and jury","low","2","0"
"TR-493","1","TR-493","31010101","Presentation of Evidence > General Provisions > Roles of judge and jury","low","2","0"
"TR-494","1","TR-494","31010101","Presentation of Evidence > General Provisions > Roles of judge and jury","low","2","0"
"TR-495","1","TR-495","31010101","Presentation of Evidence > General Provisions > Roles of judge and jury","low","2","0"
"TR-496","1","TR-496","31010101","Presentation of Evidence > General Provisions > Roles of judge and jury","low","2","0"
"TR-497","1","TR-497","31010101","Presentation of Evidence > General Provisions > Roles of judge and jury","low","2","0"
"TR-498","1","TR-498","31010101","Presentation of Evidence > General Provisions > Roles of judge and jury","low","2","0"
"TR-499","1","TR-499","31010101","Presentation of Evidence > General Provisions > Roles of judge and jury","low","2","0"
"TR-500","1","TR-500","31010101","Presentation of Evidence > General Provisions > Roles of judge and jury","low","2","0"
"barmatrix_evidence_privileges_8_mcq_batch_003","8","barmatrix evidence privileges 8 mcq","35030201","Privileges and Public Policy Exclusions > Particular Privileges > Spousal Privileges","review","18","0"
"barmatrix_evidence_privileges_8_mcq_batch_004","8","barmatrix evidence privileges 8 mcq","35030201","Privileges and Public Policy Exclusions > Particular Privileges > Spousal Privileges","review","18","0"
"barmatrix_evidence_privileges_8_mcq_batch_005","8","barmatrix evidence privileges 8 mcq","35030201","Privileges and Public Policy Exclusions > Particular Privileges > Spousal Privileges","review","18","0"
"barmatrix_evidence_privileges_8_mcq_batch_006","8","barmatrix evidence privileges 8 mcq","35030201","Privileges and Public Policy Exclusions > Particular Privileges > Spousal Privileges","review","18","0"
"barmatrix_evidence_privileges_8_mcq_qa_sampler","8","barmatrix evidence privileges 8 mcq qa sampler","35030201","Privileges and Public Policy Exclusions > Particular Privileges > Spousal Privileges","review","18","0"
"contracts_content_meaning_batch011_reformatted (1)_(1)","10","contracts content meaning batch011 reformatted (1) (1)","52040100","Gap-Fillers, Interpretation, and the Parol Evidence Rule > Gap-Fillers","review","17","0"
"contracts_content_meaning_batch012_(1)","10","contracts content meaning batch012 (1)","52040100","Gap-Fillers, Interpretation, and the Parol Evidence Rule > Gap-Fillers","review","17","0"
"contracts_content_meaning_batch013","10","contracts content meaning batch013","52040100","Gap-Fillers, Interpretation, and the Parol Evidence Rule > Gap-Fillers","review","17","0"
"contracts_content_meaning_batch015","10","contracts content meaning batch015","52040100","Gap-Fillers, Interpretation, and the Parol Evidence Rule > Gap-Fillers","review","17","0"
"contracts_content_meaning_batch016","10","contracts content meaning batch016","52040100","Gap-Fillers, Interpretation, and the Parol Evidence Rule > Gap-Fillers","review","17","0"
"contracts_content_meaning_batch017","10","contracts content meaning batch017","52040100","Gap-Fillers, Interpretation, and the Parol Evidence Rule > Gap-Fillers","review","17","0"
"contracts_content_meaning_batch018","10","contracts content meaning batch018","52040100","Gap-Fillers, Interpretation, and the Parol Evidence Rule > Gap-Fillers","review","17","0"
"contracts_content_meaning_batch019","10","contracts content meaning batch019","52040100","Gap-Fillers, Interpretation, and the Parol Evidence Rule > Gap-Fillers","review","17","0"
"contracts_content_meaning_questions_batch_001_CM_A_source_law_lock","15","contracts content meaning CM A source law lock","52040100","Gap-Fillers, Interpretation, and the Parol Evidence Rule > Gap-Fillers","review","17","0"
"contracts_content_meaning_questions_batch_003_CM_B_parol_evidence_core","15","contracts content meaning CM B parol evidence core","52040100","Gap-Fillers, Interpretation, and the Parol Evidence Rule > Gap-Fillers","review","34","0"
"contracts_content_meaning_questions_batch_004_CM_B_integration_discriminators","15","contracts content meaning CM B integration discriminators","52040100","Gap-Fillers, Interpretation, and the Parol Evidence Rule > Gap-Fillers","review","17","0"
"contracts_content_meaning_questions_batch_005_CM_B_term_routing_call_discipline","15","contracts content meaning CM B term routing call discipline","52040100","Gap-Fillers, Interpretation, and the Parol Evidence Rule > Gap-Fillers","review","17","0"
"contracts_content_meaning_questions_batch_006_CM_B_final_discrimination_set","1","contracts content meaning CM B final discrimination set","52040100","Gap-Fillers, Interpretation, and the Parol Evidence Rule > Gap-Fillers","review","17","0"
"contracts_content_meaning_questions_batch_007_CM_C_PER_exceptions_purposes","1","contracts content meaning CM C PER exceptions purposes","52040100","Gap-Fillers, Interpretation, and the Parol Evidence Rule > Gap-Fillers","review","17","0"
"contracts_formation_batch_002_source_law_gate_completion","12","contracts formation source law gate completion","55010101","Introductory Principles / Applicable Law > Sources of Law > Uniform Commercial Code (UCC)","review","16","0"
"contracts_formation_batch_003_types_of_agreements","18","contracts formation types of agreements","55010201","Introductory Principles / Applicable Law > Types of Agreements > Bilateral contract","review","23","0"
"contracts_formation_batch_004_types_of_agreements_completion","17","contracts formation types of agreements completion","55010201","Introductory Principles / Applicable Law > Types of Agreements > Bilateral contract","review","23","0"
"contracts_formation_batch_005_offer_valid_requirements","15","contracts formation offer valid requirements","55020101","Formation > Mutual Assent > Offer","review","19","3"
"contracts_pbd_questions_batch_001_VA1_conditions_covenants","20","contracts pbd VA1 conditions covenants","56050101","Performance, Breach, and Excuse > Conditions > Covenants","review","20","4"
"contracts_pbd_questions_batch_002_VA1_conditions_covenants","20","contracts pbd VA1 conditions covenants","56050101","Performance, Breach, and Excuse > Conditions > Covenants","review","20","4"
"contracts_pbd_questions_batch_003_VA1_conditions_covenants","20","contracts pbd VA1 conditions covenants","56050101","Performance, Breach, and Excuse > Conditions > Covenants","review","20","4"
"contracts_pbd_questions_batch_006_VA2_express_conditions","20","contracts pbd VA2 express conditions","56050101","Performance, Breach, and Excuse > Conditions > Covenants","review","16","0"
"contracts_remedies_questions_batch_002_node_a2_reliance_damages","10","contracts remedies reliance damages","51060102","Remedies > Damages > Reliance damages","review","23","4"
"contracts_remedies_questions_batch_003_node_a1_ucc_buyer_seller_remedies","18","contracts remedies ucc buyer seller remedies","51060101","Remedies > Damages > Expectation damages","review","16","0"
"contracts_remedies_questions_batch_005_node_a2_reliance_damages","18","contracts remedies reliance damages","51060102","Remedies > Damages > Reliance damages","review","23","4"
"contracts_remedies_questions_batch_006_node_a2_reliance_promissory_estoppel_limits","18","contracts remedies reliance promissory estoppel limits","51060102","Remedies > Damages > Reliance damages","review","20","1"
"contracts_tpr_questions_batch_001_VIIA_intended_vs_incidental","20","contracts tpr VIIA intended vs incidental","51060104","Remedies > Damages > Incidental damages","review","16","4"
"contracts_tpr_questions_batch_002_VIIA_vesting_modification","20","contracts tpr VIIA vesting modification","51060101","Remedies > Damages > Expectation damages","review","12","0"
"contracts_tpr_questions_batch_003_VIIA_promisor_defenses_scope","20","contracts tpr VIIA promisor defenses scope","54030100","Defenses to Formation or Enforcement > Lack of Capacity","review","15","0"
"presentation_questions_batch_002_A2_burdens","18","presentation A2 burdens","31010101","Presentation of Evidence > General Provisions > Roles of judge and jury","review","14","0"
"presentation_questions_batch_009_B1_judge_control","22","presentation B1 judge control","31010101","Presentation of Evidence > General Provisions > Roles of judge and jury","review","17","0"
"presentation_questions_batch_010_B2_common_objections","31","presentation B2 common objections","31010202","Presentation of Evidence > Objections and Motions to Strike > Common objections to questions","review","21","3"
"presentation_questions_batch_012_C1_types_of_evidence","50","presentation C1 types of evidence","31010300","Presentation of Evidence > Types of Evidence","review","20","2"
"presentation_questions_batch_015_D3_lay_opinion","14","presentation D3 lay opinion","31010403","Presentation of Evidence > Witnesses > Lay opinion testimony","review","19","2"
"presentation_questions_batch_016_D4_competency","12","presentation D4 competency","31010404","Presentation of Evidence > Witnesses > Competency","review","18","4"
"presentation_questions_batch_018_D6_truthfulness","14","presentation D6 truthfulness","31010406","Presentation of Evidence > Witnesses > Truthfulness","review","18","4"
"presentation_questions_batch_022_E3_bias","16","presentation E3 bias","31010503","Presentation of Evidence > Impeachment > Bias","review","16","2"
"presentation_questions_batch_024_E5_opinion_reputation","12","presentation E5 opinion reputation","31010505","Presentation of Evidence > Impeachment > Opinion or reputation","review","21","4"
"presentation_questions_batch_026_mixed_presentation_review","24","presentation mixed presentation review","31010101","Presentation of Evidence > General Provisions > Roles of judge and jury","review","14","0"
"privileges_policy_question_batch_001","40","privileges policy question","35030201","Privileges and Public Policy Exclusions > Particular Privileges > Spousal Privileges","review","17","0"
"privileges_policy_question_batch_002","40","privileges policy question","35030201","Privileges and Public Policy Exclusions > Particular Privileges > Spousal Privileges","review","17","0"
"privileges_policy_question_batch_003","40","privileges policy question","35030201","Privileges and Public Policy Exclusions > Particular Privileges > Spousal Privileges","review","17","0"
"real_property_ownership_questions_batch_001_estates_conveyancing","20","real property ownership estates conveyancing","82010103","Nature and Ownership of Land > Present Possessory Interests in Land > Life estates","review","21","0"
"real_property_ownership_questions_batch_002_grantor_future_interests","20","real property ownership grantor future interests","82010201","Nature and Ownership of Land > Future Interests > Contingent and vested remainders","review","25","0"
"real_property_ownership_questions_batch_003_executory_limitations","19","real property ownership executory limitations","82010203","Nature and Ownership of Land > Future Interests > Executory interests","review","22","4"
"real_property_ownership_questions_batch_004_estate_boundary_conveyancing","20","real property ownership estate boundary conveyancing","81020602","Non-Possessory Rights and Interests in Land > Fixtures > Ownership","review","18","0"
"real_property_rights_in_land_question_batch_001","20","real property rights in land question","81020101","Non-Possessory Rights and Interests in Land > Easements > Nature and Type","review","19","0"
"real_property_rights_in_land_question_batch_002","20","real property rights in land question","81020101","Non-Possessory Rights and Interests in Land > Easements > Nature and Type","review","19","0"
"real_property_rights_in_land_question_batch_003","20","real property rights in land question","81020101","Non-Possessory Rights and Interests in Land > Easements > Nature and Type","review","19","0"
"real_property_rights_in_land_question_batch_004","20","real property rights in land question","81020101","Non-Possessory Rights and Interests in Land > Easements > Nature and Type","review","19","0"
"real_property_rights_in_land_question_batch_005","20","real property rights in land question","81020101","Non-Possessory Rights and Interests in Land > Easements > Nature and Type","review","19","0"
"real_property_rights_in_land_question_batch_006","20","real property rights in land question","81020101","Non-Possessory Rights and Interests in Land > Easements > Nature and Type","review","19","0"
"real_property_rights_in_land_question_batch_007","20","real property rights in land question","81020101","Non-Possessory Rights and Interests in Land > Easements > Nature and Type","review","19","0"
"real_property_rights_in_land_question_batch_008","20","real property rights in land question","81020101","Non-Possessory Rights and Interests in Land > Easements > Nature and Type","review","19","0"
"real_property_rights_in_land_question_batch_009","20","real property rights in land question","81020101","Non-Possessory Rights and Interests in Land > Easements > Nature and Type","review","19","0"
"real_property_titles_questions_batch_002_B1_grantee_identity","20","real property titles B1 grantee identity","84040101","Titles, Deeds, and Conveyancing > Adverse Possession > Requirements","review","17","0"
"real_property_titles_questions_batch_003_B1_minimal_deed_formalities","20","real property titles B1 minimal deed formalities","84040201","Titles, Deeds, and Conveyancing > Conveyance by Deed > Requirements for valid deed","review","19","0"
"real_property_titles_questions_batch_004_B2_sof_authority","20","real property titles B2 sof authority","84040101","Titles, Deeds, and Conveyancing > Adverse Possession > Requirements","review","17","0"
"real_property_titles_questions_batch_005_B2_consideration_recitals_B4_deed_types","20","real property titles B2 consideration recitals B4 deed types","84040204","Titles, Deeds, and Conveyancing > Conveyance by Deed > Types of deeds","review","22","2"
"real_property_titles_questions_batch_007_B4_deed_types_finish_B3_delivery_present_intent","20","real property titles B4 deed types finish B3 delivery present intent","84040203","Titles, Deeds, and Conveyancing > Conveyance by Deed > Delivery and acceptance","review","23","1"
"real_property_titles_questions_batch_008_B3_delivery_present_intent_conditions","20","real property titles B3 delivery present intent conditions","84040203","Titles, Deeds, and Conveyancing > Conveyance by Deed > Delivery and acceptance","review","21","4"
"relevance_questions_batch_029_IIB_laying_foundation","25","relevance IIB laying foundation","32020200","Relevance > Laying a Foundation","review","12","6"