adjustment_id,fileName,originalQid,issue,detail,updatedFile,status,evidence
1,CQ14141.md,14141,missing_frontmatter,No leading YAML frontmatter block found,C:\FOC\Workspace\Finished\CQ14141_updated.md,PASS,leading YAML frontmatter present
2,CQ14141.md,14141,missing_pass1_sections,Only 10 numbered sections found,C:\FOC\Workspace\Finished\CQ14141_updated.md,PASS,numbered Pass-1 section count = 16
3,CQ14141.md,14141,missing_question_yaml,No Question YAML heading found,C:\FOC\Workspace\Finished\CQ14141_updated.md,PASS,Question YAML heading with fenced yaml block present
4,CQ14141.md,14141,missing_case_study,No 17-section case-study heading found,C:\FOC\Workspace\Finished\CQ14141_updated.md,PASS,case-study numbered item count = 17
5,CQ14141.md,14141,missing_c3_annotation,No c3_annotation block found,C:\FOC\Workspace\Finished\CQ14141_updated.md,PASS,json parsed as dict
6,CQ14141.md,14141,missing_program_elements,No program_elements block found,C:\FOC\Workspace\Finished\CQ14141_updated.md,PASS,json parsed as dict
7,CQ14141.md,14141,missing_program_intelligence,No program_intelligence block found,C:\FOC\Workspace\Finished\CQ14141_updated.md,PASS,json parsed as dict
8,CQ14215.md,14215,missing_frontmatter,No leading YAML frontmatter block found,C:\FOC\Workspace\Finished\CQ14215_updated.md,PASS,leading YAML frontmatter present
9,CQ14215.md,14215,missing_pass1_sections,Only 12 numbered sections found,C:\FOC\Workspace\Finished\CQ14215_updated.md,PASS,numbered Pass-1 section count = 17
10,CQ14215.md,14215,missing_c3_annotation,No c3_annotation block found,C:\FOC\Workspace\Finished\CQ14215_updated.md,PASS,json parsed as dict
11,CQ14215.md,14215,missing_program_elements,No program_elements block found,C:\FOC\Workspace\Finished\CQ14215_updated.md,PASS,json parsed as dict
12,CQ14215.md,14215,missing_program_intelligence,No program_intelligence block found,C:\FOC\Workspace\Finished\CQ14215_updated.md,PASS,json parsed as dict
13,CQ14228.md,14228,missing_frontmatter,No leading YAML frontmatter block found,C:\FOC\Workspace\Finished\CQ14228_updated.md,PASS,leading YAML frontmatter present
14,CQ14228.md,14228,missing_question_yaml,No Question YAML heading found,C:\FOC\Workspace\Finished\CQ14228_updated.md,PASS,Question YAML heading with fenced yaml block present
15,CQ14228.md,14228,missing_case_study,No 17-section case-study heading found,C:\FOC\Workspace\Finished\CQ14228_updated.md,PASS,case-study numbered item count = 17
16,CQ14228.md,14228,missing_c3_annotation,No c3_annotation block found,C:\FOC\Workspace\Finished\CQ14228_updated.md,PASS,json parsed as dict
17,CQ14228.md,14228,missing_program_elements,No program_elements block found,C:\FOC\Workspace\Finished\CQ14228_updated.md,PASS,json parsed as dict
18,CQ14228.md,14228,missing_program_intelligence,No program_intelligence block found,C:\FOC\Workspace\Finished\CQ14228_updated.md,PASS,json parsed as dict
19,CQ14238.md,14238,missing_frontmatter,No leading YAML frontmatter block found,C:\FOC\Workspace\Finished\CQ14238_updated.md,PASS,leading YAML frontmatter present
20,CQ14238.md,14238,missing_question_yaml,No Question YAML heading found,C:\FOC\Workspace\Finished\CQ14238_updated.md,PASS,Question YAML heading with fenced yaml block present
21,CQ14238.md,14238,missing_case_study,No 17-section case-study heading found,C:\FOC\Workspace\Finished\CQ14238_updated.md,PASS,case-study numbered item count = 17
22,CQ14238.md,14238,missing_c3_annotation,No c3_annotation block found,C:\FOC\Workspace\Finished\CQ14238_updated.md,PASS,json parsed as dict
23,CQ14238.md,14238,missing_program_elements,No program_elements block found,C:\FOC\Workspace\Finished\CQ14238_updated.md,PASS,json parsed as dict
24,CQ14238.md,14238,missing_program_intelligence,No program_intelligence block found,C:\FOC\Workspace\Finished\CQ14238_updated.md,PASS,json parsed as dict
25,CQ14411.md,14411,missing_pass1_sections,Only 12 numbered sections found,C:\FOC\Workspace\Finished\CQ14411_updated.md,PASS,numbered Pass-1 section count = 19
26,CQ14507.md,14507,missing_pass1_sections,Only 12 numbered sections found,C:\FOC\Workspace\Finished\CQ14507_updated.md,PASS,numbered Pass-1 section count = 19
27,CQ14554.md,14554,missing_pass1_sections,Only 11 numbered sections found,C:\FOC\Workspace\Finished\CQ14554_updated.md,PASS,numbered Pass-1 section count = 19
28,CQ14554.md,14554,missing_case_study,No 17-section case-study heading found,C:\FOC\Workspace\Finished\CQ14554_updated.md,PASS,case-study numbered item count = 17
29,CQ14555.md,14555,missing_frontmatter,No leading YAML frontmatter block found,C:\FOC\Workspace\Finished\CQ14555_updated.md,PASS,leading YAML frontmatter present
30,CQ14555.md,14555,missing_pass1_sections,Only 12 numbered sections found,C:\FOC\Workspace\Finished\CQ14555_updated.md,PASS,numbered Pass-1 section count = 16
31,CQ14555.md,14555,missing_case_study,No 17-section case-study heading found,C:\FOC\Workspace\Finished\CQ14555_updated.md,PASS,case-study numbered item count = 17
32,CQ14555.md,14555,missing_c3_annotation,No c3_annotation block found,C:\FOC\Workspace\Finished\CQ14555_updated.md,PASS,json parsed as dict
33,CQ14555.md,14555,missing_program_elements,No program_elements block found,C:\FOC\Workspace\Finished\CQ14555_updated.md,PASS,json parsed as dict
34,CQ14555.md,14555,missing_program_intelligence,No program_intelligence block found,C:\FOC\Workspace\Finished\CQ14555_updated.md,PASS,json parsed as dict
35,CQ14557.md,14557,missing_frontmatter,No leading YAML frontmatter block found,C:\FOC\Workspace\Finished\CQ14557_updated.md,PASS,leading YAML frontmatter present
36,CQ14557.md,14557,missing_pass1_sections,Only 7 numbered sections found,C:\FOC\Workspace\Finished\CQ14557_updated.md,PASS,numbered Pass-1 section count = 14
37,CQ14557.md,14557,missing_question_yaml,No Question YAML heading found,C:\FOC\Workspace\Finished\CQ14557_updated.md,PASS,Question YAML heading with fenced yaml block present
38,CQ14557.md,14557,missing_case_study,No 17-section case-study heading found,C:\FOC\Workspace\Finished\CQ14557_updated.md,PASS,case-study numbered item count = 17
39,CQ14557.md,14557,missing_c3_annotation,No c3_annotation block found,C:\FOC\Workspace\Finished\CQ14557_updated.md,PASS,json parsed as dict
40,CQ14557.md,14557,missing_program_elements,No program_elements block found,C:\FOC\Workspace\Finished\CQ14557_updated.md,PASS,json parsed as dict
41,CQ14557.md,14557,missing_program_intelligence,No program_intelligence block found,C:\FOC\Workspace\Finished\CQ14557_updated.md,PASS,json parsed as dict
42,CQ14578.md,14578,missing_pass1_sections,Only 2 numbered sections found,C:\FOC\Workspace\Finished\CQ14578_updated.md,PASS,numbered Pass-1 section count = 14
43,CQ14578.md,14578,missing_c3_annotation,No c3_annotation block found,C:\FOC\Workspace\Finished\CQ14578_updated.md,PASS,json parsed as dict
44,CQ14578.md,14578,missing_program_elements,No program_elements block found,C:\FOC\Workspace\Finished\CQ14578_updated.md,PASS,json parsed as dict
45,CQ14578.md,14578,missing_program_intelligence,No program_intelligence block found,C:\FOC\Workspace\Finished\CQ14578_updated.md,PASS,json parsed as dict
46,CQ14587.md,14587,missing_pass1_sections,Only 10 numbered sections found,C:\FOC\Workspace\Finished\CQ14587_updated.md,PASS,numbered Pass-1 section count = 14
47,CQ14595.md,14595,missing_pass1_sections,Only 12 numbered sections found,C:\FOC\Workspace\Finished\CQ14595_updated.md,PASS,numbered Pass-1 section count = 14
48,CQ14610.md,14610,missing_frontmatter,No leading YAML frontmatter block found,C:\FOC\Workspace\Finished\CQ14610_updated.md,PASS,leading YAML frontmatter present
49,CQ14610.md,14610,missing_pass1_sections,Only 12 numbered sections found,C:\FOC\Workspace\Finished\CQ14610_updated.md,PASS,numbered Pass-1 section count = 16
50,CQ14610.md,14610,missing_c3_annotation,No c3_annotation block found,C:\FOC\Workspace\Finished\CQ14610_updated.md,PASS,json parsed as dict
51,CQ14610.md,14610,missing_program_elements,No program_elements block found,C:\FOC\Workspace\Finished\CQ14610_updated.md,PASS,json parsed as dict
52,CQ14610.md,14610,missing_program_intelligence,No program_intelligence block found,C:\FOC\Workspace\Finished\CQ14610_updated.md,PASS,json parsed as dict
53,CQ14616.md,14616,missing_frontmatter,No leading YAML frontmatter block found,C:\FOC\Workspace\Finished\CQ14616_updated.md,PASS,leading YAML frontmatter present
54,CQ14616.md,14616,missing_question_yaml,No Question YAML heading found,C:\FOC\Workspace\Finished\CQ14616_updated.md,PASS,Question YAML heading with fenced yaml block present
55,CQ14616.md,14616,missing_case_study,No 17-section case-study heading found,C:\FOC\Workspace\Finished\CQ14616_updated.md,PASS,case-study numbered item count = 17
56,CQ14616.md,14616,missing_c3_annotation,No c3_annotation block found,C:\FOC\Workspace\Finished\CQ14616_updated.md,PASS,json parsed as dict
57,CQ14616.md,14616,missing_program_elements,No program_elements block found,C:\FOC\Workspace\Finished\CQ14616_updated.md,PASS,json parsed as dict
58,CQ14616.md,14616,missing_program_intelligence,No program_intelligence block found,C:\FOC\Workspace\Finished\CQ14616_updated.md,PASS,json parsed as dict
59,CQ14618.md,14618,missing_frontmatter,No leading YAML frontmatter block found,C:\FOC\Workspace\Finished\CQ14618_updated.md,PASS,leading YAML frontmatter present
60,CQ14618.md,14618,missing_pass1_sections,Only 2 numbered sections found,C:\FOC\Workspace\Finished\CQ14618_updated.md,PASS,numbered Pass-1 section count = 14
61,CQ14618.md,14618,missing_question_yaml,No Question YAML heading found,C:\FOC\Workspace\Finished\CQ14618_updated.md,PASS,Question YAML heading with fenced yaml block present
62,CQ14618.md,14618,missing_case_study,No 17-section case-study heading found,C:\FOC\Workspace\Finished\CQ14618_updated.md,PASS,case-study numbered item count = 17
63,CQ14618.md,14618,missing_c3_annotation,No c3_annotation block found,C:\FOC\Workspace\Finished\CQ14618_updated.md,PASS,json parsed as dict
64,CQ14618.md,14618,missing_program_elements,No program_elements block found,C:\FOC\Workspace\Finished\CQ14618_updated.md,PASS,json parsed as dict
65,CQ14618.md,14618,missing_program_intelligence,No program_intelligence block found,C:\FOC\Workspace\Finished\CQ14618_updated.md,PASS,json parsed as dict
66,CQ14619.md,14619,missing_frontmatter,No leading YAML frontmatter block found,C:\FOC\Workspace\Finished\CQ14619_updated.md,PASS,leading YAML frontmatter present
67,CQ14619.md,14619,missing_pass1_sections,Only 12 numbered sections found,C:\FOC\Workspace\Finished\CQ14619_updated.md,PASS,numbered Pass-1 section count = 17
68,CQ14619.md,14619,missing_c3_annotation,No c3_annotation block found,C:\FOC\Workspace\Finished\CQ14619_updated.md,PASS,json parsed as dict
69,CQ14619.md,14619,missing_program_elements,No program_elements block found,C:\FOC\Workspace\Finished\CQ14619_updated.md,PASS,json parsed as dict
70,CQ14619.md,14619,missing_program_intelligence,No program_intelligence block found,C:\FOC\Workspace\Finished\CQ14619_updated.md,PASS,json parsed as dict
71,CQ14620.md,14620,missing_frontmatter,No leading YAML frontmatter block found,C:\FOC\Workspace\Finished\CQ14620_updated.md,PASS,leading YAML frontmatter present
72,CQ14620.md,14620,missing_pass1_sections,Only 12 numbered sections found,C:\FOC\Workspace\Finished\CQ14620_updated.md,PASS,numbered Pass-1 section count = 16
73,CQ14620.md,14620,missing_c3_annotation,No c3_annotation block found,C:\FOC\Workspace\Finished\CQ14620_updated.md,PASS,json parsed as dict
74,CQ14620.md,14620,missing_program_elements,No program_elements block found,C:\FOC\Workspace\Finished\CQ14620_updated.md,PASS,json parsed as dict
75,CQ14620.md,14620,missing_program_intelligence,No program_intelligence block found,C:\FOC\Workspace\Finished\CQ14620_updated.md,PASS,json parsed as dict
76,CQ14621.md,14621,missing_frontmatter,No leading YAML frontmatter block found,C:\FOC\Workspace\Finished\CQ14621_updated.md,PASS,leading YAML frontmatter present
77,CQ14621.md,14621,missing_pass1_sections,Only 0 numbered sections found,C:\FOC\Workspace\Finished\CQ14621_updated.md,PASS,numbered Pass-1 section count = 14
78,CQ14621.md,14621,missing_question_yaml,No Question YAML heading found,C:\FOC\Workspace\Finished\CQ14621_updated.md,PASS,Question YAML heading with fenced yaml block present
79,CQ14621.md,14621,missing_case_study,No 17-section case-study heading found,C:\FOC\Workspace\Finished\CQ14621_updated.md,PASS,case-study numbered item count = 17
80,CQ14621.md,14621,missing_c3_annotation,No c3_annotation block found,C:\FOC\Workspace\Finished\CQ14621_updated.md,PASS,json parsed as dict
81,CQ14621.md,14621,missing_program_elements,No program_elements block found,C:\FOC\Workspace\Finished\CQ14621_updated.md,PASS,json parsed as dict
82,CQ14621.md,14621,missing_program_intelligence,No program_intelligence block found,C:\FOC\Workspace\Finished\CQ14621_updated.md,PASS,json parsed as dict
83,CQ14625.md,14625,missing_frontmatter,No leading YAML frontmatter block found,C:\FOC\Workspace\Finished\CQ14625_updated.md,PASS,leading YAML frontmatter present
84,CQ14625.md,14625,missing_question_yaml,No Question YAML heading found,C:\FOC\Workspace\Finished\CQ14625_updated.md,PASS,Question YAML heading with fenced yaml block present
85,CQ14625.md,14625,missing_case_study,No 17-section case-study heading found,C:\FOC\Workspace\Finished\CQ14625_updated.md,PASS,case-study numbered item count = 17
86,CQ14625.md,14625,missing_c3_annotation,No c3_annotation block found,C:\FOC\Workspace\Finished\CQ14625_updated.md,PASS,json parsed as dict
87,CQ14625.md,14625,missing_program_elements,No program_elements block found,C:\FOC\Workspace\Finished\CQ14625_updated.md,PASS,json parsed as dict
88,CQ14625.md,14625,missing_program_intelligence,No program_intelligence block found,C:\FOC\Workspace\Finished\CQ14625_updated.md,PASS,json parsed as dict
89,CQ14626.md,14626,missing_frontmatter,No leading YAML frontmatter block found,C:\FOC\Workspace\Finished\CQ14626_updated.md,PASS,leading YAML frontmatter present
90,CQ14626.md,14626,missing_pass1_sections,Only 12 numbered sections found,C:\FOC\Workspace\Finished\CQ14626_updated.md,PASS,numbered Pass-1 section count = 16
91,CQ14626.md,14626,missing_c3_annotation,No c3_annotation block found,C:\FOC\Workspace\Finished\CQ14626_updated.md,PASS,json parsed as dict
92,CQ14626.md,14626,missing_program_elements,No program_elements block found,C:\FOC\Workspace\Finished\CQ14626_updated.md,PASS,json parsed as dict
93,CQ14626.md,14626,missing_program_intelligence,No program_intelligence block found,C:\FOC\Workspace\Finished\CQ14626_updated.md,PASS,json parsed as dict
94,CQ14627.md,14627,missing_frontmatter,No leading YAML frontmatter block found,C:\FOC\Workspace\Finished\CQ14627_updated.md,PASS,leading YAML frontmatter present
95,CQ14627.md,14627,missing_question_yaml,No Question YAML heading found,C:\FOC\Workspace\Finished\CQ14627_updated.md,PASS,Question YAML heading with fenced yaml block present
96,CQ14627.md,14627,missing_case_study,No 17-section case-study heading found,C:\FOC\Workspace\Finished\CQ14627_updated.md,PASS,case-study numbered item count = 17
97,CQ14627.md,14627,missing_c3_annotation,No c3_annotation block found,C:\FOC\Workspace\Finished\CQ14627_updated.md,PASS,json parsed as dict
98,CQ14627.md,14627,missing_program_elements,No program_elements block found,C:\FOC\Workspace\Finished\CQ14627_updated.md,PASS,json parsed as dict
99,CQ14627.md,14627,missing_program_intelligence,No program_intelligence block found,C:\FOC\Workspace\Finished\CQ14627_updated.md,PASS,json parsed as dict
100,CQ14629.md,14629,missing_frontmatter,No leading YAML frontmatter block found,C:\FOC\Workspace\Finished\CQ14629_updated.md,PASS,leading YAML frontmatter present
101,CQ14629.md,14629,missing_pass1_sections,Only 12 numbered sections found,C:\FOC\Workspace\Finished\CQ14629_updated.md,PASS,numbered Pass-1 section count = 17
102,CQ14629.md,14629,missing_case_study,No 17-section case-study heading found,C:\FOC\Workspace\Finished\CQ14629_updated.md,PASS,case-study numbered item count = 17
103,CQ14629.md,14629,missing_c3_annotation,No c3_annotation block found,C:\FOC\Workspace\Finished\CQ14629_updated.md,PASS,json parsed as dict
104,CQ14629.md,14629,missing_program_elements,No program_elements block found,C:\FOC\Workspace\Finished\CQ14629_updated.md,PASS,json parsed as dict
105,CQ14629.md,14629,missing_program_intelligence,No program_intelligence block found,C:\FOC\Workspace\Finished\CQ14629_updated.md,PASS,json parsed as dict
106,CQ14630.md,14630,missing_frontmatter,No leading YAML frontmatter block found,C:\FOC\Workspace\Finished\CQ14630_updated.md,PASS,leading YAML frontmatter present
107,CQ14630.md,14630,missing_pass1_sections,Only 12 numbered sections found,C:\FOC\Workspace\Finished\CQ14630_updated.md,PASS,numbered Pass-1 section count = 17
108,CQ14630.md,14630,missing_question_yaml,No Question YAML heading found,C:\FOC\Workspace\Finished\CQ14630_updated.md,PASS,Question YAML heading with fenced yaml block present
109,CQ14630.md,14630,missing_case_study,No 17-section case-study heading found,C:\FOC\Workspace\Finished\CQ14630_updated.md,PASS,case-study numbered item count = 17
110,CQ14630.md,14630,missing_c3_annotation,No c3_annotation block found,C:\FOC\Workspace\Finished\CQ14630_updated.md,PASS,json parsed as dict
111,CQ14630.md,14630,missing_program_elements,No program_elements block found,C:\FOC\Workspace\Finished\CQ14630_updated.md,PASS,json parsed as dict
112,CQ14630.md,14630,missing_program_intelligence,No program_intelligence block found,C:\FOC\Workspace\Finished\CQ14630_updated.md,PASS,json parsed as dict
113,CQ14631.md,14631,missing_frontmatter,No leading YAML frontmatter block found,C:\FOC\Workspace\Finished\CQ14631_updated.md,PASS,leading YAML frontmatter present
114,CQ14631.md,14631,missing_pass1_sections,Only 12 numbered sections found,C:\FOC\Workspace\Finished\CQ14631_updated.md,PASS,numbered Pass-1 section count = 16
115,CQ14631.md,14631,missing_c3_annotation,No c3_annotation block found,C:\FOC\Workspace\Finished\CQ14631_updated.md,PASS,json parsed as dict
116,CQ14631.md,14631,missing_program_elements,No program_elements block found,C:\FOC\Workspace\Finished\CQ14631_updated.md,PASS,json parsed as dict
117,CQ14631.md,14631,missing_program_intelligence,No program_intelligence block found,C:\FOC\Workspace\Finished\CQ14631_updated.md,PASS,json parsed as dict
118,CQ14633.md,14633,missing_frontmatter,No leading YAML frontmatter block found,C:\FOC\Workspace\Finished\CQ14633_updated.md,PASS,leading YAML frontmatter present
119,CQ14633.md,14633,missing_pass1_sections,Only 12 numbered sections found,C:\FOC\Workspace\Finished\CQ14633_updated.md,PASS,numbered Pass-1 section count = 17
120,CQ14633.md,14633,missing_case_study,No 17-section case-study heading found,C:\FOC\Workspace\Finished\CQ14633_updated.md,PASS,case-study numbered item count = 17
121,CQ14633.md,14633,missing_c3_annotation,No c3_annotation block found,C:\FOC\Workspace\Finished\CQ14633_updated.md,PASS,json parsed as dict
122,CQ14633.md,14633,missing_program_elements,No program_elements block found,C:\FOC\Workspace\Finished\CQ14633_updated.md,PASS,json parsed as dict
123,CQ14633.md,14633,missing_program_intelligence,No program_intelligence block found,C:\FOC\Workspace\Finished\CQ14633_updated.md,PASS,json parsed as dict
124,CQ14634.md,14634,missing_frontmatter,No leading YAML frontmatter block found,C:\FOC\Workspace\Finished\CQ14634_updated.md,PASS,leading YAML frontmatter present
125,CQ14634.md,14634,missing_pass1_sections,Only 12 numbered sections found,C:\FOC\Workspace\Finished\CQ14634_updated.md,PASS,numbered Pass-1 section count = 17
126,CQ14635.md,14635,missing_frontmatter,No leading YAML frontmatter block found,C:\FOC\Workspace\Finished\CQ14635_updated.md,PASS,leading YAML frontmatter present
127,CQ14635.md,14635,missing_question_yaml,No Question YAML heading found,C:\FOC\Workspace\Finished\CQ14635_updated.md,PASS,Question YAML heading with fenced yaml block present
128,CQ14635.md,14635,missing_case_study,No 17-section case-study heading found,C:\FOC\Workspace\Finished\CQ14635_updated.md,PASS,case-study numbered item count = 17
129,CQ14635.md,14635,missing_c3_annotation,No c3_annotation block found,C:\FOC\Workspace\Finished\CQ14635_updated.md,PASS,json parsed as dict
130,CQ14635.md,14635,missing_program_elements,No program_elements block found,C:\FOC\Workspace\Finished\CQ14635_updated.md,PASS,json parsed as dict
131,CQ14635.md,14635,missing_program_intelligence,No program_intelligence block found,C:\FOC\Workspace\Finished\CQ14635_updated.md,PASS,json parsed as dict
132,CQ14636.md,14636,missing_frontmatter,No leading YAML frontmatter block found,C:\FOC\Workspace\Finished\CQ14636_updated.md,PASS,leading YAML frontmatter present
133,CQ14636.md,14636,missing_question_yaml,No Question YAML heading found,C:\FOC\Workspace\Finished\CQ14636_updated.md,PASS,Question YAML heading with fenced yaml block present
134,CQ14636.md,14636,missing_case_study,No 17-section case-study heading found,C:\FOC\Workspace\Finished\CQ14636_updated.md,PASS,case-study numbered item count = 17
135,CQ14636.md,14636,missing_c3_annotation,No c3_annotation block found,C:\FOC\Workspace\Finished\CQ14636_updated.md,PASS,json parsed as dict
136,CQ14636.md,14636,missing_program_elements,No program_elements block found,C:\FOC\Workspace\Finished\CQ14636_updated.md,PASS,json parsed as dict
137,CQ14636.md,14636,missing_program_intelligence,No program_intelligence block found,C:\FOC\Workspace\Finished\CQ14636_updated.md,PASS,json parsed as dict
138,CQ14637.md,14637,missing_frontmatter,No leading YAML frontmatter block found,C:\FOC\Workspace\Finished\CQ14637_updated.md,PASS,leading YAML frontmatter present
139,CQ14637.md,14637,missing_pass1_sections,Only 12 numbered sections found,C:\FOC\Workspace\Finished\CQ14637_updated.md,PASS,numbered Pass-1 section count = 17
140,CQ14637.md,14637,missing_case_study,No 17-section case-study heading found,C:\FOC\Workspace\Finished\CQ14637_updated.md,PASS,case-study numbered item count = 17
141,CQ14637.md,14637,missing_c3_annotation,No c3_annotation block found,C:\FOC\Workspace\Finished\CQ14637_updated.md,PASS,json parsed as dict
142,CQ14637.md,14637,missing_program_elements,No program_elements block found,C:\FOC\Workspace\Finished\CQ14637_updated.md,PASS,json parsed as dict
143,CQ14637.md,14637,missing_program_intelligence,No program_intelligence block found,C:\FOC\Workspace\Finished\CQ14637_updated.md,PASS,json parsed as dict
144,CQ14638.md,14638,missing_frontmatter,No leading YAML frontmatter block found,C:\FOC\Workspace\Finished\CQ14638_updated.md,PASS,leading YAML frontmatter present
145,CQ14638.md,14638,missing_pass1_sections,Only 12 numbered sections found,C:\FOC\Workspace\Finished\CQ14638_updated.md,PASS,numbered Pass-1 section count = 17
146,CQ14638.md,14638,missing_question_yaml,No Question YAML heading found,C:\FOC\Workspace\Finished\CQ14638_updated.md,PASS,Question YAML heading with fenced yaml block present
147,CQ14638.md,14638,missing_case_study,No 17-section case-study heading found,C:\FOC\Workspace\Finished\CQ14638_updated.md,PASS,case-study numbered item count = 17
148,CQ14638.md,14638,missing_c3_annotation,No c3_annotation block found,C:\FOC\Workspace\Finished\CQ14638_updated.md,PASS,json parsed as dict
149,CQ14638.md,14638,missing_program_elements,No program_elements block found,C:\FOC\Workspace\Finished\CQ14638_updated.md,PASS,json parsed as dict
150,CQ14638.md,14638,missing_program_intelligence,No program_intelligence block found,C:\FOC\Workspace\Finished\CQ14638_updated.md,PASS,json parsed as dict
151,CQ14639.md,14639,missing_frontmatter,No leading YAML frontmatter block found,C:\FOC\Workspace\Finished\CQ14639_updated.md,PASS,leading YAML frontmatter present
152,CQ14639.md,14639,missing_pass1_sections,Only 12 numbered sections found,C:\FOC\Workspace\Finished\CQ14639_updated.md,PASS,numbered Pass-1 section count = 17
153,CQ14639.md,14639,missing_case_study,No 17-section case-study heading found,C:\FOC\Workspace\Finished\CQ14639_updated.md,PASS,case-study numbered item count = 17
154,CQ14639.md,14639,missing_c3_annotation,No c3_annotation block found,C:\FOC\Workspace\Finished\CQ14639_updated.md,PASS,json parsed as dict
155,CQ14639.md,14639,missing_program_elements,No program_elements block found,C:\FOC\Workspace\Finished\CQ14639_updated.md,PASS,json parsed as dict
156,CQ14639.md,14639,missing_program_intelligence,No program_intelligence block found,C:\FOC\Workspace\Finished\CQ14639_updated.md,PASS,json parsed as dict
157,CQ14640.md,14640,missing_frontmatter,No leading YAML frontmatter block found,C:\FOC\Workspace\Finished\CQ14640_updated.md,PASS,leading YAML frontmatter present
158,CQ14640.md,14640,missing_question_yaml,No Question YAML heading found,C:\FOC\Workspace\Finished\CQ14640_updated.md,PASS,Question YAML heading with fenced yaml block present
159,CQ14640.md,14640,missing_case_study,No 17-section case-study heading found,C:\FOC\Workspace\Finished\CQ14640_updated.md,PASS,case-study numbered item count = 17
160,CQ14640.md,14640,missing_c3_annotation,No c3_annotation block found,C:\FOC\Workspace\Finished\CQ14640_updated.md,PASS,json parsed as dict
161,CQ14640.md,14640,missing_program_elements,No program_elements block found,C:\FOC\Workspace\Finished\CQ14640_updated.md,PASS,json parsed as dict
162,CQ14640.md,14640,missing_program_intelligence,No program_intelligence block found,C:\FOC\Workspace\Finished\CQ14640_updated.md,PASS,json parsed as dict
163,CQ14641.md,14641,missing_frontmatter,No leading YAML frontmatter block found,C:\FOC\Workspace\Finished\CQ14641_updated.md,PASS,leading YAML frontmatter present
164,CQ14641.md,14641,missing_pass1_sections,Only 12 numbered sections found,C:\FOC\Workspace\Finished\CQ14641_updated.md,PASS,numbered Pass-1 section count = 17
165,CQ14641.md,14641,missing_question_yaml,No Question YAML heading found,C:\FOC\Workspace\Finished\CQ14641_updated.md,PASS,Question YAML heading with fenced yaml block present
166,CQ14641.md,14641,missing_case_study,No 17-section case-study heading found,C:\FOC\Workspace\Finished\CQ14641_updated.md,PASS,case-study numbered item count = 17
167,CQ14641.md,14641,missing_c3_annotation,No c3_annotation block found,C:\FOC\Workspace\Finished\CQ14641_updated.md,PASS,json parsed as dict
168,CQ14641.md,14641,missing_program_elements,No program_elements block found,C:\FOC\Workspace\Finished\CQ14641_updated.md,PASS,json parsed as dict
169,CQ14641.md,14641,missing_program_intelligence,No program_intelligence block found,C:\FOC\Workspace\Finished\CQ14641_updated.md,PASS,json parsed as dict
170,CQ14643.md,14643,missing_frontmatter,No leading YAML frontmatter block found,C:\FOC\Workspace\Finished\CQ14643_updated.md,PASS,leading YAML frontmatter present
171,CQ14643.md,14643,missing_pass1_sections,Only 12 numbered sections found,C:\FOC\Workspace\Finished\CQ14643_updated.md,PASS,numbered Pass-1 section count = 17
172,CQ14643.md,14643,missing_c3_annotation,No c3_annotation block found,C:\FOC\Workspace\Finished\CQ14643_updated.md,PASS,json parsed as dict
173,CQ14643.md,14643,missing_program_elements,No program_elements block found,C:\FOC\Workspace\Finished\CQ14643_updated.md,PASS,json parsed as dict
174,CQ14643.md,14643,missing_program_intelligence,No program_intelligence block found,C:\FOC\Workspace\Finished\CQ14643_updated.md,PASS,json parsed as dict
175,CQ14644.md,14644,missing_frontmatter,No leading YAML frontmatter block found,C:\FOC\Workspace\Finished\CQ14644_updated.md,PASS,leading YAML frontmatter present
176,CQ14644.md,14644,missing_pass1_sections,Only 12 numbered sections found,C:\FOC\Workspace\Finished\CQ14644_updated.md,PASS,numbered Pass-1 section count = 16
177,CQ14644.md,14644,missing_c3_annotation,No c3_annotation block found,C:\FOC\Workspace\Finished\CQ14644_updated.md,PASS,json parsed as dict
178,CQ14644.md,14644,missing_program_elements,No program_elements block found,C:\FOC\Workspace\Finished\CQ14644_updated.md,PASS,json parsed as dict
179,CQ14644.md,14644,missing_program_intelligence,No program_intelligence block found,C:\FOC\Workspace\Finished\CQ14644_updated.md,PASS,json parsed as dict
180,CQ14645.md,14645,missing_frontmatter,No leading YAML frontmatter block found,C:\FOC\Workspace\Finished\CQ14645_updated.md,PASS,leading YAML frontmatter present
181,CQ14645.md,14645,missing_pass1_sections,Only 12 numbered sections found,C:\FOC\Workspace\Finished\CQ14645_updated.md,PASS,numbered Pass-1 section count = 16
182,CQ14645.md,14645,missing_c3_annotation,No c3_annotation block found,C:\FOC\Workspace\Finished\CQ14645_updated.md,PASS,json parsed as dict
183,CQ14645.md,14645,missing_program_elements,No program_elements block found,C:\FOC\Workspace\Finished\CQ14645_updated.md,PASS,json parsed as dict
184,CQ14645.md,14645,missing_program_intelligence,No program_intelligence block found,C:\FOC\Workspace\Finished\CQ14645_updated.md,PASS,json parsed as dict
185,CQ14649.md,14649,missing_frontmatter,No leading YAML frontmatter block found,C:\FOC\Workspace\Finished\CQ14649_updated.md,PASS,leading YAML frontmatter present
186,CQ14649.md,14649,missing_pass1_sections,Only 12 numbered sections found,C:\FOC\Workspace\Finished\CQ14649_updated.md,PASS,numbered Pass-1 section count = 17
187,CQ14649.md,14649,missing_question_yaml,No Question YAML heading found,C:\FOC\Workspace\Finished\CQ14649_updated.md,PASS,Question YAML heading with fenced yaml block present
188,CQ14649.md,14649,missing_case_study,No 17-section case-study heading found,C:\FOC\Workspace\Finished\CQ14649_updated.md,PASS,case-study numbered item count = 17
189,CQ14649.md,14649,missing_c3_annotation,No c3_annotation block found,C:\FOC\Workspace\Finished\CQ14649_updated.md,PASS,json parsed as dict
190,CQ14649.md,14649,missing_program_elements,No program_elements block found,C:\FOC\Workspace\Finished\CQ14649_updated.md,PASS,json parsed as dict
191,CQ14649.md,14649,missing_program_intelligence,No program_intelligence block found,C:\FOC\Workspace\Finished\CQ14649_updated.md,PASS,json parsed as dict
192,CQ14650.md,14650,missing_frontmatter,No leading YAML frontmatter block found,C:\FOC\Workspace\Finished\CQ14650_updated.md,PASS,leading YAML frontmatter present
193,CQ14650.md,14650,missing_pass1_sections,Only 12 numbered sections found,C:\FOC\Workspace\Finished\CQ14650_updated.md,PASS,numbered Pass-1 section count = 16
194,CQ14650.md,14650,missing_c3_annotation,No c3_annotation block found,C:\FOC\Workspace\Finished\CQ14650_updated.md,PASS,json parsed as dict
195,CQ14650.md,14650,missing_program_elements,No program_elements block found,C:\FOC\Workspace\Finished\CQ14650_updated.md,PASS,json parsed as dict
196,CQ14650.md,14650,missing_program_intelligence,No program_intelligence block found,C:\FOC\Workspace\Finished\CQ14650_updated.md,PASS,json parsed as dict
197,CQ14654.md,14654,missing_frontmatter,No leading YAML frontmatter block found,C:\FOC\Workspace\Finished\CQ14654_updated.md,PASS,leading YAML frontmatter present
198,CQ14654.md,14654,missing_pass1_sections,Only 12 numbered sections found,C:\FOC\Workspace\Finished\CQ14654_updated.md,PASS,numbered Pass-1 section count = 17
199,CQ14655.md,14655,missing_frontmatter,No leading YAML frontmatter block found,C:\FOC\Workspace\Finished\CQ14655_updated.md,PASS,leading YAML frontmatter present
200,CQ14655.md,14655,missing_pass1_sections,Only 12 numbered sections found,C:\FOC\Workspace\Finished\CQ14655_updated.md,PASS,numbered Pass-1 section count = 17
201,CQ14655.md,14655,missing_c3_annotation,No c3_annotation block found,C:\FOC\Workspace\Finished\CQ14655_updated.md,PASS,json parsed as dict
202,CQ14655.md,14655,missing_program_elements,No program_elements block found,C:\FOC\Workspace\Finished\CQ14655_updated.md,PASS,json parsed as dict
203,CQ14655.md,14655,missing_program_intelligence,No program_intelligence block found,C:\FOC\Workspace\Finished\CQ14655_updated.md,PASS,json parsed as dict
204,CQ14656.md,14656,missing_frontmatter,No leading YAML frontmatter block found,C:\FOC\Workspace\Finished\CQ14656_updated.md,PASS,leading YAML frontmatter present
205,CQ14656.md,14656,missing_question_yaml,No Question YAML heading found,C:\FOC\Workspace\Finished\CQ14656_updated.md,PASS,Question YAML heading with fenced yaml block present
206,CQ14656.md,14656,missing_case_study,No 17-section case-study heading found,C:\FOC\Workspace\Finished\CQ14656_updated.md,PASS,case-study numbered item count = 17
207,CQ14656.md,14656,missing_c3_annotation,No c3_annotation block found,C:\FOC\Workspace\Finished\CQ14656_updated.md,PASS,json parsed as dict
208,CQ14656.md,14656,missing_program_elements,No program_elements block found,C:\FOC\Workspace\Finished\CQ14656_updated.md,PASS,json parsed as dict
209,CQ14656.md,14656,missing_program_intelligence,No program_intelligence block found,C:\FOC\Workspace\Finished\CQ14656_updated.md,PASS,json parsed as dict
210,CQ14657.md,14657,missing_frontmatter,No leading YAML frontmatter block found,C:\FOC\Workspace\Finished\CQ14657_updated.md,PASS,leading YAML frontmatter present
211,CQ14657.md,14657,missing_question_yaml,No Question YAML heading found,C:\FOC\Workspace\Finished\CQ14657_updated.md,PASS,Question YAML heading with fenced yaml block present
212,CQ14657.md,14657,missing_case_study,No 17-section case-study heading found,C:\FOC\Workspace\Finished\CQ14657_updated.md,PASS,case-study numbered item count = 17
213,CQ14657.md,14657,missing_c3_annotation,No c3_annotation block found,C:\FOC\Workspace\Finished\CQ14657_updated.md,PASS,json parsed as dict
214,CQ14657.md,14657,missing_program_elements,No program_elements block found,C:\FOC\Workspace\Finished\CQ14657_updated.md,PASS,json parsed as dict
215,CQ14657.md,14657,missing_program_intelligence,No program_intelligence block found,C:\FOC\Workspace\Finished\CQ14657_updated.md,PASS,json parsed as dict
216,CQ14658.md,14658,missing_frontmatter,No leading YAML frontmatter block found,C:\FOC\Workspace\Finished\CQ14658_updated.md,PASS,leading YAML frontmatter present
217,CQ14658.md,14658,missing_pass1_sections,Only 12 numbered sections found,C:\FOC\Workspace\Finished\CQ14658_updated.md,PASS,numbered Pass-1 section count = 17
218,CQ14658.md,14658,missing_c3_annotation,No c3_annotation block found,C:\FOC\Workspace\Finished\CQ14658_updated.md,PASS,json parsed as dict
219,CQ14658.md,14658,missing_program_elements,No program_elements block found,C:\FOC\Workspace\Finished\CQ14658_updated.md,PASS,json parsed as dict
220,CQ14658.md,14658,missing_program_intelligence,No program_intelligence block found,C:\FOC\Workspace\Finished\CQ14658_updated.md,PASS,json parsed as dict
221,CQ14659.md,14659,missing_frontmatter,No leading YAML frontmatter block found,C:\FOC\Workspace\Finished\CQ14659_updated.md,PASS,leading YAML frontmatter present
222,CQ14659.md,14659,missing_pass1_sections,Only 12 numbered sections found,C:\FOC\Workspace\Finished\CQ14659_updated.md,PASS,numbered Pass-1 section count = 17
223,CQ14659.md,14659,missing_question_yaml,No Question YAML heading found,C:\FOC\Workspace\Finished\CQ14659_updated.md,PASS,Question YAML heading with fenced yaml block present
224,CQ14659.md,14659,missing_case_study,No 17-section case-study heading found,C:\FOC\Workspace\Finished\CQ14659_updated.md,PASS,case-study numbered item count = 17
225,CQ14659.md,14659,missing_c3_annotation,No c3_annotation block found,C:\FOC\Workspace\Finished\CQ14659_updated.md,PASS,json parsed as dict
226,CQ14659.md,14659,missing_program_elements,No program_elements block found,C:\FOC\Workspace\Finished\CQ14659_updated.md,PASS,json parsed as dict
227,CQ14659.md,14659,missing_program_intelligence,No program_intelligence block found,C:\FOC\Workspace\Finished\CQ14659_updated.md,PASS,json parsed as dict
228,CQ14663.md,14663,missing_frontmatter,No leading YAML frontmatter block found,C:\FOC\Workspace\Finished\CQ14663_updated.md,PASS,leading YAML frontmatter present
229,CQ14663.md,14663,missing_pass1_sections,Only 12 numbered sections found,C:\FOC\Workspace\Finished\CQ14663_updated.md,PASS,numbered Pass-1 section count = 17
230,CQ14663.md,14663,missing_question_yaml,No Question YAML heading found,C:\FOC\Workspace\Finished\CQ14663_updated.md,PASS,Question YAML heading with fenced yaml block present
231,CQ14663.md,14663,missing_case_study,No 17-section case-study heading found,C:\FOC\Workspace\Finished\CQ14663_updated.md,PASS,case-study numbered item count = 17
232,CQ14663.md,14663,missing_c3_annotation,No c3_annotation block found,C:\FOC\Workspace\Finished\CQ14663_updated.md,PASS,json parsed as dict
233,CQ14663.md,14663,missing_program_elements,No program_elements block found,C:\FOC\Workspace\Finished\CQ14663_updated.md,PASS,json parsed as dict
234,CQ14663.md,14663,missing_program_intelligence,No program_intelligence block found,C:\FOC\Workspace\Finished\CQ14663_updated.md,PASS,json parsed as dict
235,CQ14664.md,14664,missing_frontmatter,No leading YAML frontmatter block found,C:\FOC\Workspace\Finished\CQ14664_updated.md,PASS,leading YAML frontmatter present
236,CQ14664.md,14664,missing_pass1_sections,Only 12 numbered sections found,C:\FOC\Workspace\Finished\CQ14664_updated.md,PASS,numbered Pass-1 section count = 17
237,CQ14664.md,14664,missing_c3_annotation,No c3_annotation block found,C:\FOC\Workspace\Finished\CQ14664_updated.md,PASS,json parsed as dict
238,CQ14664.md,14664,missing_program_elements,No program_elements block found,C:\FOC\Workspace\Finished\CQ14664_updated.md,PASS,json parsed as dict
239,CQ14664.md,14664,missing_program_intelligence,No program_intelligence block found,C:\FOC\Workspace\Finished\CQ14664_updated.md,PASS,json parsed as dict
240,CQ14665.md,14665,missing_frontmatter,No leading YAML frontmatter block found,C:\FOC\Workspace\Finished\CQ14665_updated.md,PASS,leading YAML frontmatter present
241,CQ14665.md,14665,missing_pass1_sections,Only 12 numbered sections found,C:\FOC\Workspace\Finished\CQ14665_updated.md,PASS,numbered Pass-1 section count = 16
242,CQ14665.md,14665,missing_case_study,No 17-section case-study heading found,C:\FOC\Workspace\Finished\CQ14665_updated.md,PASS,case-study numbered item count = 17
243,CQ14665.md,14665,missing_c3_annotation,No c3_annotation block found,C:\FOC\Workspace\Finished\CQ14665_updated.md,PASS,json parsed as dict
244,CQ14665.md,14665,missing_program_elements,No program_elements block found,C:\FOC\Workspace\Finished\CQ14665_updated.md,PASS,json parsed as dict
245,CQ14665.md,14665,missing_program_intelligence,No program_intelligence block found,C:\FOC\Workspace\Finished\CQ14665_updated.md,PASS,json parsed as dict
246,CQ14668.md,14668,missing_pass1_sections,Only 12 numbered sections found,C:\FOC\Workspace\Finished\CQ14668_updated.md,PASS,numbered Pass-1 section count = 14
247,CQ14669.md,14669,missing_frontmatter,No leading YAML frontmatter block found,C:\FOC\Workspace\Finished\CQ14669_updated.md,PASS,leading YAML frontmatter present
248,CQ14669.md,14669,missing_pass1_sections,Only 12 numbered sections found,C:\FOC\Workspace\Finished\CQ14669_updated.md,PASS,numbered Pass-1 section count = 17
249,CQ14669.md,14669,missing_case_study,No 17-section case-study heading found,C:\FOC\Workspace\Finished\CQ14669_updated.md,PASS,case-study numbered item count = 17
250,CQ14669.md,14669,missing_c3_annotation,No c3_annotation block found,C:\FOC\Workspace\Finished\CQ14669_updated.md,PASS,json parsed as dict
251,CQ14669.md,14669,missing_program_elements,No program_elements block found,C:\FOC\Workspace\Finished\CQ14669_updated.md,PASS,json parsed as dict
252,CQ14669.md,14669,missing_program_intelligence,No program_intelligence block found,C:\FOC\Workspace\Finished\CQ14669_updated.md,PASS,json parsed as dict
258,CQ14676_church_youth_accusation.md,14676,missing_pass1_sections,Only 12 numbered sections found,C:\FOC\Workspace\Finished\CQ14676_church_youth_accusation_updated.md,PASS,numbered Pass-1 section count = 19
259,CQ14678.md,14678,missing_frontmatter,No leading YAML frontmatter block found,C:\FOC\Workspace\Finished\CQ14678_updated.md,PASS,leading YAML frontmatter present
260,CQ14678.md,14678,missing_pass1_sections,Only 12 numbered sections found,C:\FOC\Workspace\Finished\CQ14678_updated.md,PASS,numbered Pass-1 section count = 17
261,CQ14678.md,14678,missing_case_study,No 17-section case-study heading found,C:\FOC\Workspace\Finished\CQ14678_updated.md,PASS,case-study numbered item count = 17
262,CQ14678.md,14678,missing_c3_annotation,No c3_annotation block found,C:\FOC\Workspace\Finished\CQ14678_updated.md,PASS,json parsed as dict
263,CQ14678.md,14678,missing_program_elements,No program_elements block found,C:\FOC\Workspace\Finished\CQ14678_updated.md,PASS,json parsed as dict
264,CQ14678.md,14678,missing_program_intelligence,No program_intelligence block found,C:\FOC\Workspace\Finished\CQ14678_updated.md,PASS,json parsed as dict
265,CQ14679.md,14679,missing_frontmatter,No leading YAML frontmatter block found,C:\FOC\Workspace\Finished\CQ14679_updated.md,PASS,leading YAML frontmatter present
266,CQ14679.md,14679,missing_pass1_sections,Only 12 numbered sections found,C:\FOC\Workspace\Finished\CQ14679_updated.md,PASS,numbered Pass-1 section count = 16
267,CQ14679.md,14679,missing_c3_annotation,No c3_annotation block found,C:\FOC\Workspace\Finished\CQ14679_updated.md,PASS,json parsed as dict
268,CQ14679.md,14679,missing_program_elements,No program_elements block found,C:\FOC\Workspace\Finished\CQ14679_updated.md,PASS,json parsed as dict
269,CQ14679.md,14679,missing_program_intelligence,No program_intelligence block found,C:\FOC\Workspace\Finished\CQ14679_updated.md,PASS,json parsed as dict
270,CQ14680.md,14680,missing_frontmatter,No leading YAML frontmatter block found,C:\FOC\Workspace\Finished\CQ14680_updated.md,PASS,leading YAML frontmatter present
271,CQ14684.md,14684,missing_frontmatter,No leading YAML frontmatter block found,C:\FOC\Workspace\Finished\CQ14684_updated.md,PASS,leading YAML frontmatter present
272,CQ14684.md,14684,missing_question_yaml,No Question YAML heading found,C:\FOC\Workspace\Finished\CQ14684_updated.md,PASS,Question YAML heading with fenced yaml block present
273,CQ14684.md,14684,missing_case_study,No 17-section case-study heading found,C:\FOC\Workspace\Finished\CQ14684_updated.md,PASS,case-study numbered item count = 17
274,CQ14684.md,14684,missing_c3_annotation,No c3_annotation block found,C:\FOC\Workspace\Finished\CQ14684_updated.md,PASS,json parsed as dict
275,CQ14684.md,14684,missing_program_elements,No program_elements block found,C:\FOC\Workspace\Finished\CQ14684_updated.md,PASS,json parsed as dict
276,CQ14684.md,14684,missing_program_intelligence,No program_intelligence block found,C:\FOC\Workspace\Finished\CQ14684_updated.md,PASS,json parsed as dict
277,CQ14685.md,14685,missing_pass1_sections,Only 12 numbered sections found,C:\FOC\Workspace\Finished\CQ14685_updated.md,PASS,numbered Pass-1 section count = 14
278,CQ14685.md,14685,missing_question_yaml,No Question YAML heading found,C:\FOC\Workspace\Finished\CQ14685_updated.md,PASS,Question YAML heading with fenced yaml block present
279,CQ14685.md,14685,missing_case_study,No 17-section case-study heading found,C:\FOC\Workspace\Finished\CQ14685_updated.md,PASS,case-study numbered item count = 17
280,CQ14685.md,14685,missing_c3_annotation,No c3_annotation block found,C:\FOC\Workspace\Finished\CQ14685_updated.md,PASS,json parsed as dict
281,CQ14685.md,14685,missing_program_elements,No program_elements block found,C:\FOC\Workspace\Finished\CQ14685_updated.md,PASS,json parsed as dict
282,CQ14685.md,14685,missing_program_intelligence,No program_intelligence block found,C:\FOC\Workspace\Finished\CQ14685_updated.md,PASS,json parsed as dict
283,CQ14690.md,14690,missing_frontmatter,No leading YAML frontmatter block found,C:\FOC\Workspace\Finished\CQ14690_updated.md,PASS,leading YAML frontmatter present
284,CQ14690.md,14690,missing_question_yaml,No Question YAML heading found,C:\FOC\Workspace\Finished\CQ14690_updated.md,PASS,Question YAML heading with fenced yaml block present
285,CQ14690.md,14690,missing_case_study,No 17-section case-study heading found,C:\FOC\Workspace\Finished\CQ14690_updated.md,PASS,case-study numbered item count = 17
286,CQ14690.md,14690,missing_c3_annotation,No c3_annotation block found,C:\FOC\Workspace\Finished\CQ14690_updated.md,PASS,json parsed as dict
287,CQ14690.md,14690,missing_program_elements,No program_elements block found,C:\FOC\Workspace\Finished\CQ14690_updated.md,PASS,json parsed as dict
288,CQ14690.md,14690,missing_program_intelligence,No program_intelligence block found,C:\FOC\Workspace\Finished\CQ14690_updated.md,PASS,json parsed as dict
289,CQ14695.md,14695,missing_frontmatter,No leading YAML frontmatter block found,C:\FOC\Workspace\Finished\CQ14695_updated.md,PASS,leading YAML frontmatter present
290,CQ14695.md,14695,missing_case_study,No 17-section case-study heading found,C:\FOC\Workspace\Finished\CQ14695_updated.md,PASS,case-study numbered item count = 17
291,CQ14701.md,14701,missing_frontmatter,No leading YAML frontmatter block found,C:\FOC\Workspace\Finished\CQ14701_updated.md,PASS,leading YAML frontmatter present
292,CQ14701.md,14701,missing_pass1_sections,Only 12 numbered sections found,C:\FOC\Workspace\Finished\CQ14701_updated.md,PASS,numbered Pass-1 section count = 17
293,CQ14701.md,14701,missing_case_study,No 17-section case-study heading found,C:\FOC\Workspace\Finished\CQ14701_updated.md,PASS,case-study numbered item count = 17
294,CQ14701.md,14701,missing_c3_annotation,No c3_annotation block found,C:\FOC\Workspace\Finished\CQ14701_updated.md,PASS,json parsed as dict
295,CQ14701.md,14701,missing_program_elements,No program_elements block found,C:\FOC\Workspace\Finished\CQ14701_updated.md,PASS,json parsed as dict
296,CQ14701.md,14701,missing_program_intelligence,No program_intelligence block found,C:\FOC\Workspace\Finished\CQ14701_updated.md,PASS,json parsed as dict
297,CQ14728.md,14728,missing_frontmatter,No leading YAML frontmatter block found,C:\FOC\Workspace\Finished\CQ14728_updated.md,PASS,leading YAML frontmatter present
298,CQ14728.md,14728,missing_pass1_sections,Only 12 numbered sections found,C:\FOC\Workspace\Finished\CQ14728_updated.md,PASS,numbered Pass-1 section count = 17
299,CQ14730.md,14730,missing_frontmatter,No leading YAML frontmatter block found,C:\FOC\Workspace\Finished\CQ14730_updated.md,PASS,leading YAML frontmatter present
300,CQ14730.md,14730,missing_question_yaml,No Question YAML heading found,C:\FOC\Workspace\Finished\CQ14730_updated.md,PASS,Question YAML heading with fenced yaml block present
301,CQ14730.md,14730,missing_case_study,No 17-section case-study heading found,C:\FOC\Workspace\Finished\CQ14730_updated.md,PASS,case-study numbered item count = 17
302,CQ14730.md,14730,missing_c3_annotation,No c3_annotation block found,C:\FOC\Workspace\Finished\CQ14730_updated.md,PASS,json parsed as dict
303,CQ14730.md,14730,missing_program_elements,No program_elements block found,C:\FOC\Workspace\Finished\CQ14730_updated.md,PASS,json parsed as dict
304,CQ14730.md,14730,missing_program_intelligence,No program_intelligence block found,C:\FOC\Workspace\Finished\CQ14730_updated.md,PASS,json parsed as dict
305,CQ14736.md,14736,missing_pass1_sections,Only 12 numbered sections found,C:\FOC\Workspace\Finished\CQ14736_updated.md,PASS,numbered Pass-1 section count = 19
306,CQ14819.md,14819,missing_frontmatter,No leading YAML frontmatter block found,C:\FOC\Workspace\Finished\CQ14819_updated.md,PASS,leading YAML frontmatter present
307,CQ14819.md,14819,missing_pass1_sections,Only 0 numbered sections found,C:\FOC\Workspace\Finished\CQ14819_updated.md,PASS,numbered Pass-1 section count = 14
308,CQ14820.md,14820,missing_frontmatter,No leading YAML frontmatter block found,C:\FOC\Workspace\Finished\CQ14820_updated.md,PASS,leading YAML frontmatter present
309,CQ14820.md,14820,missing_pass1_sections,Only 11 numbered sections found,C:\FOC\Workspace\Finished\CQ14820_updated.md,PASS,numbered Pass-1 section count = 14
310,CQ14820.md,14820,missing_question_yaml,No Question YAML heading found,C:\FOC\Workspace\Finished\CQ14820_updated.md,PASS,Question YAML heading with fenced yaml block present
311,CQ14820.md,14820,missing_case_study,No 17-section case-study heading found,C:\FOC\Workspace\Finished\CQ14820_updated.md,PASS,case-study numbered item count = 17
312,CQ14820.md,14820,missing_c3_annotation,No c3_annotation block found,C:\FOC\Workspace\Finished\CQ14820_updated.md,PASS,json parsed as dict
313,CQ14820.md,14820,missing_program_elements,No program_elements block found,C:\FOC\Workspace\Finished\CQ14820_updated.md,PASS,json parsed as dict
314,CQ14820.md,14820,missing_program_intelligence,No program_intelligence block found,C:\FOC\Workspace\Finished\CQ14820_updated.md,PASS,json parsed as dict
315,CQ14828.md,14828,missing_frontmatter,No leading YAML frontmatter block found,C:\FOC\Workspace\Finished\CQ14828_updated.md,PASS,leading YAML frontmatter present
316,CQ14828.md,14828,missing_pass1_sections,Only 9 numbered sections found,C:\FOC\Workspace\Finished\CQ14828_updated.md,PASS,numbered Pass-1 section count = 14
317,CQ14828.md,14828,missing_question_yaml,No Question YAML heading found,C:\FOC\Workspace\Finished\CQ14828_updated.md,PASS,Question YAML heading with fenced yaml block present
318,CQ14828.md,14828,missing_case_study,No 17-section case-study heading found,C:\FOC\Workspace\Finished\CQ14828_updated.md,PASS,case-study numbered item count = 17
319,CQ14828.md,14828,missing_c3_annotation,No c3_annotation block found,C:\FOC\Workspace\Finished\CQ14828_updated.md,PASS,json parsed as dict
320,CQ14828.md,14828,missing_program_elements,No program_elements block found,C:\FOC\Workspace\Finished\CQ14828_updated.md,PASS,json parsed as dict
321,CQ14828.md,14828,missing_program_intelligence,No program_intelligence block found,C:\FOC\Workspace\Finished\CQ14828_updated.md,PASS,json parsed as dict
322,CQ14831.md,14831,missing_frontmatter,No leading YAML frontmatter block found,C:\FOC\Workspace\Finished\CQ14831_updated.md,PASS,leading YAML frontmatter present
323,CQ14831.md,14831,missing_pass1_sections,Only 0 numbered sections found,C:\FOC\Workspace\Finished\CQ14831_updated.md,PASS,numbered Pass-1 section count = 14
324,CQ14859.md,14859,missing_c3_annotation,No c3_annotation block found,C:\FOC\Workspace\Finished\CQ14859_updated.md,PASS,json parsed as dict
325,CQ14859.md,14859,missing_program_elements,No program_elements block found,C:\FOC\Workspace\Finished\CQ14859_updated.md,PASS,json parsed as dict
326,CQ14859.md,14859,missing_program_intelligence,No program_intelligence block found,C:\FOC\Workspace\Finished\CQ14859_updated.md,PASS,json parsed as dict
327,CQ14863.md,14863,missing_case_study,No 17-section case-study heading found,C:\FOC\Workspace\Finished\CQ14863_updated.md,PASS,case-study numbered item count = 17
328,CQ14904.md,14904,missing_pass1_sections,Only 12 numbered sections found,C:\FOC\Workspace\Finished\CQ14904_updated.md,PASS,numbered Pass-1 section count = 19
329,CQ14908.md,14908,missing_frontmatter,No leading YAML frontmatter block found,C:\FOC\Workspace\Finished\CQ14908_updated.md,PASS,leading YAML frontmatter present
330,CQ14908.md,14908,missing_pass1_sections,Only 1 numbered sections found,C:\FOC\Workspace\Finished\CQ14908_updated.md,PASS,numbered Pass-1 section count = 14
331,CQ14908.md,14908,missing_question_yaml,No Question YAML heading found,C:\FOC\Workspace\Finished\CQ14908_updated.md,PASS,Question YAML heading with fenced yaml block present
332,CQ14908.md,14908,missing_case_study,No 17-section case-study heading found,C:\FOC\Workspace\Finished\CQ14908_updated.md,PASS,case-study numbered item count = 17
333,CQ14908.md,14908,missing_c3_annotation,No c3_annotation block found,C:\FOC\Workspace\Finished\CQ14908_updated.md,PASS,json parsed as dict
334,CQ14908.md,14908,missing_program_elements,No program_elements block found,C:\FOC\Workspace\Finished\CQ14908_updated.md,PASS,json parsed as dict
335,CQ14908.md,14908,missing_program_intelligence,No program_intelligence block found,C:\FOC\Workspace\Finished\CQ14908_updated.md,PASS,json parsed as dict
336,CQ14931.md,14931,missing_question_yaml,No Question YAML heading found,C:\FOC\Workspace\Finished\CQ14931_updated.md,PASS,Question YAML heading with fenced yaml block present
337,CQ14931.md,14931,missing_case_study,No 17-section case-study heading found,C:\FOC\Workspace\Finished\CQ14931_updated.md,PASS,case-study numbered item count = 17
338,CQ14931.md,14931,missing_c3_annotation,No c3_annotation block found,C:\FOC\Workspace\Finished\CQ14931_updated.md,PASS,json parsed as dict
339,CQ14931.md,14931,missing_program_elements,No program_elements block found,C:\FOC\Workspace\Finished\CQ14931_updated.md,PASS,json parsed as dict
340,CQ14931.md,14931,missing_program_intelligence,No program_intelligence block found,C:\FOC\Workspace\Finished\CQ14931_updated.md,PASS,json parsed as dict
341,CQ14975.md,14975,missing_pass1_sections,Only 12 numbered sections found,C:\FOC\Workspace\Finished\CQ14975_updated.md,PASS,numbered Pass-1 section count = 19
342,CQ14992.md,14992,missing_pass1_sections,Only 8 numbered sections found,C:\FOC\Workspace\Finished\CQ14992_updated.md,PASS,numbered Pass-1 section count = 14
343,CQ14992.md,14992,missing_question_yaml,No Question YAML heading found,C:\FOC\Workspace\Finished\CQ14992_updated.md,PASS,Question YAML heading with fenced yaml block present
344,CQ14992.md,14992,missing_case_study,No 17-section case-study heading found,C:\FOC\Workspace\Finished\CQ14992_updated.md,PASS,case-study numbered item count = 17
345,CQ14992.md,14992,missing_c3_annotation,No c3_annotation block found,C:\FOC\Workspace\Finished\CQ14992_updated.md,PASS,json parsed as dict
346,CQ14992.md,14992,missing_program_elements,No program_elements block found,C:\FOC\Workspace\Finished\CQ14992_updated.md,PASS,json parsed as dict
347,CQ14992.md,14992,missing_program_intelligence,No program_intelligence block found,C:\FOC\Workspace\Finished\CQ14992_updated.md,PASS,json parsed as dict
348,CQ15014.md,15014,missing_frontmatter,No leading YAML frontmatter block found,C:\FOC\Workspace\Finished\CQ15014_updated.md,PASS,leading YAML frontmatter present
349,CQ15014.md,15014,missing_question_yaml,No Question YAML heading found,C:\FOC\Workspace\Finished\CQ15014_updated.md,PASS,Question YAML heading with fenced yaml block present
350,CQ15014.md,15014,missing_c3_annotation,No c3_annotation block found,C:\FOC\Workspace\Finished\CQ15014_updated.md,PASS,json parsed as dict
351,CQ15014.md,15014,missing_program_elements,No program_elements block found,C:\FOC\Workspace\Finished\CQ15014_updated.md,PASS,json parsed as dict
352,CQ15014.md,15014,missing_program_intelligence,No program_intelligence block found,C:\FOC\Workspace\Finished\CQ15014_updated.md,PASS,json parsed as dict
353,CQ15031.md,15031,missing_case_study,No 17-section case-study heading found,C:\FOC\Workspace\Finished\CQ15031_updated.md,PASS,case-study numbered item count = 17
354,CQ15031.md,15031,missing_c3_annotation,No c3_annotation block found,C:\FOC\Workspace\Finished\CQ15031_updated.md,PASS,json parsed as dict
355,CQ15031.md,15031,missing_program_elements,No program_elements block found,C:\FOC\Workspace\Finished\CQ15031_updated.md,PASS,json parsed as dict
356,CQ15031.md,15031,missing_program_intelligence,No program_intelligence block found,C:\FOC\Workspace\Finished\CQ15031_updated.md,PASS,json parsed as dict
357,CQ15054.md,15054,missing_frontmatter,No leading YAML frontmatter block found,C:\FOC\Workspace\Finished\CQ15054_updated.md,PASS,leading YAML frontmatter present
358,CQ15100.md,15100,missing_pass1_sections,Only 11 numbered sections found,C:\FOC\Workspace\Finished\CQ15100_updated.md,PASS,numbered Pass-1 section count = 19
359,CQ15222.md,15222,missing_frontmatter,No leading YAML frontmatter block found,C:\FOC\Workspace\Finished\CQ15222_updated.md,PASS,leading YAML frontmatter present
360,CQ15222.md,15222,missing_pass1_sections,Only 12 numbered sections found,C:\FOC\Workspace\Finished\CQ15222_updated.md,PASS,numbered Pass-1 section count = 16
361,CQ15222.md,15222,missing_question_yaml,No Question YAML heading found,C:\FOC\Workspace\Finished\CQ15222_updated.md,PASS,Question YAML heading with fenced yaml block present
362,CQ15222.md,15222,missing_case_study,No 17-section case-study heading found,C:\FOC\Workspace\Finished\CQ15222_updated.md,PASS,case-study numbered item count = 17
363,CQ15222.md,15222,missing_c3_annotation,No c3_annotation block found,C:\FOC\Workspace\Finished\CQ15222_updated.md,PASS,json parsed as dict
364,CQ15222.md,15222,missing_program_elements,No program_elements block found,C:\FOC\Workspace\Finished\CQ15222_updated.md,PASS,json parsed as dict
365,CQ15222.md,15222,missing_program_intelligence,No program_intelligence block found,C:\FOC\Workspace\Finished\CQ15222_updated.md,PASS,json parsed as dict
366,CQ15223.md,15223,missing_frontmatter,No leading YAML frontmatter block found,C:\FOC\Workspace\Finished\CQ15223_updated.md,PASS,leading YAML frontmatter present
367,CQ15223.md,15223,missing_pass1_sections,Only 12 numbered sections found,C:\FOC\Workspace\Finished\CQ15223_updated.md,PASS,numbered Pass-1 section count = 17
368,CQ15223.md,15223,missing_question_yaml,No Question YAML heading found,C:\FOC\Workspace\Finished\CQ15223_updated.md,PASS,Question YAML heading with fenced yaml block present
369,CQ15223.md,15223,missing_case_study,No 17-section case-study heading found,C:\FOC\Workspace\Finished\CQ15223_updated.md,PASS,case-study numbered item count = 17
370,CQ15223.md,15223,missing_c3_annotation,No c3_annotation block found,C:\FOC\Workspace\Finished\CQ15223_updated.md,PASS,json parsed as dict
371,CQ15223.md,15223,missing_program_elements,No program_elements block found,C:\FOC\Workspace\Finished\CQ15223_updated.md,PASS,json parsed as dict
372,CQ15223.md,15223,missing_program_intelligence,No program_intelligence block found,C:\FOC\Workspace\Finished\CQ15223_updated.md,PASS,json parsed as dict
373,CQ15224.md,15224,missing_frontmatter,No leading YAML frontmatter block found,C:\FOC\Workspace\Finished\CQ15224_updated.md,PASS,leading YAML frontmatter present
374,CQ15224.md,15224,missing_question_yaml,No Question YAML heading found,C:\FOC\Workspace\Finished\CQ15224_updated.md,PASS,Question YAML heading with fenced yaml block present
375,CQ15224.md,15224,missing_case_study,No 17-section case-study heading found,C:\FOC\Workspace\Finished\CQ15224_updated.md,PASS,case-study numbered item count = 17
376,CQ15224.md,15224,missing_c3_annotation,No c3_annotation block found,C:\FOC\Workspace\Finished\CQ15224_updated.md,PASS,json parsed as dict
377,CQ15224.md,15224,missing_program_elements,No program_elements block found,C:\FOC\Workspace\Finished\CQ15224_updated.md,PASS,json parsed as dict
378,CQ15224.md,15224,missing_program_intelligence,No program_intelligence block found,C:\FOC\Workspace\Finished\CQ15224_updated.md,PASS,json parsed as dict
379,CQ15253.md,15253,missing_frontmatter,No leading YAML frontmatter block found,C:\FOC\Workspace\Finished\CQ15253_updated.md,PASS,leading YAML frontmatter present
380,CQ15253.md,15253,missing_pass1_sections,Only 12 numbered sections found,C:\FOC\Workspace\Finished\CQ15253_updated.md,PASS,numbered Pass-1 section count = 17
381,CQ15253.md,15253,missing_question_yaml,No Question YAML heading found,C:\FOC\Workspace\Finished\CQ15253_updated.md,PASS,Question YAML heading with fenced yaml block present
382,CQ15253.md,15253,missing_case_study,No 17-section case-study heading found,C:\FOC\Workspace\Finished\CQ15253_updated.md,PASS,case-study numbered item count = 17
383,CQ15253.md,15253,missing_c3_annotation,No c3_annotation block found,C:\FOC\Workspace\Finished\CQ15253_updated.md,PASS,json parsed as dict
384,CQ15253.md,15253,missing_program_elements,No program_elements block found,C:\FOC\Workspace\Finished\CQ15253_updated.md,PASS,json parsed as dict
385,CQ15253.md,15253,missing_program_intelligence,No program_intelligence block found,C:\FOC\Workspace\Finished\CQ15253_updated.md,PASS,json parsed as dict
386,CQ15254.md,15254,missing_frontmatter,No leading YAML frontmatter block found,C:\FOC\Workspace\Finished\CQ15254_updated.md,PASS,leading YAML frontmatter present
387,CQ15254.md,15254,missing_question_yaml,No Question YAML heading found,C:\FOC\Workspace\Finished\CQ15254_updated.md,PASS,Question YAML heading with fenced yaml block present
388,CQ15254.md,15254,missing_case_study,No 17-section case-study heading found,C:\FOC\Workspace\Finished\CQ15254_updated.md,PASS,case-study numbered item count = 17
389,CQ15254.md,15254,missing_c3_annotation,No c3_annotation block found,C:\FOC\Workspace\Finished\CQ15254_updated.md,PASS,json parsed as dict
390,CQ15254.md,15254,missing_program_elements,No program_elements block found,C:\FOC\Workspace\Finished\CQ15254_updated.md,PASS,json parsed as dict
391,CQ15254.md,15254,missing_program_intelligence,No program_intelligence block found,C:\FOC\Workspace\Finished\CQ15254_updated.md,PASS,json parsed as dict
392,CQ15255.md,15255,missing_frontmatter,No leading YAML frontmatter block found,C:\FOC\Workspace\Finished\CQ15255_updated.md,PASS,leading YAML frontmatter present
393,CQ15255.md,15255,missing_pass1_sections,Only 12 numbered sections found,C:\FOC\Workspace\Finished\CQ15255_updated.md,PASS,numbered Pass-1 section count = 17
394,CQ15255.md,15255,missing_c3_annotation,No c3_annotation block found,C:\FOC\Workspace\Finished\CQ15255_updated.md,PASS,json parsed as dict
395,CQ15255.md,15255,missing_program_elements,No program_elements block found,C:\FOC\Workspace\Finished\CQ15255_updated.md,PASS,json parsed as dict
396,CQ15255.md,15255,missing_program_intelligence,No program_intelligence block found,C:\FOC\Workspace\Finished\CQ15255_updated.md,PASS,json parsed as dict
397,CQ15256.md,15256,missing_frontmatter,No leading YAML frontmatter block found,C:\FOC\Workspace\Finished\CQ15256_updated.md,PASS,leading YAML frontmatter present
398,CQ15256.md,15256,missing_pass1_sections,Only 12 numbered sections found,C:\FOC\Workspace\Finished\CQ15256_updated.md,PASS,numbered Pass-1 section count = 15
399,CQ15256.md,15256,missing_question_yaml,No Question YAML heading found,C:\FOC\Workspace\Finished\CQ15256_updated.md,PASS,Question YAML heading with fenced yaml block present
400,CQ15256.md,15256,missing_case_study,No 17-section case-study heading found,C:\FOC\Workspace\Finished\CQ15256_updated.md,PASS,case-study numbered item count = 17
401,CQ15256.md,15256,missing_c3_annotation,No c3_annotation block found,C:\FOC\Workspace\Finished\CQ15256_updated.md,PASS,json parsed as dict
402,CQ15256.md,15256,missing_program_elements,No program_elements block found,C:\FOC\Workspace\Finished\CQ15256_updated.md,PASS,json parsed as dict
403,CQ15256.md,15256,missing_program_intelligence,No program_intelligence block found,C:\FOC\Workspace\Finished\CQ15256_updated.md,PASS,json parsed as dict
404,CQ15257.md,15257,missing_frontmatter,No leading YAML frontmatter block found,C:\FOC\Workspace\Finished\CQ15257_updated.md,PASS,leading YAML frontmatter present
405,CQ15257.md,15257,missing_question_yaml,No Question YAML heading found,C:\FOC\Workspace\Finished\CQ15257_updated.md,PASS,Question YAML heading with fenced yaml block present
406,CQ15257.md,15257,missing_case_study,No 17-section case-study heading found,C:\FOC\Workspace\Finished\CQ15257_updated.md,PASS,case-study numbered item count = 17
407,CQ15257.md,15257,missing_c3_annotation,No c3_annotation block found,C:\FOC\Workspace\Finished\CQ15257_updated.md,PASS,json parsed as dict
408,CQ15257.md,15257,missing_program_elements,No program_elements block found,C:\FOC\Workspace\Finished\CQ15257_updated.md,PASS,json parsed as dict
409,CQ15257.md,15257,missing_program_intelligence,No program_intelligence block found,C:\FOC\Workspace\Finished\CQ15257_updated.md,PASS,json parsed as dict
410,CQ15258.md,15258,missing_frontmatter,No leading YAML frontmatter block found,C:\FOC\Workspace\Finished\CQ15258_updated.md,PASS,leading YAML frontmatter present
411,CQ15258.md,15258,missing_pass1_sections,Only 12 numbered sections found,C:\FOC\Workspace\Finished\CQ15258_updated.md,PASS,numbered Pass-1 section count = 17
412,CQ15258.md,15258,missing_question_yaml,No Question YAML heading found,C:\FOC\Workspace\Finished\CQ15258_updated.md,PASS,Question YAML heading with fenced yaml block present
413,CQ15258.md,15258,missing_case_study,No 17-section case-study heading found,C:\FOC\Workspace\Finished\CQ15258_updated.md,PASS,case-study numbered item count = 17
414,CQ15258.md,15258,missing_c3_annotation,No c3_annotation block found,C:\FOC\Workspace\Finished\CQ15258_updated.md,PASS,json parsed as dict
415,CQ15258.md,15258,missing_program_elements,No program_elements block found,C:\FOC\Workspace\Finished\CQ15258_updated.md,PASS,json parsed as dict
416,CQ15258.md,15258,missing_program_intelligence,No program_intelligence block found,C:\FOC\Workspace\Finished\CQ15258_updated.md,PASS,json parsed as dict
417,CQ15259.md,15259,missing_frontmatter,No leading YAML frontmatter block found,C:\FOC\Workspace\Finished\CQ15259_updated.md,PASS,leading YAML frontmatter present
418,CQ15259.md,15259,missing_question_yaml,No Question YAML heading found,C:\FOC\Workspace\Finished\CQ15259_updated.md,PASS,Question YAML heading with fenced yaml block present
419,CQ15259.md,15259,missing_case_study,No 17-section case-study heading found,C:\FOC\Workspace\Finished\CQ15259_updated.md,PASS,case-study numbered item count = 17
420,CQ15259.md,15259,missing_c3_annotation,No c3_annotation block found,C:\FOC\Workspace\Finished\CQ15259_updated.md,PASS,json parsed as dict
421,CQ15259.md,15259,missing_program_elements,No program_elements block found,C:\FOC\Workspace\Finished\CQ15259_updated.md,PASS,json parsed as dict
422,CQ15259.md,15259,missing_program_intelligence,No program_intelligence block found,C:\FOC\Workspace\Finished\CQ15259_updated.md,PASS,json parsed as dict
423,CQ15262.md,15262,missing_frontmatter,No leading YAML frontmatter block found,C:\FOC\Workspace\Finished\CQ15262_updated.md,PASS,leading YAML frontmatter present
424,CQ15262.md,15262,missing_pass1_sections,Only 12 numbered sections found,C:\FOC\Workspace\Finished\CQ15262_updated.md,PASS,numbered Pass-1 section count = 17
425,CQ15262.md,15262,missing_c3_annotation,No c3_annotation block found,C:\FOC\Workspace\Finished\CQ15262_updated.md,PASS,json parsed as dict
426,CQ15262.md,15262,missing_program_elements,No program_elements block found,C:\FOC\Workspace\Finished\CQ15262_updated.md,PASS,json parsed as dict
427,CQ15262.md,15262,missing_program_intelligence,No program_intelligence block found,C:\FOC\Workspace\Finished\CQ15262_updated.md,PASS,json parsed as dict
428,CQ15263.md,15263,missing_frontmatter,No leading YAML frontmatter block found,C:\FOC\Workspace\Finished\CQ15263_updated.md,PASS,leading YAML frontmatter present
429,CQ15263.md,15263,missing_question_yaml,No Question YAML heading found,C:\FOC\Workspace\Finished\CQ15263_updated.md,PASS,Question YAML heading with fenced yaml block present
430,CQ15263.md,15263,missing_case_study,No 17-section case-study heading found,C:\FOC\Workspace\Finished\CQ15263_updated.md,PASS,case-study numbered item count = 17
431,CQ15263.md,15263,missing_c3_annotation,No c3_annotation block found,C:\FOC\Workspace\Finished\CQ15263_updated.md,PASS,json parsed as dict
432,CQ15263.md,15263,missing_program_elements,No program_elements block found,C:\FOC\Workspace\Finished\CQ15263_updated.md,PASS,json parsed as dict
433,CQ15263.md,15263,missing_program_intelligence,No program_intelligence block found,C:\FOC\Workspace\Finished\CQ15263_updated.md,PASS,json parsed as dict
434,CQ15264.md,15264,missing_frontmatter,No leading YAML frontmatter block found,C:\FOC\Workspace\Finished\CQ15264_updated.md,PASS,leading YAML frontmatter present
435,CQ15264.md,15264,missing_pass1_sections,Only 12 numbered sections found,C:\FOC\Workspace\Finished\CQ15264_updated.md,PASS,numbered Pass-1 section count = 17
436,CQ15264.md,15264,missing_question_yaml,No Question YAML heading found,C:\FOC\Workspace\Finished\CQ15264_updated.md,PASS,Question YAML heading with fenced yaml block present
437,CQ15264.md,15264,missing_case_study,No 17-section case-study heading found,C:\FOC\Workspace\Finished\CQ15264_updated.md,PASS,case-study numbered item count = 17
438,CQ15264.md,15264,missing_c3_annotation,No c3_annotation block found,C:\FOC\Workspace\Finished\CQ15264_updated.md,PASS,json parsed as dict
439,CQ15264.md,15264,missing_program_elements,No program_elements block found,C:\FOC\Workspace\Finished\CQ15264_updated.md,PASS,json parsed as dict
440,CQ15264.md,15264,missing_program_intelligence,No program_intelligence block found,C:\FOC\Workspace\Finished\CQ15264_updated.md,PASS,json parsed as dict
441,CQ16001.md,16001,missing_frontmatter,No leading YAML frontmatter block found,C:\FOC\Workspace\Finished\CQ16001_updated.md,PASS,leading YAML frontmatter present
442,CQ16001.md,16001,missing_pass1_sections,Only 12 numbered sections found,C:\FOC\Workspace\Finished\CQ16001_updated.md,PASS,numbered Pass-1 section count = 17
443,CQ16001.md,16001,missing_c3_annotation,No c3_annotation block found,C:\FOC\Workspace\Finished\CQ16001_updated.md,PASS,json parsed as dict
444,CQ16001.md,16001,missing_program_elements,No program_elements block found,C:\FOC\Workspace\Finished\CQ16001_updated.md,PASS,json parsed as dict
445,CQ16001.md,16001,missing_program_intelligence,No program_intelligence block found,C:\FOC\Workspace\Finished\CQ16001_updated.md,PASS,json parsed as dict
446,CQ16019.md,16019,missing_case_study,No 17-section case-study heading found,C:\FOC\Workspace\Finished\CQ16019_updated.md,PASS,case-study numbered item count = 17
447,CQ16019.md,16019,missing_c3_annotation,No c3_annotation block found,C:\FOC\Workspace\Finished\CQ16019_updated.md,PASS,json parsed as dict
448,CQ16019.md,16019,missing_program_elements,No program_elements block found,C:\FOC\Workspace\Finished\CQ16019_updated.md,PASS,json parsed as dict
449,CQ16019.md,16019,missing_program_intelligence,No program_intelligence block found,C:\FOC\Workspace\Finished\CQ16019_updated.md,PASS,json parsed as dict
450,CQ16040.md,16040,missing_frontmatter,No leading YAML frontmatter block found,C:\FOC\Workspace\Finished\CQ16040_updated.md,PASS,leading YAML frontmatter present
451,CQ16040.md,16040,missing_pass1_sections,Only 1 numbered sections found,C:\FOC\Workspace\Finished\CQ16040_updated.md,PASS,numbered Pass-1 section count = 14
452,CQ16040.md,16040,missing_question_yaml,No Question YAML heading found,C:\FOC\Workspace\Finished\CQ16040_updated.md,PASS,Question YAML heading with fenced yaml block present
453,CQ16040.md,16040,missing_case_study,No 17-section case-study heading found,C:\FOC\Workspace\Finished\CQ16040_updated.md,PASS,case-study numbered item count = 17
454,CQ16040.md,16040,missing_c3_annotation,No c3_annotation block found,C:\FOC\Workspace\Finished\CQ16040_updated.md,PASS,json parsed as dict
455,CQ16040.md,16040,missing_program_elements,No program_elements block found,C:\FOC\Workspace\Finished\CQ16040_updated.md,PASS,json parsed as dict
456,CQ16040.md,16040,missing_program_intelligence,No program_intelligence block found,C:\FOC\Workspace\Finished\CQ16040_updated.md,PASS,json parsed as dict
457,CQ16042.md,16042,missing_question_yaml,No Question YAML heading found,C:\FOC\Workspace\Finished\CQ16042_updated.md,PASS,Question YAML heading with fenced yaml block present
458,CQ16052.md,16052,missing_frontmatter,No leading YAML frontmatter block found,C:\FOC\Workspace\Finished\CQ16052_updated.md,PASS,leading YAML frontmatter present
459,CQ16052.md,16052,missing_pass1_sections,Only 1 numbered sections found,C:\FOC\Workspace\Finished\CQ16052_updated.md,PASS,numbered Pass-1 section count = 14
460,CQ16052.md,16052,missing_question_yaml,No Question YAML heading found,C:\FOC\Workspace\Finished\CQ16052_updated.md,PASS,Question YAML heading with fenced yaml block present
461,CQ16052.md,16052,missing_case_study,No 17-section case-study heading found,C:\FOC\Workspace\Finished\CQ16052_updated.md,PASS,case-study numbered item count = 17
462,CQ16052.md,16052,missing_c3_annotation,No c3_annotation block found,C:\FOC\Workspace\Finished\CQ16052_updated.md,PASS,json parsed as dict
463,CQ16052.md,16052,missing_program_elements,No program_elements block found,C:\FOC\Workspace\Finished\CQ16052_updated.md,PASS,json parsed as dict
464,CQ16052.md,16052,missing_program_intelligence,No program_intelligence block found,C:\FOC\Workspace\Finished\CQ16052_updated.md,PASS,json parsed as dict
465,CQ16060.md,16060,missing_frontmatter,No leading YAML frontmatter block found,C:\FOC\Workspace\Finished\CQ16060_updated.md,PASS,leading YAML frontmatter present
466,CQ16060.md,16060,missing_pass1_sections,Only 3 numbered sections found,C:\FOC\Workspace\Finished\CQ16060_updated.md,PASS,numbered Pass-1 section count = 14
467,CQ16060.md,16060,missing_question_yaml,No Question YAML heading found,C:\FOC\Workspace\Finished\CQ16060_updated.md,PASS,Question YAML heading with fenced yaml block present
468,CQ16060.md,16060,missing_case_study,No 17-section case-study heading found,C:\FOC\Workspace\Finished\CQ16060_updated.md,PASS,case-study numbered item count = 17
469,CQ16060.md,16060,missing_c3_annotation,No c3_annotation block found,C:\FOC\Workspace\Finished\CQ16060_updated.md,PASS,json parsed as dict
470,CQ16060.md,16060,missing_program_elements,No program_elements block found,C:\FOC\Workspace\Finished\CQ16060_updated.md,PASS,json parsed as dict
471,CQ16060.md,16060,missing_program_intelligence,No program_intelligence block found,C:\FOC\Workspace\Finished\CQ16060_updated.md,PASS,json parsed as dict
472,CQ16070.md,16070,missing_frontmatter,No leading YAML frontmatter block found,C:\FOC\Workspace\Finished\CQ16070_updated.md,PASS,leading YAML frontmatter present
473,CQ16070.md,16070,missing_question_yaml,No Question YAML heading found,C:\FOC\Workspace\Finished\CQ16070_updated.md,PASS,Question YAML heading with fenced yaml block present
474,CQ16070.md,16070,missing_c3_annotation,No c3_annotation block found,C:\FOC\Workspace\Finished\CQ16070_updated.md,PASS,json parsed as dict
475,CQ16070.md,16070,missing_program_elements,No program_elements block found,C:\FOC\Workspace\Finished\CQ16070_updated.md,PASS,json parsed as dict
476,CQ16070.md,16070,missing_program_intelligence,No program_intelligence block found,C:\FOC\Workspace\Finished\CQ16070_updated.md,PASS,json parsed as dict
477,CQ16135.md,16135,missing_pass1_sections,Only 11 numbered sections found,C:\FOC\Workspace\Finished\CQ16135_updated.md,PASS,numbered Pass-1 section count = 14
478,CQ16135.md,16135,missing_question_yaml,No Question YAML heading found,C:\FOC\Workspace\Finished\CQ16135_updated.md,PASS,Question YAML heading with fenced yaml block present
479,CQ16135.md,16135,missing_case_study,No 17-section case-study heading found,C:\FOC\Workspace\Finished\CQ16135_updated.md,PASS,case-study numbered item count = 17
480,CQ16135.md,16135,missing_c3_annotation,No c3_annotation block found,C:\FOC\Workspace\Finished\CQ16135_updated.md,PASS,json parsed as dict
481,CQ16135.md,16135,missing_program_elements,No program_elements block found,C:\FOC\Workspace\Finished\CQ16135_updated.md,PASS,json parsed as dict
482,CQ16135.md,16135,missing_program_intelligence,No program_intelligence block found,C:\FOC\Workspace\Finished\CQ16135_updated.md,PASS,json parsed as dict
483,CQ16152.md,16152,missing_question_yaml,No Question YAML heading found,C:\FOC\Workspace\Finished\CQ16152_updated.md,PASS,Question YAML heading with fenced yaml block present
484,CQ16152.md,16152,missing_case_study,No 17-section case-study heading found,C:\FOC\Workspace\Finished\CQ16152_updated.md,PASS,case-study numbered item count = 17
485,CQ16152.md,16152,missing_c3_annotation,No c3_annotation block found,C:\FOC\Workspace\Finished\CQ16152_updated.md,PASS,json parsed as dict
486,CQ16152.md,16152,missing_program_elements,No program_elements block found,C:\FOC\Workspace\Finished\CQ16152_updated.md,PASS,json parsed as dict
487,CQ16152.md,16152,missing_program_intelligence,No program_intelligence block found,C:\FOC\Workspace\Finished\CQ16152_updated.md,PASS,json parsed as dict
488,CQ16158.md,16158,missing_frontmatter,No leading YAML frontmatter block found,C:\FOC\Workspace\Finished\CQ16158_updated.md,PASS,leading YAML frontmatter present
489,CQ16158.md,16158,missing_question_yaml,No Question YAML heading found,C:\FOC\Workspace\Finished\CQ16158_updated.md,PASS,Question YAML heading with fenced yaml block present
490,CQ16158.md,16158,missing_c3_annotation,No c3_annotation block found,C:\FOC\Workspace\Finished\CQ16158_updated.md,PASS,json parsed as dict
491,CQ16158.md,16158,missing_program_elements,No program_elements block found,C:\FOC\Workspace\Finished\CQ16158_updated.md,PASS,json parsed as dict
492,CQ16158.md,16158,missing_program_intelligence,No program_intelligence block found,C:\FOC\Workspace\Finished\CQ16158_updated.md,PASS,json parsed as dict
493,CQ16160_christian_variant.md,16160,missing_frontmatter,No leading YAML frontmatter block found,C:\FOC\Workspace\Finished\CQ16160_christian_variant_updated.md,PASS,leading YAML frontmatter present
494,CQ16160_christian_variant.md,16160,missing_pass1_sections,Only 10 numbered sections found,C:\FOC\Workspace\Finished\CQ16160_christian_variant_updated.md,PASS,numbered Pass-1 section count = 14
495,CQ16160_christian_variant.md,16160,missing_question_yaml,No Question YAML heading found,C:\FOC\Workspace\Finished\CQ16160_christian_variant_updated.md,PASS,Question YAML heading with fenced yaml block present
496,CQ16160_christian_variant.md,16160,missing_case_study,No 17-section case-study heading found,C:\FOC\Workspace\Finished\CQ16160_christian_variant_updated.md,PASS,case-study numbered item count = 17
497,CQ16160_christian_variant.md,16160,missing_c3_annotation,No c3_annotation block found,C:\FOC\Workspace\Finished\CQ16160_christian_variant_updated.md,PASS,json parsed as dict
498,CQ16160_christian_variant.md,16160,missing_program_elements,No program_elements block found,C:\FOC\Workspace\Finished\CQ16160_christian_variant_updated.md,PASS,json parsed as dict
499,CQ16160_christian_variant.md,16160,missing_program_intelligence,No program_intelligence block found,C:\FOC\Workspace\Finished\CQ16160_christian_variant_updated.md,PASS,json parsed as dict
500,CQ16163.md,16163,missing_frontmatter,No leading YAML frontmatter block found,C:\FOC\Workspace\Finished\CQ16163_updated.md,PASS,leading YAML frontmatter present
501,CQ16163.md,16163,missing_pass1_sections,Only 3 numbered sections found,C:\FOC\Workspace\Finished\CQ16163_updated.md,PASS,numbered Pass-1 section count = 14
502,CQ16163.md,16163,missing_question_yaml,No Question YAML heading found,C:\FOC\Workspace\Finished\CQ16163_updated.md,PASS,Question YAML heading with fenced yaml block present
503,CQ16163.md,16163,missing_case_study,No 17-section case-study heading found,C:\FOC\Workspace\Finished\CQ16163_updated.md,PASS,case-study numbered item count = 17
504,CQ16163.md,16163,missing_c3_annotation,No c3_annotation block found,C:\FOC\Workspace\Finished\CQ16163_updated.md,PASS,json parsed as dict
505,CQ16163.md,16163,missing_program_elements,No program_elements block found,C:\FOC\Workspace\Finished\CQ16163_updated.md,PASS,json parsed as dict
506,CQ16163.md,16163,missing_program_intelligence,No program_intelligence block found,C:\FOC\Workspace\Finished\CQ16163_updated.md,PASS,json parsed as dict
507,CQ16169.md,16169,missing_frontmatter,No leading YAML frontmatter block found,C:\FOC\Workspace\Finished\CQ16169_updated.md,PASS,leading YAML frontmatter present
508,CQ16169.md,16169,missing_pass1_sections,Only 6 numbered sections found,C:\FOC\Workspace\Finished\CQ16169_updated.md,PASS,numbered Pass-1 section count = 14
509,CQ16169.md,16169,missing_question_yaml,No Question YAML heading found,C:\FOC\Workspace\Finished\CQ16169_updated.md,PASS,Question YAML heading with fenced yaml block present
510,CQ16169.md,16169,missing_case_study,No 17-section case-study heading found,C:\FOC\Workspace\Finished\CQ16169_updated.md,PASS,case-study numbered item count = 17
511,CQ16169.md,16169,missing_c3_annotation,No c3_annotation block found,C:\FOC\Workspace\Finished\CQ16169_updated.md,PASS,json parsed as dict
512,CQ16169.md,16169,missing_program_elements,No program_elements block found,C:\FOC\Workspace\Finished\CQ16169_updated.md,PASS,json parsed as dict
513,CQ16169.md,16169,missing_program_intelligence,No program_intelligence block found,C:\FOC\Workspace\Finished\CQ16169_updated.md,PASS,json parsed as dict
514,CQ16184.md,16184,missing_frontmatter,No leading YAML frontmatter block found,C:\FOC\Workspace\Finished\CQ16184_updated.md,PASS,leading YAML frontmatter present
515,CQ16184.md,16184,missing_pass1_sections,Only 12 numbered sections found,C:\FOC\Workspace\Finished\CQ16184_updated.md,PASS,numbered Pass-1 section count = 20
516,CQ16184.md,16184,missing_question_yaml,No Question YAML heading found,C:\FOC\Workspace\Finished\CQ16184_updated.md,PASS,Question YAML heading with fenced yaml block present
517,CQ16184.md,16184,missing_case_study,No 17-section case-study heading found,C:\FOC\Workspace\Finished\CQ16184_updated.md,PASS,case-study numbered item count = 17
518,CQ16184.md,16184,missing_c3_annotation,No c3_annotation block found,C:\FOC\Workspace\Finished\CQ16184_updated.md,PASS,json parsed as dict
519,CQ16184.md,16184,missing_program_elements,No program_elements block found,C:\FOC\Workspace\Finished\CQ16184_updated.md,PASS,json parsed as dict
520,CQ16184.md,16184,missing_program_intelligence,No program_intelligence block found,C:\FOC\Workspace\Finished\CQ16184_updated.md,PASS,json parsed as dict
521,CQ16187.md,16187,missing_frontmatter,No leading YAML frontmatter block found,C:\FOC\Workspace\Finished\CQ16187_updated.md,PASS,leading YAML frontmatter present
522,CQ17015.md,17015,missing_frontmatter,No leading YAML frontmatter block found,C:\FOC\Workspace\Finished\CQ17015_updated.md,PASS,leading YAML frontmatter present
523,CQ17015.md,17015,missing_pass1_sections,Only 8 numbered sections found,C:\FOC\Workspace\Finished\CQ17015_updated.md,PASS,numbered Pass-1 section count = 14
524,CQ17015.md,17015,missing_question_yaml,No Question YAML heading found,C:\FOC\Workspace\Finished\CQ17015_updated.md,PASS,Question YAML heading with fenced yaml block present
525,CQ17015.md,17015,missing_case_study,No 17-section case-study heading found,C:\FOC\Workspace\Finished\CQ17015_updated.md,PASS,case-study numbered item count = 17
526,CQ17015.md,17015,missing_c3_annotation,No c3_annotation block found,C:\FOC\Workspace\Finished\CQ17015_updated.md,PASS,json parsed as dict
527,CQ17015.md,17015,missing_program_elements,No program_elements block found,C:\FOC\Workspace\Finished\CQ17015_updated.md,PASS,json parsed as dict
528,CQ17015.md,17015,missing_program_intelligence,No program_intelligence block found,C:\FOC\Workspace\Finished\CQ17015_updated.md,PASS,json parsed as dict
529,CQ17026.md,17026,missing_frontmatter,No leading YAML frontmatter block found,C:\FOC\Workspace\Finished\CQ17026_updated.md,PASS,leading YAML frontmatter present
530,CQ17026.md,17026,missing_c3_annotation,No c3_annotation block found,C:\FOC\Workspace\Finished\CQ17026_updated.md,PASS,json parsed as dict
531,CQ17026.md,17026,missing_program_elements,No program_elements block found,C:\FOC\Workspace\Finished\CQ17026_updated.md,PASS,json parsed as dict
532,CQ17026.md,17026,missing_program_intelligence,No program_intelligence block found,C:\FOC\Workspace\Finished\CQ17026_updated.md,PASS,json parsed as dict
533,CQ17034.md,17034,missing_frontmatter,No leading YAML frontmatter block found,C:\FOC\Workspace\Finished\CQ17034_updated.md,PASS,leading YAML frontmatter present
534,CQ17045.md,17045,missing_frontmatter,No leading YAML frontmatter block found,C:\FOC\Workspace\Finished\CQ17045_updated.md,PASS,leading YAML frontmatter present
535,CQ17045.md,17045,missing_question_yaml,No Question YAML heading found,C:\FOC\Workspace\Finished\CQ17045_updated.md,PASS,Question YAML heading with fenced yaml block present
536,CQ17045.md,17045,missing_c3_annotation,No c3_annotation block found,C:\FOC\Workspace\Finished\CQ17045_updated.md,PASS,json parsed as dict
537,CQ17045.md,17045,missing_program_elements,No program_elements block found,C:\FOC\Workspace\Finished\CQ17045_updated.md,PASS,json parsed as dict
538,CQ17045.md,17045,missing_program_intelligence,No program_intelligence block found,C:\FOC\Workspace\Finished\CQ17045_updated.md,PASS,json parsed as dict
539,CQ17058.md,17058,missing_frontmatter,No leading YAML frontmatter block found,C:\FOC\Workspace\Finished\CQ17058_updated.md,PASS,leading YAML frontmatter present
540,CQ17058.md,17058,missing_case_study,No 17-section case-study heading found,C:\FOC\Workspace\Finished\CQ17058_updated.md,PASS,case-study numbered item count = 17
541,CQ17058.md,17058,missing_c3_annotation,No c3_annotation block found,C:\FOC\Workspace\Finished\CQ17058_updated.md,PASS,json parsed as dict
542,CQ17058.md,17058,missing_program_elements,No program_elements block found,C:\FOC\Workspace\Finished\CQ17058_updated.md,PASS,json parsed as dict
543,CQ17058.md,17058,missing_program_intelligence,No program_intelligence block found,C:\FOC\Workspace\Finished\CQ17058_updated.md,PASS,json parsed as dict
544,CQ17084.md,17084,missing_frontmatter,No leading YAML frontmatter block found,C:\FOC\Workspace\Finished\CQ17084_updated.md,PASS,leading YAML frontmatter present
545,CQ17084.md,17084,missing_case_study,No 17-section case-study heading found,C:\FOC\Workspace\Finished\CQ17084_updated.md,PASS,case-study numbered item count = 17
546,CQ17084.md,17084,missing_c3_annotation,No c3_annotation block found,C:\FOC\Workspace\Finished\CQ17084_updated.md,PASS,json parsed as dict
547,CQ17084.md,17084,missing_program_elements,No program_elements block found,C:\FOC\Workspace\Finished\CQ17084_updated.md,PASS,json parsed as dict
548,CQ17084.md,17084,missing_program_intelligence,No program_intelligence block found,C:\FOC\Workspace\Finished\CQ17084_updated.md,PASS,json parsed as dict
549,CQ17091.md,17091,missing_frontmatter,No leading YAML frontmatter block found,C:\FOC\Workspace\Finished\CQ17091_updated.md,PASS,leading YAML frontmatter present
550,CQ17091.md,17091,missing_pass1_sections,Only 8 numbered sections found,C:\FOC\Workspace\Finished\CQ17091_updated.md,PASS,numbered Pass-1 section count = 14
551,CQ17091.md,17091,missing_question_yaml,No Question YAML heading found,C:\FOC\Workspace\Finished\CQ17091_updated.md,PASS,Question YAML heading with fenced yaml block present
552,CQ17091.md,17091,missing_case_study,No 17-section case-study heading found,C:\FOC\Workspace\Finished\CQ17091_updated.md,PASS,case-study numbered item count = 17
553,CQ17091.md,17091,missing_c3_annotation,No c3_annotation block found,C:\FOC\Workspace\Finished\CQ17091_updated.md,PASS,json parsed as dict
554,CQ17091.md,17091,missing_program_elements,No program_elements block found,C:\FOC\Workspace\Finished\CQ17091_updated.md,PASS,json parsed as dict
555,CQ17091.md,17091,missing_program_intelligence,No program_intelligence block found,C:\FOC\Workspace\Finished\CQ17091_updated.md,PASS,json parsed as dict
556,CQ17110.md,17110,missing_frontmatter,No leading YAML frontmatter block found,C:\FOC\Workspace\Finished\CQ17110_updated.md,PASS,leading YAML frontmatter present
557,CQ17110.md,17110,missing_c3_annotation,No c3_annotation block found,C:\FOC\Workspace\Finished\CQ17110_updated.md,PASS,json parsed as dict
558,CQ17110.md,17110,missing_program_elements,No program_elements block found,C:\FOC\Workspace\Finished\CQ17110_updated.md,PASS,json parsed as dict
559,CQ17110.md,17110,missing_program_intelligence,No program_intelligence block found,C:\FOC\Workspace\Finished\CQ17110_updated.md,PASS,json parsed as dict
560,CQ17151.md,17151,missing_frontmatter,No leading YAML frontmatter block found,C:\FOC\Workspace\Finished\CQ17151_updated.md,PASS,leading YAML frontmatter present
561,CQ17151.md,17151,missing_question_yaml,No Question YAML heading found,C:\FOC\Workspace\Finished\CQ17151_updated.md,PASS,Question YAML heading with fenced yaml block present
562,CQ17151.md,17151,missing_case_study,No 17-section case-study heading found,C:\FOC\Workspace\Finished\CQ17151_updated.md,PASS,case-study numbered item count = 17
563,CQ17151.md,17151,missing_c3_annotation,No c3_annotation block found,C:\FOC\Workspace\Finished\CQ17151_updated.md,PASS,json parsed as dict
564,CQ17151.md,17151,missing_program_elements,No program_elements block found,C:\FOC\Workspace\Finished\CQ17151_updated.md,PASS,json parsed as dict
565,CQ17151.md,17151,missing_program_intelligence,No program_intelligence block found,C:\FOC\Workspace\Finished\CQ17151_updated.md,PASS,json parsed as dict
566,CQ17157.md,17157,missing_pass1_sections,Only 11 numbered sections found,C:\FOC\Workspace\Finished\CQ17157_updated.md,PASS,numbered Pass-1 section count = 14
567,CQ17167.md,17167,missing_frontmatter,No leading YAML frontmatter block found,C:\FOC\Workspace\Finished\CQ17167_updated.md,PASS,leading YAML frontmatter present
568,CQ17167.md,17167,missing_c3_annotation,No c3_annotation block found,C:\FOC\Workspace\Finished\CQ17167_updated.md,PASS,json parsed as dict
569,CQ17167.md,17167,missing_program_elements,No program_elements block found,C:\FOC\Workspace\Finished\CQ17167_updated.md,PASS,json parsed as dict
570,CQ17167.md,17167,missing_program_intelligence,No program_intelligence block found,C:\FOC\Workspace\Finished\CQ17167_updated.md,PASS,json parsed as dict
571,CQ17173.md,17173,missing_frontmatter,No leading YAML frontmatter block found,C:\FOC\Workspace\Finished\CQ17173_updated.md,PASS,leading YAML frontmatter present
572,CQ17173.md,17173,missing_question_yaml,No Question YAML heading found,C:\FOC\Workspace\Finished\CQ17173_updated.md,PASS,Question YAML heading with fenced yaml block present
573,CQ17173.md,17173,missing_case_study,No 17-section case-study heading found,C:\FOC\Workspace\Finished\CQ17173_updated.md,PASS,case-study numbered item count = 17
574,CQ17173.md,17173,missing_c3_annotation,No c3_annotation block found,C:\FOC\Workspace\Finished\CQ17173_updated.md,PASS,json parsed as dict
575,CQ17173.md,17173,missing_program_elements,No program_elements block found,C:\FOC\Workspace\Finished\CQ17173_updated.md,PASS,json parsed as dict
576,CQ17173.md,17173,missing_program_intelligence,No program_intelligence block found,C:\FOC\Workspace\Finished\CQ17173_updated.md,PASS,json parsed as dict
577,CQ17200.md,17200,missing_frontmatter,No leading YAML frontmatter block found,C:\FOC\Workspace\Finished\CQ17200_updated.md,PASS,leading YAML frontmatter present
578,CQ17345.md,17345,missing_c3_annotation,No c3_annotation block found,C:\FOC\Workspace\Finished\CQ17345_updated.md,PASS,json parsed as dict
579,CQ17345.md,17345,missing_program_elements,No program_elements block found,C:\FOC\Workspace\Finished\CQ17345_updated.md,PASS,json parsed as dict
580,CQ17345.md,17345,missing_program_intelligence,No program_intelligence block found,C:\FOC\Workspace\Finished\CQ17345_updated.md,PASS,json parsed as dict
581,CQ17405.md,17405,missing_pass1_sections,Only 1 numbered sections found,C:\FOC\Workspace\Finished\CQ17405_updated.md,PASS,numbered Pass-1 section count = 14
582,CQ17405.md,17405,missing_case_study,No 17-section case-study heading found,C:\FOC\Workspace\Finished\CQ17405_updated.md,PASS,case-study numbered item count = 17
583,CQ17405.md,17405,missing_c3_annotation,No c3_annotation block found,C:\FOC\Workspace\Finished\CQ17405_updated.md,PASS,json parsed as dict
584,CQ17405.md,17405,missing_program_elements,No program_elements block found,C:\FOC\Workspace\Finished\CQ17405_updated.md,PASS,json parsed as dict
585,CQ17405.md,17405,missing_program_intelligence,No program_intelligence block found,C:\FOC\Workspace\Finished\CQ17405_updated.md,PASS,json parsed as dict
586,CQ17419.md,17419,missing_question_yaml,No Question YAML heading found,C:\FOC\Workspace\Finished\CQ17419_updated.md,PASS,Question YAML heading with fenced yaml block present
587,CQ17419.md,17419,missing_case_study,No 17-section case-study heading found,C:\FOC\Workspace\Finished\CQ17419_updated.md,PASS,case-study numbered item count = 17
588,CQ17419.md,17419,missing_c3_annotation,No c3_annotation block found,C:\FOC\Workspace\Finished\CQ17419_updated.md,PASS,json parsed as dict
589,CQ17419.md,17419,missing_program_elements,No program_elements block found,C:\FOC\Workspace\Finished\CQ17419_updated.md,PASS,json parsed as dict
590,CQ17419.md,17419,missing_program_intelligence,No program_intelligence block found,C:\FOC\Workspace\Finished\CQ17419_updated.md,PASS,json parsed as dict
591,CQ17420.md,17420,missing_frontmatter,No leading YAML frontmatter block found,C:\FOC\Workspace\Finished\CQ17420_updated.md,PASS,leading YAML frontmatter present
592,CQ17420.md,17420,missing_pass1_sections,Only 0 numbered sections found,C:\FOC\Workspace\Finished\CQ17420_updated.md,PASS,numbered Pass-1 section count = 14
593,CQ17564.md,17564,missing_frontmatter,No leading YAML frontmatter block found,C:\FOC\Workspace\Finished\CQ17564_updated.md,PASS,leading YAML frontmatter present
594,CQ17564.md,17564,missing_pass1_sections,Only 0 numbered sections found,C:\FOC\Workspace\Finished\CQ17564_updated.md,PASS,numbered Pass-1 section count = 14
595,CQ17564.md,17564,missing_question_yaml,No Question YAML heading found,C:\FOC\Workspace\Finished\CQ17564_updated.md,PASS,Question YAML heading with fenced yaml block present
596,CQ17564.md,17564,missing_case_study,No 17-section case-study heading found,C:\FOC\Workspace\Finished\CQ17564_updated.md,PASS,case-study numbered item count = 17
597,CQ17564.md,17564,missing_c3_annotation,No c3_annotation block found,C:\FOC\Workspace\Finished\CQ17564_updated.md,PASS,json parsed as dict
598,CQ17564.md,17564,missing_program_elements,No program_elements block found,C:\FOC\Workspace\Finished\CQ17564_updated.md,PASS,json parsed as dict
599,CQ17564.md,17564,missing_program_intelligence,No program_intelligence block found,C:\FOC\Workspace\Finished\CQ17564_updated.md,PASS,json parsed as dict
600,CQ17685.md,17685,missing_frontmatter,No leading YAML frontmatter block found,C:\FOC\Workspace\Finished\CQ17685_updated.md,PASS,leading YAML frontmatter present
601,CQ17712.md,17712,missing_case_study,No 17-section case-study heading found,C:\FOC\Workspace\Finished\CQ17712_updated.md,PASS,case-study numbered item count = 17
602,CQ17712.md,17712,missing_c3_annotation,No c3_annotation block found,C:\FOC\Workspace\Finished\CQ17712_updated.md,PASS,json parsed as dict
603,CQ17712.md,17712,missing_program_elements,No program_elements block found,C:\FOC\Workspace\Finished\CQ17712_updated.md,PASS,json parsed as dict
604,CQ17712.md,17712,missing_program_intelligence,No program_intelligence block found,C:\FOC\Workspace\Finished\CQ17712_updated.md,PASS,json parsed as dict
605,CQ17776.md,17776,missing_pass1_sections,Only 12 numbered sections found,C:\FOC\Workspace\Finished\CQ17776_updated.md,PASS,numbered Pass-1 section count = 19
606,CQ17785.md,17785,missing_frontmatter,No leading YAML frontmatter block found,C:\FOC\Workspace\Finished\CQ17785_updated.md,PASS,leading YAML frontmatter present
607,CQ17785.md,17785,missing_pass1_sections,Only 12 numbered sections found,C:\FOC\Workspace\Finished\CQ17785_updated.md,PASS,numbered Pass-1 section count = 14
608,CQ17785.md,17785,missing_c3_annotation,No c3_annotation block found,C:\FOC\Workspace\Finished\CQ17785_updated.md,PASS,json parsed as dict
609,CQ17785.md,17785,missing_program_elements,No program_elements block found,C:\FOC\Workspace\Finished\CQ17785_updated.md,PASS,json parsed as dict
610,CQ17785.md,17785,missing_program_intelligence,No program_intelligence block found,C:\FOC\Workspace\Finished\CQ17785_updated.md,PASS,json parsed as dict
611,CQ17930.md,17930,missing_frontmatter,No leading YAML frontmatter block found,C:\FOC\Workspace\Finished\CQ17930_updated.md,PASS,leading YAML frontmatter present
612,CQ17930.md,17930,missing_pass1_sections,Only 0 numbered sections found,C:\FOC\Workspace\Finished\CQ17930_updated.md,PASS,numbered Pass-1 section count = 14
613,CQ17930.md,17930,missing_question_yaml,No Question YAML heading found,C:\FOC\Workspace\Finished\CQ17930_updated.md,PASS,Question YAML heading with fenced yaml block present
614,CQ17930.md,17930,missing_case_study,No 17-section case-study heading found,C:\FOC\Workspace\Finished\CQ17930_updated.md,PASS,case-study numbered item count = 17
615,CQ17930.md,17930,missing_c3_annotation,No c3_annotation block found,C:\FOC\Workspace\Finished\CQ17930_updated.md,PASS,json parsed as dict
616,CQ17930.md,17930,missing_program_elements,No program_elements block found,C:\FOC\Workspace\Finished\CQ17930_updated.md,PASS,json parsed as dict
617,CQ17930.md,17930,missing_program_intelligence,No program_intelligence block found,C:\FOC\Workspace\Finished\CQ17930_updated.md,PASS,json parsed as dict
618,CQ17979.md,17979,missing_frontmatter,No leading YAML frontmatter block found,C:\FOC\Workspace\Finished\CQ17979_updated.md,PASS,leading YAML frontmatter present
624,CQ18090.md,18090,missing_pass1_sections,Only 12 numbered sections found,C:\FOC\Workspace\Finished\CQ18090_updated.md,PASS,numbered Pass-1 section count = 19
625,CQ18217.md,18217,missing_c3_annotation,No c3_annotation block found,C:\FOC\Workspace\Finished\CQ18217_updated.md,PASS,json parsed as dict
626,CQ18217.md,18217,missing_program_elements,No program_elements block found,C:\FOC\Workspace\Finished\CQ18217_updated.md,PASS,json parsed as dict
627,CQ18217.md,18217,missing_program_intelligence,No program_intelligence block found,C:\FOC\Workspace\Finished\CQ18217_updated.md,PASS,json parsed as dict
628,CQ18252.md,18252,missing_frontmatter,No leading YAML frontmatter block found,C:\FOC\Workspace\Finished\CQ18252_updated.md,PASS,leading YAML frontmatter present
629,CQ18252.md,18252,missing_pass1_sections,Only 8 numbered sections found,C:\FOC\Workspace\Finished\CQ18252_updated.md,PASS,numbered Pass-1 section count = 14
630,CQ18252.md,18252,missing_question_yaml,No Question YAML heading found,C:\FOC\Workspace\Finished\CQ18252_updated.md,PASS,Question YAML heading with fenced yaml block present
631,CQ18252.md,18252,missing_case_study,No 17-section case-study heading found,C:\FOC\Workspace\Finished\CQ18252_updated.md,PASS,case-study numbered item count = 17
632,CQ18252.md,18252,missing_c3_annotation,No c3_annotation block found,C:\FOC\Workspace\Finished\CQ18252_updated.md,PASS,json parsed as dict
633,CQ18252.md,18252,missing_program_elements,No program_elements block found,C:\FOC\Workspace\Finished\CQ18252_updated.md,PASS,json parsed as dict
634,CQ18252.md,18252,missing_program_intelligence,No program_intelligence block found,C:\FOC\Workspace\Finished\CQ18252_updated.md,PASS,json parsed as dict
635,CQ18342.md,18342,missing_frontmatter,No leading YAML frontmatter block found,C:\FOC\Workspace\Finished\CQ18342_updated.md,PASS,leading YAML frontmatter present
636,CQ18342.md,18342,missing_pass1_sections,Only 11 numbered sections found,C:\FOC\Workspace\Finished\CQ18342_updated.md,PASS,numbered Pass-1 section count = 14
637,CQ18342.md,18342,missing_question_yaml,No Question YAML heading found,C:\FOC\Workspace\Finished\CQ18342_updated.md,PASS,Question YAML heading with fenced yaml block present
638,CQ18342.md,18342,missing_case_study,No 17-section case-study heading found,C:\FOC\Workspace\Finished\CQ18342_updated.md,PASS,case-study numbered item count = 17
639,CQ18342.md,18342,missing_c3_annotation,No c3_annotation block found,C:\FOC\Workspace\Finished\CQ18342_updated.md,PASS,json parsed as dict
640,CQ18342.md,18342,missing_program_elements,No program_elements block found,C:\FOC\Workspace\Finished\CQ18342_updated.md,PASS,json parsed as dict
641,CQ18342.md,18342,missing_program_intelligence,No program_intelligence block found,C:\FOC\Workspace\Finished\CQ18342_updated.md,PASS,json parsed as dict
642,CQ18385.md,18385,missing_pass1_sections,Only 12 numbered sections found,C:\FOC\Workspace\Finished\CQ18385_updated.md,PASS,numbered Pass-1 section count = 19
643,CQ18442.md,18442,missing_frontmatter,No leading YAML frontmatter block found,C:\FOC\Workspace\Finished\CQ18442_updated.md,PASS,leading YAML frontmatter present
644,CQ18442.md,18442,missing_pass1_sections,Only 0 numbered sections found,C:\FOC\Workspace\Finished\CQ18442_updated.md,PASS,numbered Pass-1 section count = 19
645,CQ18456.md,18456,missing_question_yaml,No Question YAML heading found,C:\FOC\Workspace\Finished\CQ18456_updated.md,PASS,Question YAML heading with fenced yaml block present
646,CQ18456.md,18456,missing_case_study,No 17-section case-study heading found,C:\FOC\Workspace\Finished\CQ18456_updated.md,PASS,case-study numbered item count = 17
647,CQ18456.md,18456,missing_c3_annotation,No c3_annotation block found,C:\FOC\Workspace\Finished\CQ18456_updated.md,PASS,json parsed as dict
648,CQ18456.md,18456,missing_program_elements,No program_elements block found,C:\FOC\Workspace\Finished\CQ18456_updated.md,PASS,json parsed as dict
649,CQ18456.md,18456,missing_program_intelligence,No program_intelligence block found,C:\FOC\Workspace\Finished\CQ18456_updated.md,PASS,json parsed as dict
650,CQ18550.md,18550,missing_frontmatter,No leading YAML frontmatter block found,C:\FOC\Workspace\Finished\CQ18550_updated.md,PASS,leading YAML frontmatter present
651,CQ18550.md,18550,missing_question_yaml,No Question YAML heading found,C:\FOC\Workspace\Finished\CQ18550_updated.md,PASS,Question YAML heading with fenced yaml block present
652,CQ18861.md,18861,missing_frontmatter,No leading YAML frontmatter block found,C:\FOC\Workspace\Finished\CQ18861_updated.md,PASS,leading YAML frontmatter present
653,CQ18861.md,18861,missing_question_yaml,No Question YAML heading found,C:\FOC\Workspace\Finished\CQ18861_updated.md,PASS,Question YAML heading with fenced yaml block present
654,CQ18861.md,18861,missing_case_study,No 17-section case-study heading found,C:\FOC\Workspace\Finished\CQ18861_updated.md,PASS,case-study numbered item count = 17
655,CQ18861.md,18861,missing_c3_annotation,No c3_annotation block found,C:\FOC\Workspace\Finished\CQ18861_updated.md,PASS,json parsed as dict
656,CQ18861.md,18861,missing_program_elements,No program_elements block found,C:\FOC\Workspace\Finished\CQ18861_updated.md,PASS,json parsed as dict
657,CQ18861.md,18861,missing_program_intelligence,No program_intelligence block found,C:\FOC\Workspace\Finished\CQ18861_updated.md,PASS,json parsed as dict
658,CQ19064.md,19064,missing_pass1_sections,Only 12 numbered sections found,C:\FOC\Workspace\Finished\CQ19064_updated.md,PASS,numbered Pass-1 section count = 19
659,CQ19099.md,19099,missing_frontmatter,No leading YAML frontmatter block found,C:\FOC\Workspace\Finished\CQ19099_updated.md,PASS,leading YAML frontmatter present
660,CQ19099.md,19099,missing_question_yaml,No Question YAML heading found,C:\FOC\Workspace\Finished\CQ19099_updated.md,PASS,Question YAML heading with fenced yaml block present
661,CQ19099.md,19099,missing_case_study,No 17-section case-study heading found,C:\FOC\Workspace\Finished\CQ19099_updated.md,PASS,case-study numbered item count = 17
662,CQ19099.md,19099,missing_c3_annotation,No c3_annotation block found,C:\FOC\Workspace\Finished\CQ19099_updated.md,PASS,json parsed as dict
663,CQ19099.md,19099,missing_program_elements,No program_elements block found,C:\FOC\Workspace\Finished\CQ19099_updated.md,PASS,json parsed as dict
664,CQ19099.md,19099,missing_program_intelligence,No program_intelligence block found,C:\FOC\Workspace\Finished\CQ19099_updated.md,PASS,json parsed as dict
665,CQ19143.md,19143,missing_pass1_sections,Only 12 numbered sections found,C:\FOC\Workspace\Finished\CQ19143_updated.md,PASS,numbered Pass-1 section count = 19
666,CQ19177.md,19177,missing_frontmatter,No leading YAML frontmatter block found,C:\FOC\Workspace\Finished\CQ19177_updated.md,PASS,leading YAML frontmatter present
667,CQ19177.md,19177,missing_c3_annotation,No c3_annotation block found,C:\FOC\Workspace\Finished\CQ19177_updated.md,PASS,json parsed as dict
668,CQ19177.md,19177,missing_program_elements,No program_elements block found,C:\FOC\Workspace\Finished\CQ19177_updated.md,PASS,json parsed as dict
669,CQ19177.md,19177,missing_program_intelligence,No program_intelligence block found,C:\FOC\Workspace\Finished\CQ19177_updated.md,PASS,json parsed as dict
670,CQ19194.md,19194,missing_frontmatter,No leading YAML frontmatter block found,C:\FOC\Workspace\Finished\CQ19194_updated.md,PASS,leading YAML frontmatter present
671,CQ19194.md,19194,missing_case_study,No 17-section case-study heading found,C:\FOC\Workspace\Finished\CQ19194_updated.md,PASS,case-study numbered item count = 17
672,CQ19194.md,19194,missing_c3_annotation,No c3_annotation block found,C:\FOC\Workspace\Finished\CQ19194_updated.md,PASS,json parsed as dict
673,CQ19194.md,19194,missing_program_elements,No program_elements block found,C:\FOC\Workspace\Finished\CQ19194_updated.md,PASS,json parsed as dict
674,CQ19194.md,19194,missing_program_intelligence,No program_intelligence block found,C:\FOC\Workspace\Finished\CQ19194_updated.md,PASS,json parsed as dict
675,CQ19213.md,19213,missing_frontmatter,No leading YAML frontmatter block found,C:\FOC\Workspace\Finished\CQ19213_updated.md,PASS,leading YAML frontmatter present
676,CQ19213.md,19213,missing_question_yaml,No Question YAML heading found,C:\FOC\Workspace\Finished\CQ19213_updated.md,PASS,Question YAML heading with fenced yaml block present
677,CQ19213.md,19213,missing_case_study,No 17-section case-study heading found,C:\FOC\Workspace\Finished\CQ19213_updated.md,PASS,case-study numbered item count = 17
678,CQ19213.md,19213,missing_c3_annotation,No c3_annotation block found,C:\FOC\Workspace\Finished\CQ19213_updated.md,PASS,json parsed as dict
679,CQ19213.md,19213,missing_program_elements,No program_elements block found,C:\FOC\Workspace\Finished\CQ19213_updated.md,PASS,json parsed as dict
680,CQ19213.md,19213,missing_program_intelligence,No program_intelligence block found,C:\FOC\Workspace\Finished\CQ19213_updated.md,PASS,json parsed as dict
681,CQ19228.md,19228,missing_frontmatter,No leading YAML frontmatter block found,C:\FOC\Workspace\Finished\CQ19228_updated.md,PASS,leading YAML frontmatter present
682,CQ19228.md,19228,missing_c3_annotation,No c3_annotation block found,C:\FOC\Workspace\Finished\CQ19228_updated.md,PASS,json parsed as dict
683,CQ19228.md,19228,missing_program_elements,No program_elements block found,C:\FOC\Workspace\Finished\CQ19228_updated.md,PASS,json parsed as dict
684,CQ19228.md,19228,missing_program_intelligence,No program_intelligence block found,C:\FOC\Workspace\Finished\CQ19228_updated.md,PASS,json parsed as dict
685,CQ19250.md,19250,missing_frontmatter,No leading YAML frontmatter block found,C:\FOC\Workspace\Finished\CQ19250_updated.md,PASS,leading YAML frontmatter present
686,CQ19250.md,19250,missing_question_yaml,No Question YAML heading found,C:\FOC\Workspace\Finished\CQ19250_updated.md,PASS,Question YAML heading with fenced yaml block present
687,CQ19250.md,19250,missing_case_study,No 17-section case-study heading found,C:\FOC\Workspace\Finished\CQ19250_updated.md,PASS,case-study numbered item count = 17
688,CQ19250.md,19250,missing_c3_annotation,No c3_annotation block found,C:\FOC\Workspace\Finished\CQ19250_updated.md,PASS,json parsed as dict
689,CQ19250.md,19250,missing_program_elements,No program_elements block found,C:\FOC\Workspace\Finished\CQ19250_updated.md,PASS,json parsed as dict
690,CQ19250.md,19250,missing_program_intelligence,No program_intelligence block found,C:\FOC\Workspace\Finished\CQ19250_updated.md,PASS,json parsed as dict
691,CQ19263.md,19263,missing_frontmatter,No leading YAML frontmatter block found,C:\FOC\Workspace\Finished\CQ19263_updated.md,PASS,leading YAML frontmatter present
692,CQ19263.md,19263,missing_question_yaml,No Question YAML heading found,C:\FOC\Workspace\Finished\CQ19263_updated.md,PASS,Question YAML heading with fenced yaml block present
693,CQ19263.md,19263,missing_case_study,No 17-section case-study heading found,C:\FOC\Workspace\Finished\CQ19263_updated.md,PASS,case-study numbered item count = 17
694,CQ19263.md,19263,missing_c3_annotation,No c3_annotation block found,C:\FOC\Workspace\Finished\CQ19263_updated.md,PASS,json parsed as dict
695,CQ19263.md,19263,missing_program_elements,No program_elements block found,C:\FOC\Workspace\Finished\CQ19263_updated.md,PASS,json parsed as dict
696,CQ19263.md,19263,missing_program_intelligence,No program_intelligence block found,C:\FOC\Workspace\Finished\CQ19263_updated.md,PASS,json parsed as dict
697,CQ19266.md,19266,missing_frontmatter,No leading YAML frontmatter block found,C:\FOC\Workspace\Finished\CQ19266_updated.md,PASS,leading YAML frontmatter present
698,CQ19266.md,19266,missing_c3_annotation,No c3_annotation block found,C:\FOC\Workspace\Finished\CQ19266_updated.md,PASS,json parsed as dict
699,CQ19266.md,19266,missing_program_elements,No program_elements block found,C:\FOC\Workspace\Finished\CQ19266_updated.md,PASS,json parsed as dict
700,CQ19266.md,19266,missing_program_intelligence,No program_intelligence block found,C:\FOC\Workspace\Finished\CQ19266_updated.md,PASS,json parsed as dict
701,CQ19286.md,19286,missing_frontmatter,No leading YAML frontmatter block found,C:\FOC\Workspace\Finished\CQ19286_updated.md,PASS,leading YAML frontmatter present
702,CQ19286.md,19286,missing_c3_annotation,No c3_annotation block found,C:\FOC\Workspace\Finished\CQ19286_updated.md,PASS,json parsed as dict
703,CQ19286.md,19286,missing_program_elements,No program_elements block found,C:\FOC\Workspace\Finished\CQ19286_updated.md,PASS,json parsed as dict
704,CQ19286.md,19286,missing_program_intelligence,No program_intelligence block found,C:\FOC\Workspace\Finished\CQ19286_updated.md,PASS,json parsed as dict
705,CQ19305.md,19305,missing_frontmatter,No leading YAML frontmatter block found,C:\FOC\Workspace\Finished\CQ19305_updated.md,PASS,leading YAML frontmatter present
706,CQ19305.md,19305,missing_pass1_sections,Only 9 numbered sections found,C:\FOC\Workspace\Finished\CQ19305_updated.md,PASS,numbered Pass-1 section count = 14
707,CQ19305.md,19305,missing_question_yaml,No Question YAML heading found,C:\FOC\Workspace\Finished\CQ19305_updated.md,PASS,Question YAML heading with fenced yaml block present
708,CQ19305.md,19305,missing_case_study,No 17-section case-study heading found,C:\FOC\Workspace\Finished\CQ19305_updated.md,PASS,case-study numbered item count = 17
709,CQ19305.md,19305,missing_c3_annotation,No c3_annotation block found,C:\FOC\Workspace\Finished\CQ19305_updated.md,PASS,json parsed as dict
710,CQ19305.md,19305,missing_program_elements,No program_elements block found,C:\FOC\Workspace\Finished\CQ19305_updated.md,PASS,json parsed as dict
711,CQ19305.md,19305,missing_program_intelligence,No program_intelligence block found,C:\FOC\Workspace\Finished\CQ19305_updated.md,PASS,json parsed as dict
712,CQ19336.md,19336,missing_frontmatter,No leading YAML frontmatter block found,C:\FOC\Workspace\Finished\CQ19336_updated.md,PASS,leading YAML frontmatter present
713,CQ19336.md,19336,missing_question_yaml,No Question YAML heading found,C:\FOC\Workspace\Finished\CQ19336_updated.md,PASS,Question YAML heading with fenced yaml block present
714,CQ19336.md,19336,missing_case_study,No 17-section case-study heading found,C:\FOC\Workspace\Finished\CQ19336_updated.md,PASS,case-study numbered item count = 17
715,CQ19336.md,19336,missing_c3_annotation,No c3_annotation block found,C:\FOC\Workspace\Finished\CQ19336_updated.md,PASS,json parsed as dict
716,CQ19336.md,19336,missing_program_elements,No program_elements block found,C:\FOC\Workspace\Finished\CQ19336_updated.md,PASS,json parsed as dict
717,CQ19336.md,19336,missing_program_intelligence,No program_intelligence block found,C:\FOC\Workspace\Finished\CQ19336_updated.md,PASS,json parsed as dict
718,CQ19379.md,19379,missing_frontmatter,No leading YAML frontmatter block found,C:\FOC\Workspace\Finished\CQ19379_updated.md,PASS,leading YAML frontmatter present
719,CQ19379.md,19379,missing_question_yaml,No Question YAML heading found,C:\FOC\Workspace\Finished\CQ19379_updated.md,PASS,Question YAML heading with fenced yaml block present
720,CQ19379.md,19379,missing_case_study,No 17-section case-study heading found,C:\FOC\Workspace\Finished\CQ19379_updated.md,PASS,case-study numbered item count = 17
721,CQ19379.md,19379,missing_c3_annotation,No c3_annotation block found,C:\FOC\Workspace\Finished\CQ19379_updated.md,PASS,json parsed as dict
722,CQ19379.md,19379,missing_program_elements,No program_elements block found,C:\FOC\Workspace\Finished\CQ19379_updated.md,PASS,json parsed as dict
723,CQ19379.md,19379,missing_program_intelligence,No program_intelligence block found,C:\FOC\Workspace\Finished\CQ19379_updated.md,PASS,json parsed as dict
724,CQ19381.md,19381,missing_frontmatter,No leading YAML frontmatter block found,C:\FOC\Workspace\Finished\CQ19381_updated.md,PASS,leading YAML frontmatter present
725,CQ19381.md,19381,missing_question_yaml,No Question YAML heading found,C:\FOC\Workspace\Finished\CQ19381_updated.md,PASS,Question YAML heading with fenced yaml block present
726,CQ19381.md,19381,missing_case_study,No 17-section case-study heading found,C:\FOC\Workspace\Finished\CQ19381_updated.md,PASS,case-study numbered item count = 17
727,CQ19381.md,19381,missing_c3_annotation,No c3_annotation block found,C:\FOC\Workspace\Finished\CQ19381_updated.md,PASS,json parsed as dict
728,CQ19381.md,19381,missing_program_elements,No program_elements block found,C:\FOC\Workspace\Finished\CQ19381_updated.md,PASS,json parsed as dict
729,CQ19381.md,19381,missing_program_intelligence,No program_intelligence block found,C:\FOC\Workspace\Finished\CQ19381_updated.md,PASS,json parsed as dict
730,CQ19386.md,19386,missing_frontmatter,No leading YAML frontmatter block found,C:\FOC\Workspace\Finished\CQ19386_updated.md,PASS,leading YAML frontmatter present
731,CQ19386.md,19386,missing_case_study,No 17-section case-study heading found,C:\FOC\Workspace\Finished\CQ19386_updated.md,PASS,case-study numbered item count = 17
732,CQ19386.md,19386,missing_c3_annotation,No c3_annotation block found,C:\FOC\Workspace\Finished\CQ19386_updated.md,PASS,json parsed as dict
733,CQ19386.md,19386,missing_program_elements,No program_elements block found,C:\FOC\Workspace\Finished\CQ19386_updated.md,PASS,json parsed as dict
734,CQ19386.md,19386,missing_program_intelligence,No program_intelligence block found,C:\FOC\Workspace\Finished\CQ19386_updated.md,PASS,json parsed as dict
735,CQ19430.md,19430,missing_frontmatter,No leading YAML frontmatter block found,C:\FOC\Workspace\Finished\CQ19430_updated.md,PASS,leading YAML frontmatter present
736,CQ19430.md,19430,missing_question_yaml,No Question YAML heading found,C:\FOC\Workspace\Finished\CQ19430_updated.md,PASS,Question YAML heading with fenced yaml block present
737,CQ19430.md,19430,missing_case_study,No 17-section case-study heading found,C:\FOC\Workspace\Finished\CQ19430_updated.md,PASS,case-study numbered item count = 17
738,CQ19430.md,19430,missing_c3_annotation,No c3_annotation block found,C:\FOC\Workspace\Finished\CQ19430_updated.md,PASS,json parsed as dict
739,CQ19430.md,19430,missing_program_elements,No program_elements block found,C:\FOC\Workspace\Finished\CQ19430_updated.md,PASS,json parsed as dict
740,CQ19430.md,19430,missing_program_intelligence,No program_intelligence block found,C:\FOC\Workspace\Finished\CQ19430_updated.md,PASS,json parsed as dict
741,CQ19434.md,19434,missing_frontmatter,No leading YAML frontmatter block found,C:\FOC\Workspace\Finished\CQ19434_updated.md,PASS,leading YAML frontmatter present
742,CQ19434.md,19434,missing_c3_annotation,No c3_annotation block found,C:\FOC\Workspace\Finished\CQ19434_updated.md,PASS,json parsed as dict
743,CQ19434.md,19434,missing_program_elements,No program_elements block found,C:\FOC\Workspace\Finished\CQ19434_updated.md,PASS,json parsed as dict
744,CQ19434.md,19434,missing_program_intelligence,No program_intelligence block found,C:\FOC\Workspace\Finished\CQ19434_updated.md,PASS,json parsed as dict
745,CQ19448.md,19448,missing_frontmatter,No leading YAML frontmatter block found,C:\FOC\Workspace\Finished\CQ19448_updated.md,PASS,leading YAML frontmatter present
746,CQ19448.md,19448,missing_c3_annotation,No c3_annotation block found,C:\FOC\Workspace\Finished\CQ19448_updated.md,PASS,json parsed as dict
747,CQ19448.md,19448,missing_program_elements,No program_elements block found,C:\FOC\Workspace\Finished\CQ19448_updated.md,PASS,json parsed as dict
748,CQ19448.md,19448,missing_program_intelligence,No program_intelligence block found,C:\FOC\Workspace\Finished\CQ19448_updated.md,PASS,json parsed as dict
749,CQ19499.md,19499,missing_frontmatter,No leading YAML frontmatter block found,C:\FOC\Workspace\Finished\CQ19499_updated.md,PASS,leading YAML frontmatter present
750,CQ19499.md,19499,missing_question_yaml,No Question YAML heading found,C:\FOC\Workspace\Finished\CQ19499_updated.md,PASS,Question YAML heading with fenced yaml block present
751,CQ19499.md,19499,missing_case_study,No 17-section case-study heading found,C:\FOC\Workspace\Finished\CQ19499_updated.md,PASS,case-study numbered item count = 17
752,CQ19499.md,19499,missing_c3_annotation,No c3_annotation block found,C:\FOC\Workspace\Finished\CQ19499_updated.md,PASS,json parsed as dict
753,CQ19499.md,19499,missing_program_elements,No program_elements block found,C:\FOC\Workspace\Finished\CQ19499_updated.md,PASS,json parsed as dict
754,CQ19499.md,19499,missing_program_intelligence,No program_intelligence block found,C:\FOC\Workspace\Finished\CQ19499_updated.md,PASS,json parsed as dict
755,CQ19501.md,19501,missing_frontmatter,No leading YAML frontmatter block found,C:\FOC\Workspace\Finished\CQ19501_updated.md,PASS,leading YAML frontmatter present
756,CQ19501.md,19501,missing_pass1_sections,Only 8 numbered sections found,C:\FOC\Workspace\Finished\CQ19501_updated.md,PASS,numbered Pass-1 section count = 14
757,CQ19501.md,19501,missing_question_yaml,No Question YAML heading found,C:\FOC\Workspace\Finished\CQ19501_updated.md,PASS,Question YAML heading with fenced yaml block present
758,CQ19501.md,19501,missing_case_study,No 17-section case-study heading found,C:\FOC\Workspace\Finished\CQ19501_updated.md,PASS,case-study numbered item count = 17
759,CQ19501.md,19501,missing_c3_annotation,No c3_annotation block found,C:\FOC\Workspace\Finished\CQ19501_updated.md,PASS,json parsed as dict
760,CQ19501.md,19501,missing_program_elements,No program_elements block found,C:\FOC\Workspace\Finished\CQ19501_updated.md,PASS,json parsed as dict
761,CQ19501.md,19501,missing_program_intelligence,No program_intelligence block found,C:\FOC\Workspace\Finished\CQ19501_updated.md,PASS,json parsed as dict
762,CQ19502.md,19502,missing_frontmatter,No leading YAML frontmatter block found,C:\FOC\Workspace\Finished\CQ19502_updated.md,PASS,leading YAML frontmatter present
763,CQ19502.md,19502,missing_question_yaml,No Question YAML heading found,C:\FOC\Workspace\Finished\CQ19502_updated.md,PASS,Question YAML heading with fenced yaml block present
764,CQ19502.md,19502,missing_case_study,No 17-section case-study heading found,C:\FOC\Workspace\Finished\CQ19502_updated.md,PASS,case-study numbered item count = 17
765,CQ19502.md,19502,missing_c3_annotation,No c3_annotation block found,C:\FOC\Workspace\Finished\CQ19502_updated.md,PASS,json parsed as dict
766,CQ19502.md,19502,missing_program_elements,No program_elements block found,C:\FOC\Workspace\Finished\CQ19502_updated.md,PASS,json parsed as dict
767,CQ19502.md,19502,missing_program_intelligence,No program_intelligence block found,C:\FOC\Workspace\Finished\CQ19502_updated.md,PASS,json parsed as dict
768,CQ19607.md,19607,missing_frontmatter,No leading YAML frontmatter block found,C:\FOC\Workspace\Finished\CQ19607_updated.md,PASS,leading YAML frontmatter present
769,CQ19607.md,19607,missing_c3_annotation,No c3_annotation block found,C:\FOC\Workspace\Finished\CQ19607_updated.md,PASS,json parsed as dict
770,CQ19607.md,19607,missing_program_elements,No program_elements block found,C:\FOC\Workspace\Finished\CQ19607_updated.md,PASS,json parsed as dict
771,CQ19607.md,19607,missing_program_intelligence,No program_intelligence block found,C:\FOC\Workspace\Finished\CQ19607_updated.md,PASS,json parsed as dict
772,CQ19692.md,19692,missing_frontmatter,No leading YAML frontmatter block found,C:\FOC\Workspace\Finished\CQ19692_updated.md,PASS,leading YAML frontmatter present
773,CQ19692.md,19692,missing_question_yaml,No Question YAML heading found,C:\FOC\Workspace\Finished\CQ19692_updated.md,PASS,Question YAML heading with fenced yaml block present
774,CQ19692.md,19692,missing_case_study,No 17-section case-study heading found,C:\FOC\Workspace\Finished\CQ19692_updated.md,PASS,case-study numbered item count = 17
775,CQ19692.md,19692,missing_c3_annotation,No c3_annotation block found,C:\FOC\Workspace\Finished\CQ19692_updated.md,PASS,json parsed as dict
776,CQ19692.md,19692,missing_program_elements,No program_elements block found,C:\FOC\Workspace\Finished\CQ19692_updated.md,PASS,json parsed as dict
777,CQ19692.md,19692,missing_program_intelligence,No program_intelligence block found,C:\FOC\Workspace\Finished\CQ19692_updated.md,PASS,json parsed as dict
778,CQ19721.md,19721,missing_frontmatter,No leading YAML frontmatter block found,C:\FOC\Workspace\Finished\CQ19721_updated.md,PASS,leading YAML frontmatter present
779,CQ19721.md,19721,missing_question_yaml,No Question YAML heading found,C:\FOC\Workspace\Finished\CQ19721_updated.md,PASS,Question YAML heading with fenced yaml block present
780,CQ19721.md,19721,missing_case_study,No 17-section case-study heading found,C:\FOC\Workspace\Finished\CQ19721_updated.md,PASS,case-study numbered item count = 17
781,CQ19721.md,19721,missing_c3_annotation,No c3_annotation block found,C:\FOC\Workspace\Finished\CQ19721_updated.md,PASS,json parsed as dict
782,CQ19721.md,19721,missing_program_elements,No program_elements block found,C:\FOC\Workspace\Finished\CQ19721_updated.md,PASS,json parsed as dict
783,CQ19721.md,19721,missing_program_intelligence,No program_intelligence block found,C:\FOC\Workspace\Finished\CQ19721_updated.md,PASS,json parsed as dict
784,CQ19762.md,19762,missing_pass1_sections,Only 11 numbered sections found,C:\FOC\Workspace\Finished\CQ19762_updated.md,PASS,numbered Pass-1 section count = 14
785,CQ19762.md,19762,missing_question_yaml,No Question YAML heading found,C:\FOC\Workspace\Finished\CQ19762_updated.md,PASS,Question YAML heading with fenced yaml block present
786,CQ19762.md,19762,missing_case_study,No 17-section case-study heading found,C:\FOC\Workspace\Finished\CQ19762_updated.md,PASS,case-study numbered item count = 17
787,CQ19762.md,19762,missing_c3_annotation,No c3_annotation block found,C:\FOC\Workspace\Finished\CQ19762_updated.md,PASS,json parsed as dict
788,CQ19762.md,19762,missing_program_elements,No program_elements block found,C:\FOC\Workspace\Finished\CQ19762_updated.md,PASS,json parsed as dict
789,CQ19762.md,19762,missing_program_intelligence,No program_intelligence block found,C:\FOC\Workspace\Finished\CQ19762_updated.md,PASS,json parsed as dict
790,CQ19793.md,19793,missing_frontmatter,No leading YAML frontmatter block found,C:\FOC\Workspace\Finished\CQ19793_updated.md,PASS,leading YAML frontmatter present
791,CQ19840.md,19840,missing_frontmatter,No leading YAML frontmatter block found,C:\FOC\Workspace\Finished\CQ19840_updated.md,PASS,leading YAML frontmatter present
792,CQ19840.md,19840,missing_c3_annotation,No c3_annotation block found,C:\FOC\Workspace\Finished\CQ19840_updated.md,PASS,json parsed as dict
793,CQ19840.md,19840,missing_program_elements,No program_elements block found,C:\FOC\Workspace\Finished\CQ19840_updated.md,PASS,json parsed as dict
794,CQ19840.md,19840,missing_program_intelligence,No program_intelligence block found,C:\FOC\Workspace\Finished\CQ19840_updated.md,PASS,json parsed as dict
795,CQ19904.md,19904,missing_frontmatter,No leading YAML frontmatter block found,C:\FOC\Workspace\Finished\CQ19904_updated.md,PASS,leading YAML frontmatter present
796,CQ19904.md,19904,missing_question_yaml,No Question YAML heading found,C:\FOC\Workspace\Finished\CQ19904_updated.md,PASS,Question YAML heading with fenced yaml block present
797,CQ19904.md,19904,missing_case_study,No 17-section case-study heading found,C:\FOC\Workspace\Finished\CQ19904_updated.md,PASS,case-study numbered item count = 17
798,CQ19904.md,19904,missing_c3_annotation,No c3_annotation block found,C:\FOC\Workspace\Finished\CQ19904_updated.md,PASS,json parsed as dict
799,CQ19904.md,19904,missing_program_elements,No program_elements block found,C:\FOC\Workspace\Finished\CQ19904_updated.md,PASS,json parsed as dict
800,CQ19904.md,19904,missing_program_intelligence,No program_intelligence block found,C:\FOC\Workspace\Finished\CQ19904_updated.md,PASS,json parsed as dict
801,CQ19982.md,19982,missing_frontmatter,No leading YAML frontmatter block found,C:\FOC\Workspace\Finished\CQ19982_updated.md,PASS,leading YAML frontmatter present
802,CQ19982.md,19982,missing_case_study,No 17-section case-study heading found,C:\FOC\Workspace\Finished\CQ19982_updated.md,PASS,case-study numbered item count = 17
803,CQ19982.md,19982,missing_c3_annotation,No c3_annotation block found,C:\FOC\Workspace\Finished\CQ19982_updated.md,PASS,json parsed as dict
804,CQ19982.md,19982,missing_program_elements,No program_elements block found,C:\FOC\Workspace\Finished\CQ19982_updated.md,PASS,json parsed as dict
805,CQ19982.md,19982,missing_program_intelligence,No program_intelligence block found,C:\FOC\Workspace\Finished\CQ19982_updated.md,PASS,json parsed as dict
806,CQ20004.md,20004,missing_frontmatter,No leading YAML frontmatter block found,C:\FOC\Workspace\Finished\CQ20004_updated.md,PASS,leading YAML frontmatter present
807,CQ20014.md,20014,missing_frontmatter,No leading YAML frontmatter block found,C:\FOC\Workspace\Finished\CQ20014_updated.md,PASS,leading YAML frontmatter present
808,CQ20014.md,20014,missing_pass1_sections,Only 11 numbered sections found,C:\FOC\Workspace\Finished\CQ20014_updated.md,PASS,numbered Pass-1 section count = 14
809,CQ20014.md,20014,missing_question_yaml,No Question YAML heading found,C:\FOC\Workspace\Finished\CQ20014_updated.md,PASS,Question YAML heading with fenced yaml block present
810,CQ20014.md,20014,missing_case_study,No 17-section case-study heading found,C:\FOC\Workspace\Finished\CQ20014_updated.md,PASS,case-study numbered item count = 17
811,CQ20014.md,20014,missing_c3_annotation,No c3_annotation block found,C:\FOC\Workspace\Finished\CQ20014_updated.md,PASS,json parsed as dict
812,CQ20014.md,20014,missing_program_elements,No program_elements block found,C:\FOC\Workspace\Finished\CQ20014_updated.md,PASS,json parsed as dict
813,CQ20014.md,20014,missing_program_intelligence,No program_intelligence block found,C:\FOC\Workspace\Finished\CQ20014_updated.md,PASS,json parsed as dict
814,CQ20024.md,20024,missing_frontmatter,No leading YAML frontmatter block found,C:\FOC\Workspace\Finished\CQ20024_updated.md,PASS,leading YAML frontmatter present
815,CQ20024.md,20024,missing_question_yaml,No Question YAML heading found,C:\FOC\Workspace\Finished\CQ20024_updated.md,PASS,Question YAML heading with fenced yaml block present
816,CQ20024.md,20024,missing_c3_annotation,No c3_annotation block found,C:\FOC\Workspace\Finished\CQ20024_updated.md,PASS,json parsed as dict
817,CQ20024.md,20024,missing_program_elements,No program_elements block found,C:\FOC\Workspace\Finished\CQ20024_updated.md,PASS,json parsed as dict
818,CQ20024.md,20024,missing_program_intelligence,No program_intelligence block found,C:\FOC\Workspace\Finished\CQ20024_updated.md,PASS,json parsed as dict
819,CQ20031.md,20031,missing_c3_annotation,No c3_annotation block found,C:\FOC\Workspace\Finished\CQ20031_updated.md,PASS,json parsed as dict
820,CQ20031.md,20031,missing_program_elements,No program_elements block found,C:\FOC\Workspace\Finished\CQ20031_updated.md,PASS,json parsed as dict
821,CQ20031.md,20031,missing_program_intelligence,No program_intelligence block found,C:\FOC\Workspace\Finished\CQ20031_updated.md,PASS,json parsed as dict
822,CQ20055.md,20055,missing_question_yaml,No Question YAML heading found,C:\FOC\Workspace\Finished\CQ20055_updated.md,PASS,Question YAML heading with fenced yaml block present
823,CQ20055.md,20055,missing_case_study,No 17-section case-study heading found,C:\FOC\Workspace\Finished\CQ20055_updated.md,PASS,case-study numbered item count = 17
824,CQ20055.md,20055,missing_c3_annotation,No c3_annotation block found,C:\FOC\Workspace\Finished\CQ20055_updated.md,PASS,json parsed as dict
825,CQ20055.md,20055,missing_program_elements,No program_elements block found,C:\FOC\Workspace\Finished\CQ20055_updated.md,PASS,json parsed as dict
826,CQ20055.md,20055,missing_program_intelligence,No program_intelligence block found,C:\FOC\Workspace\Finished\CQ20055_updated.md,PASS,json parsed as dict
827,CQ20100.md,20100,missing_frontmatter,No leading YAML frontmatter block found,C:\FOC\Workspace\Finished\CQ20100_updated.md,PASS,leading YAML frontmatter present
828,CQ20100.md,20100,missing_question_yaml,No Question YAML heading found,C:\FOC\Workspace\Finished\CQ20100_updated.md,PASS,Question YAML heading with fenced yaml block present
829,CQ20100.md,20100,missing_case_study,No 17-section case-study heading found,C:\FOC\Workspace\Finished\CQ20100_updated.md,PASS,case-study numbered item count = 17
830,CQ20100.md,20100,missing_c3_annotation,No c3_annotation block found,C:\FOC\Workspace\Finished\CQ20100_updated.md,PASS,json parsed as dict
831,CQ20100.md,20100,missing_program_elements,No program_elements block found,C:\FOC\Workspace\Finished\CQ20100_updated.md,PASS,json parsed as dict
832,CQ20100.md,20100,missing_program_intelligence,No program_intelligence block found,C:\FOC\Workspace\Finished\CQ20100_updated.md,PASS,json parsed as dict
833,CQ20123.md,20123,missing_frontmatter,No leading YAML frontmatter block found,C:\FOC\Workspace\Finished\CQ20123_updated.md,PASS,leading YAML frontmatter present
834,CQ20123.md,20123,missing_question_yaml,No Question YAML heading found,C:\FOC\Workspace\Finished\CQ20123_updated.md,PASS,Question YAML heading with fenced yaml block present
835,CQ20123.md,20123,missing_case_study,No 17-section case-study heading found,C:\FOC\Workspace\Finished\CQ20123_updated.md,PASS,case-study numbered item count = 17
836,CQ20123.md,20123,missing_c3_annotation,No c3_annotation block found,C:\FOC\Workspace\Finished\CQ20123_updated.md,PASS,json parsed as dict
837,CQ20123.md,20123,missing_program_elements,No program_elements block found,C:\FOC\Workspace\Finished\CQ20123_updated.md,PASS,json parsed as dict
838,CQ20123.md,20123,missing_program_intelligence,No program_intelligence block found,C:\FOC\Workspace\Finished\CQ20123_updated.md,PASS,json parsed as dict
839,CQ20125.md,20125,missing_c3_annotation,No c3_annotation block found,C:\FOC\Workspace\Finished\CQ20125_updated.md,PASS,json parsed as dict
840,CQ20125.md,20125,missing_program_elements,No program_elements block found,C:\FOC\Workspace\Finished\CQ20125_updated.md,PASS,json parsed as dict
841,CQ20125.md,20125,missing_program_intelligence,No program_intelligence block found,C:\FOC\Workspace\Finished\CQ20125_updated.md,PASS,json parsed as dict
842,CQ20127.md,20127,missing_frontmatter,No leading YAML frontmatter block found,C:\FOC\Workspace\Finished\CQ20127_updated.md,PASS,leading YAML frontmatter present
843,CQ20127.md,20127,missing_c3_annotation,No c3_annotation block found,C:\FOC\Workspace\Finished\CQ20127_updated.md,PASS,json parsed as dict
844,CQ20127.md,20127,missing_program_elements,No program_elements block found,C:\FOC\Workspace\Finished\CQ20127_updated.md,PASS,json parsed as dict
845,CQ20127.md,20127,missing_program_intelligence,No program_intelligence block found,C:\FOC\Workspace\Finished\CQ20127_updated.md,PASS,json parsed as dict
846,CQ20153.md,20153,missing_frontmatter,No leading YAML frontmatter block found,C:\FOC\Workspace\Finished\CQ20153_updated.md,PASS,leading YAML frontmatter present
847,CQ20153.md,20153,missing_question_yaml,No Question YAML heading found,C:\FOC\Workspace\Finished\CQ20153_updated.md,PASS,Question YAML heading with fenced yaml block present
848,CQ20153.md,20153,missing_case_study,No 17-section case-study heading found,C:\FOC\Workspace\Finished\CQ20153_updated.md,PASS,case-study numbered item count = 17
849,CQ20153.md,20153,missing_c3_annotation,No c3_annotation block found,C:\FOC\Workspace\Finished\CQ20153_updated.md,PASS,json parsed as dict
850,CQ20153.md,20153,missing_program_elements,No program_elements block found,C:\FOC\Workspace\Finished\CQ20153_updated.md,PASS,json parsed as dict
851,CQ20153.md,20153,missing_program_intelligence,No program_intelligence block found,C:\FOC\Workspace\Finished\CQ20153_updated.md,PASS,json parsed as dict
852,CQ20168.md,20168,missing_pass1_sections,Only 12 numbered sections found,C:\FOC\Workspace\Finished\CQ20168_updated.md,PASS,numbered Pass-1 section count = 19
853,CQ20186.md,20186,missing_frontmatter,No leading YAML frontmatter block found,C:\FOC\Workspace\Finished\CQ20186_updated.md,PASS,leading YAML frontmatter present
854,CQ20186.md,20186,missing_case_study,No 17-section case-study heading found,C:\FOC\Workspace\Finished\CQ20186_updated.md,PASS,case-study numbered item count = 17
855,CQ20186.md,20186,missing_c3_annotation,No c3_annotation block found,C:\FOC\Workspace\Finished\CQ20186_updated.md,PASS,json parsed as dict
856,CQ20186.md,20186,missing_program_elements,No program_elements block found,C:\FOC\Workspace\Finished\CQ20186_updated.md,PASS,json parsed as dict
857,CQ20186.md,20186,missing_program_intelligence,No program_intelligence block found,C:\FOC\Workspace\Finished\CQ20186_updated.md,PASS,json parsed as dict
858,CQ20213.md,20213,missing_frontmatter,No leading YAML frontmatter block found,C:\FOC\Workspace\Finished\CQ20213_updated.md,PASS,leading YAML frontmatter present
859,CQ20213.md,20213,missing_question_yaml,No Question YAML heading found,C:\FOC\Workspace\Finished\CQ20213_updated.md,PASS,Question YAML heading with fenced yaml block present
860,CQ20213.md,20213,missing_case_study,No 17-section case-study heading found,C:\FOC\Workspace\Finished\CQ20213_updated.md,PASS,case-study numbered item count = 17
861,CQ20213.md,20213,missing_c3_annotation,No c3_annotation block found,C:\FOC\Workspace\Finished\CQ20213_updated.md,PASS,json parsed as dict
862,CQ20213.md,20213,missing_program_elements,No program_elements block found,C:\FOC\Workspace\Finished\CQ20213_updated.md,PASS,json parsed as dict
863,CQ20213.md,20213,missing_program_intelligence,No program_intelligence block found,C:\FOC\Workspace\Finished\CQ20213_updated.md,PASS,json parsed as dict
864,CQ20231.md,20231,missing_frontmatter,No leading YAML frontmatter block found,C:\FOC\Workspace\Finished\CQ20231_updated.md,PASS,leading YAML frontmatter present
865,CQ20231.md,20231,missing_c3_annotation,No c3_annotation block found,C:\FOC\Workspace\Finished\CQ20231_updated.md,PASS,json parsed as dict
866,CQ20231.md,20231,missing_program_elements,No program_elements block found,C:\FOC\Workspace\Finished\CQ20231_updated.md,PASS,json parsed as dict
867,CQ20231.md,20231,missing_program_intelligence,No program_intelligence block found,C:\FOC\Workspace\Finished\CQ20231_updated.md,PASS,json parsed as dict
868,CQ20247.md,20247,missing_frontmatter,No leading YAML frontmatter block found,C:\FOC\Workspace\Finished\CQ20247_updated.md,PASS,leading YAML frontmatter present
869,CQ20247.md,20247,missing_c3_annotation,No c3_annotation block found,C:\FOC\Workspace\Finished\CQ20247_updated.md,PASS,json parsed as dict
870,CQ20247.md,20247,missing_program_elements,No program_elements block found,C:\FOC\Workspace\Finished\CQ20247_updated.md,PASS,json parsed as dict
871,CQ20247.md,20247,missing_program_intelligence,No program_intelligence block found,C:\FOC\Workspace\Finished\CQ20247_updated.md,PASS,json parsed as dict
872,CQ20258.md,20258,missing_frontmatter,No leading YAML frontmatter block found,C:\FOC\Workspace\Finished\CQ20258_updated.md,PASS,leading YAML frontmatter present
873,CQ20258.md,20258,missing_c3_annotation,No c3_annotation block found,C:\FOC\Workspace\Finished\CQ20258_updated.md,PASS,json parsed as dict
874,CQ20258.md,20258,missing_program_elements,No program_elements block found,C:\FOC\Workspace\Finished\CQ20258_updated.md,PASS,json parsed as dict
875,CQ20258.md,20258,missing_program_intelligence,No program_intelligence block found,C:\FOC\Workspace\Finished\CQ20258_updated.md,PASS,json parsed as dict
876,CQ20271.md,20271,missing_frontmatter,No leading YAML frontmatter block found,C:\FOC\Workspace\Finished\CQ20271_updated.md,PASS,leading YAML frontmatter present
877,CQ20271.md,20271,missing_c3_annotation,No c3_annotation block found,C:\FOC\Workspace\Finished\CQ20271_updated.md,PASS,json parsed as dict
878,CQ20271.md,20271,missing_program_elements,No program_elements block found,C:\FOC\Workspace\Finished\CQ20271_updated.md,PASS,json parsed as dict
879,CQ20271.md,20271,missing_program_intelligence,No program_intelligence block found,C:\FOC\Workspace\Finished\CQ20271_updated.md,PASS,json parsed as dict
880,CQ20291.md,20291,missing_frontmatter,No leading YAML frontmatter block found,C:\FOC\Workspace\Finished\CQ20291_updated.md,PASS,leading YAML frontmatter present
881,CQ20291.md,20291,missing_c3_annotation,No c3_annotation block found,C:\FOC\Workspace\Finished\CQ20291_updated.md,PASS,json parsed as dict
882,CQ20291.md,20291,missing_program_elements,No program_elements block found,C:\FOC\Workspace\Finished\CQ20291_updated.md,PASS,json parsed as dict
883,CQ20291.md,20291,missing_program_intelligence,No program_intelligence block found,C:\FOC\Workspace\Finished\CQ20291_updated.md,PASS,json parsed as dict
884,CQ20307.md,20307,missing_frontmatter,No leading YAML frontmatter block found,C:\FOC\Workspace\Finished\CQ20307_updated.md,PASS,leading YAML frontmatter present
885,CQ20307.md,20307,missing_c3_annotation,No c3_annotation block found,C:\FOC\Workspace\Finished\CQ20307_updated.md,PASS,json parsed as dict
886,CQ20307.md,20307,missing_program_elements,No program_elements block found,C:\FOC\Workspace\Finished\CQ20307_updated.md,PASS,json parsed as dict
887,CQ20307.md,20307,missing_program_intelligence,No program_intelligence block found,C:\FOC\Workspace\Finished\CQ20307_updated.md,PASS,json parsed as dict
888,CQ20310.md,20310,missing_frontmatter,No leading YAML frontmatter block found,C:\FOC\Workspace\Finished\CQ20310_updated.md,PASS,leading YAML frontmatter present
889,CQ20310.md,20310,missing_question_yaml,No Question YAML heading found,C:\FOC\Workspace\Finished\CQ20310_updated.md,PASS,Question YAML heading with fenced yaml block present
890,CQ20310.md,20310,missing_case_study,No 17-section case-study heading found,C:\FOC\Workspace\Finished\CQ20310_updated.md,PASS,case-study numbered item count = 17
891,CQ20310.md,20310,missing_c3_annotation,No c3_annotation block found,C:\FOC\Workspace\Finished\CQ20310_updated.md,PASS,json parsed as dict
892,CQ20310.md,20310,missing_program_elements,No program_elements block found,C:\FOC\Workspace\Finished\CQ20310_updated.md,PASS,json parsed as dict
893,CQ20310.md,20310,missing_program_intelligence,No program_intelligence block found,C:\FOC\Workspace\Finished\CQ20310_updated.md,PASS,json parsed as dict
894,CQ20312.md,20312,missing_frontmatter,No leading YAML frontmatter block found,C:\FOC\Workspace\Finished\CQ20312_updated.md,PASS,leading YAML frontmatter present
895,CQ20312.md,20312,missing_c3_annotation,No c3_annotation block found,C:\FOC\Workspace\Finished\CQ20312_updated.md,PASS,json parsed as dict
896,CQ20312.md,20312,missing_program_elements,No program_elements block found,C:\FOC\Workspace\Finished\CQ20312_updated.md,PASS,json parsed as dict
897,CQ20312.md,20312,missing_program_intelligence,No program_intelligence block found,C:\FOC\Workspace\Finished\CQ20312_updated.md,PASS,json parsed as dict
898,CQ20313.md,20313,missing_frontmatter,No leading YAML frontmatter block found,C:\FOC\Workspace\Finished\CQ20313_updated.md,PASS,leading YAML frontmatter present
899,CQ20313.md,20313,missing_c3_annotation,No c3_annotation block found,C:\FOC\Workspace\Finished\CQ20313_updated.md,PASS,json parsed as dict
900,CQ20313.md,20313,missing_program_elements,No program_elements block found,C:\FOC\Workspace\Finished\CQ20313_updated.md,PASS,json parsed as dict
901,CQ20313.md,20313,missing_program_intelligence,No program_intelligence block found,C:\FOC\Workspace\Finished\CQ20313_updated.md,PASS,json parsed as dict
902,CQ20328.md,20328,missing_frontmatter,No leading YAML frontmatter block found,C:\FOC\Workspace\Finished\CQ20328_updated.md,PASS,leading YAML frontmatter present
903,CQ20328.md,20328,missing_c3_annotation,No c3_annotation block found,C:\FOC\Workspace\Finished\CQ20328_updated.md,PASS,json parsed as dict
904,CQ20328.md,20328,missing_program_elements,No program_elements block found,C:\FOC\Workspace\Finished\CQ20328_updated.md,PASS,json parsed as dict
905,CQ20328.md,20328,missing_program_intelligence,No program_intelligence block found,C:\FOC\Workspace\Finished\CQ20328_updated.md,PASS,json parsed as dict
906,CQ20351.md,20351,missing_frontmatter,No leading YAML frontmatter block found,C:\FOC\Workspace\Finished\CQ20351_updated.md,PASS,leading YAML frontmatter present
907,CQ20351.md,20351,missing_c3_annotation,No c3_annotation block found,C:\FOC\Workspace\Finished\CQ20351_updated.md,PASS,json parsed as dict
908,CQ20351.md,20351,missing_program_elements,No program_elements block found,C:\FOC\Workspace\Finished\CQ20351_updated.md,PASS,json parsed as dict
909,CQ20351.md,20351,missing_program_intelligence,No program_intelligence block found,C:\FOC\Workspace\Finished\CQ20351_updated.md,PASS,json parsed as dict
910,CQ20353.md,20353,missing_frontmatter,No leading YAML frontmatter block found,C:\FOC\Workspace\Finished\CQ20353_updated.md,PASS,leading YAML frontmatter present
911,CQ20353.md,20353,missing_question_yaml,No Question YAML heading found,C:\FOC\Workspace\Finished\CQ20353_updated.md,PASS,Question YAML heading with fenced yaml block present
912,CQ20353.md,20353,missing_case_study,No 17-section case-study heading found,C:\FOC\Workspace\Finished\CQ20353_updated.md,PASS,case-study numbered item count = 17
913,CQ20353.md,20353,missing_c3_annotation,No c3_annotation block found,C:\FOC\Workspace\Finished\CQ20353_updated.md,PASS,json parsed as dict
914,CQ20353.md,20353,missing_program_elements,No program_elements block found,C:\FOC\Workspace\Finished\CQ20353_updated.md,PASS,json parsed as dict
915,CQ20353.md,20353,missing_program_intelligence,No program_intelligence block found,C:\FOC\Workspace\Finished\CQ20353_updated.md,PASS,json parsed as dict
916,CQ20370.md,20370,missing_frontmatter,No leading YAML frontmatter block found,C:\FOC\Workspace\Finished\CQ20370_updated.md,PASS,leading YAML frontmatter present
917,CQ20370.md,20370,missing_c3_annotation,No c3_annotation block found,C:\FOC\Workspace\Finished\CQ20370_updated.md,PASS,json parsed as dict
918,CQ20370.md,20370,missing_program_elements,No program_elements block found,C:\FOC\Workspace\Finished\CQ20370_updated.md,PASS,json parsed as dict
919,CQ20370.md,20370,missing_program_intelligence,No program_intelligence block found,C:\FOC\Workspace\Finished\CQ20370_updated.md,PASS,json parsed as dict
920,CQ20387.md,20387,missing_frontmatter,No leading YAML frontmatter block found,C:\FOC\Workspace\Finished\CQ20387_updated.md,PASS,leading YAML frontmatter present
921,CQ20387.md,20387,missing_case_study,No 17-section case-study heading found,C:\FOC\Workspace\Finished\CQ20387_updated.md,PASS,case-study numbered item count = 17
922,CQ20387.md,20387,missing_c3_annotation,No c3_annotation block found,C:\FOC\Workspace\Finished\CQ20387_updated.md,PASS,json parsed as dict
923,CQ20387.md,20387,missing_program_elements,No program_elements block found,C:\FOC\Workspace\Finished\CQ20387_updated.md,PASS,json parsed as dict
924,CQ20387.md,20387,missing_program_intelligence,No program_intelligence block found,C:\FOC\Workspace\Finished\CQ20387_updated.md,PASS,json parsed as dict
925,CQ20404.md,20404,missing_frontmatter,No leading YAML frontmatter block found,C:\FOC\Workspace\Finished\CQ20404_updated.md,PASS,leading YAML frontmatter present
926,CQ20404.md,20404,missing_c3_annotation,No c3_annotation block found,C:\FOC\Workspace\Finished\CQ20404_updated.md,PASS,json parsed as dict
927,CQ20404.md,20404,missing_program_elements,No program_elements block found,C:\FOC\Workspace\Finished\CQ20404_updated.md,PASS,json parsed as dict
928,CQ20404.md,20404,missing_program_intelligence,No program_intelligence block found,C:\FOC\Workspace\Finished\CQ20404_updated.md,PASS,json parsed as dict
929,CQ20423.md,20423,missing_frontmatter,No leading YAML frontmatter block found,C:\FOC\Workspace\Finished\CQ20423_updated.md,PASS,leading YAML frontmatter present
930,CQ20423.md,20423,missing_question_yaml,No Question YAML heading found,C:\FOC\Workspace\Finished\CQ20423_updated.md,PASS,Question YAML heading with fenced yaml block present
931,CQ20423.md,20423,missing_case_study,No 17-section case-study heading found,C:\FOC\Workspace\Finished\CQ20423_updated.md,PASS,case-study numbered item count = 17
932,CQ20423.md,20423,missing_c3_annotation,No c3_annotation block found,C:\FOC\Workspace\Finished\CQ20423_updated.md,PASS,json parsed as dict
933,CQ20423.md,20423,missing_program_elements,No program_elements block found,C:\FOC\Workspace\Finished\CQ20423_updated.md,PASS,json parsed as dict
934,CQ20423.md,20423,missing_program_intelligence,No program_intelligence block found,C:\FOC\Workspace\Finished\CQ20423_updated.md,PASS,json parsed as dict
935,CQ20439.md,20439,missing_frontmatter,No leading YAML frontmatter block found,C:\FOC\Workspace\Finished\CQ20439_updated.md,PASS,leading YAML frontmatter present
936,CQ20439.md,20439,missing_question_yaml,No Question YAML heading found,C:\FOC\Workspace\Finished\CQ20439_updated.md,PASS,Question YAML heading with fenced yaml block present
937,CQ20439.md,20439,missing_case_study,No 17-section case-study heading found,C:\FOC\Workspace\Finished\CQ20439_updated.md,PASS,case-study numbered item count = 17
938,CQ20439.md,20439,missing_c3_annotation,No c3_annotation block found,C:\FOC\Workspace\Finished\CQ20439_updated.md,PASS,json parsed as dict
939,CQ20439.md,20439,missing_program_elements,No program_elements block found,C:\FOC\Workspace\Finished\CQ20439_updated.md,PASS,json parsed as dict
940,CQ20439.md,20439,missing_program_intelligence,No program_intelligence block found,C:\FOC\Workspace\Finished\CQ20439_updated.md,PASS,json parsed as dict
941,CQ20461.md,20461,missing_frontmatter,No leading YAML frontmatter block found,C:\FOC\Workspace\Finished\CQ20461_updated.md,PASS,leading YAML frontmatter present
942,CQ20461.md,20461,missing_question_yaml,No Question YAML heading found,C:\FOC\Workspace\Finished\CQ20461_updated.md,PASS,Question YAML heading with fenced yaml block present
943,CQ20461.md,20461,missing_case_study,No 17-section case-study heading found,C:\FOC\Workspace\Finished\CQ20461_updated.md,PASS,case-study numbered item count = 17
944,CQ20461.md,20461,missing_c3_annotation,No c3_annotation block found,C:\FOC\Workspace\Finished\CQ20461_updated.md,PASS,json parsed as dict
945,CQ20461.md,20461,missing_program_elements,No program_elements block found,C:\FOC\Workspace\Finished\CQ20461_updated.md,PASS,json parsed as dict
946,CQ20461.md,20461,missing_program_intelligence,No program_intelligence block found,C:\FOC\Workspace\Finished\CQ20461_updated.md,PASS,json parsed as dict
947,CQ20470.md,20470,missing_frontmatter,No leading YAML frontmatter block found,C:\FOC\Workspace\Finished\CQ20470_updated.md,PASS,leading YAML frontmatter present
948,CQ20470.md,20470,missing_pass1_sections,Only 11 numbered sections found,C:\FOC\Workspace\Finished\CQ20470_updated.md,PASS,numbered Pass-1 section count = 14
949,CQ20470.md,20470,missing_question_yaml,No Question YAML heading found,C:\FOC\Workspace\Finished\CQ20470_updated.md,PASS,Question YAML heading with fenced yaml block present
950,CQ20470.md,20470,missing_case_study,No 17-section case-study heading found,C:\FOC\Workspace\Finished\CQ20470_updated.md,PASS,case-study numbered item count = 17
951,CQ20470.md,20470,missing_c3_annotation,No c3_annotation block found,C:\FOC\Workspace\Finished\CQ20470_updated.md,PASS,json parsed as dict
952,CQ20470.md,20470,missing_program_elements,No program_elements block found,C:\FOC\Workspace\Finished\CQ20470_updated.md,PASS,json parsed as dict
953,CQ20470.md,20470,missing_program_intelligence,No program_intelligence block found,C:\FOC\Workspace\Finished\CQ20470_updated.md,PASS,json parsed as dict
954,CQ20476.md,20476,missing_frontmatter,No leading YAML frontmatter block found,C:\FOC\Workspace\Finished\CQ20476_updated.md,PASS,leading YAML frontmatter present
955,CQ20476.md,20476,missing_c3_annotation,No c3_annotation block found,C:\FOC\Workspace\Finished\CQ20476_updated.md,PASS,json parsed as dict
956,CQ20476.md,20476,missing_program_elements,No program_elements block found,C:\FOC\Workspace\Finished\CQ20476_updated.md,PASS,json parsed as dict
957,CQ20476.md,20476,missing_program_intelligence,No program_intelligence block found,C:\FOC\Workspace\Finished\CQ20476_updated.md,PASS,json parsed as dict
958,CQ20493.md,20493,missing_frontmatter,No leading YAML frontmatter block found,C:\FOC\Workspace\Finished\CQ20493_updated.md,PASS,leading YAML frontmatter present
959,CQ20493.md,20493,missing_c3_annotation,No c3_annotation block found,C:\FOC\Workspace\Finished\CQ20493_updated.md,PASS,json parsed as dict
960,CQ20493.md,20493,missing_program_elements,No program_elements block found,C:\FOC\Workspace\Finished\CQ20493_updated.md,PASS,json parsed as dict
961,CQ20493.md,20493,missing_program_intelligence,No program_intelligence block found,C:\FOC\Workspace\Finished\CQ20493_updated.md,PASS,json parsed as dict
962,CQ20496.md,20496,missing_frontmatter,No leading YAML frontmatter block found,C:\FOC\Workspace\Finished\CQ20496_updated.md,PASS,leading YAML frontmatter present
963,CQ20496.md,20496,missing_question_yaml,No Question YAML heading found,C:\FOC\Workspace\Finished\CQ20496_updated.md,PASS,Question YAML heading with fenced yaml block present
964,CQ20496.md,20496,missing_case_study,No 17-section case-study heading found,C:\FOC\Workspace\Finished\CQ20496_updated.md,PASS,case-study numbered item count = 17
965,CQ20496.md,20496,missing_c3_annotation,No c3_annotation block found,C:\FOC\Workspace\Finished\CQ20496_updated.md,PASS,json parsed as dict
966,CQ20496.md,20496,missing_program_elements,No program_elements block found,C:\FOC\Workspace\Finished\CQ20496_updated.md,PASS,json parsed as dict
967,CQ20496.md,20496,missing_program_intelligence,No program_intelligence block found,C:\FOC\Workspace\Finished\CQ20496_updated.md,PASS,json parsed as dict
968,CQ20516.md,20516,missing_frontmatter,No leading YAML frontmatter block found,C:\FOC\Workspace\Finished\CQ20516_updated.md,PASS,leading YAML frontmatter present
969,CQ20516.md,20516,missing_question_yaml,No Question YAML heading found,C:\FOC\Workspace\Finished\CQ20516_updated.md,PASS,Question YAML heading with fenced yaml block present
970,CQ20516.md,20516,missing_case_study,No 17-section case-study heading found,C:\FOC\Workspace\Finished\CQ20516_updated.md,PASS,case-study numbered item count = 17
971,CQ20516.md,20516,missing_c3_annotation,No c3_annotation block found,C:\FOC\Workspace\Finished\CQ20516_updated.md,PASS,json parsed as dict
972,CQ20516.md,20516,missing_program_elements,No program_elements block found,C:\FOC\Workspace\Finished\CQ20516_updated.md,PASS,json parsed as dict
973,CQ20516.md,20516,missing_program_intelligence,No program_intelligence block found,C:\FOC\Workspace\Finished\CQ20516_updated.md,PASS,json parsed as dict
974,CQ20523.md,20523,missing_frontmatter,No leading YAML frontmatter block found,C:\FOC\Workspace\Finished\CQ20523_updated.md,PASS,leading YAML frontmatter present
975,CQ20523.md,20523,missing_c3_annotation,No c3_annotation block found,C:\FOC\Workspace\Finished\CQ20523_updated.md,PASS,json parsed as dict
976,CQ20523.md,20523,missing_program_elements,No program_elements block found,C:\FOC\Workspace\Finished\CQ20523_updated.md,PASS,json parsed as dict
977,CQ20523.md,20523,missing_program_intelligence,No program_intelligence block found,C:\FOC\Workspace\Finished\CQ20523_updated.md,PASS,json parsed as dict
978,CQ20542.md,20542,missing_frontmatter,No leading YAML frontmatter block found,C:\FOC\Workspace\Finished\CQ20542_updated.md,PASS,leading YAML frontmatter present
979,CQ20542.md,20542,missing_question_yaml,No Question YAML heading found,C:\FOC\Workspace\Finished\CQ20542_updated.md,PASS,Question YAML heading with fenced yaml block present
980,CQ20542.md,20542,missing_case_study,No 17-section case-study heading found,C:\FOC\Workspace\Finished\CQ20542_updated.md,PASS,case-study numbered item count = 17
981,CQ20542.md,20542,missing_c3_annotation,No c3_annotation block found,C:\FOC\Workspace\Finished\CQ20542_updated.md,PASS,json parsed as dict
982,CQ20542.md,20542,missing_program_elements,No program_elements block found,C:\FOC\Workspace\Finished\CQ20542_updated.md,PASS,json parsed as dict
983,CQ20542.md,20542,missing_program_intelligence,No program_intelligence block found,C:\FOC\Workspace\Finished\CQ20542_updated.md,PASS,json parsed as dict
984,CQ20546.md,20546,missing_frontmatter,No leading YAML frontmatter block found,C:\FOC\Workspace\Finished\CQ20546_updated.md,PASS,leading YAML frontmatter present
985,CQ20546.md,20546,missing_question_yaml,No Question YAML heading found,C:\FOC\Workspace\Finished\CQ20546_updated.md,PASS,Question YAML heading with fenced yaml block present
986,CQ20546.md,20546,missing_case_study,No 17-section case-study heading found,C:\FOC\Workspace\Finished\CQ20546_updated.md,PASS,case-study numbered item count = 17
987,CQ20546.md,20546,missing_c3_annotation,No c3_annotation block found,C:\FOC\Workspace\Finished\CQ20546_updated.md,PASS,json parsed as dict
988,CQ20546.md,20546,missing_program_elements,No program_elements block found,C:\FOC\Workspace\Finished\CQ20546_updated.md,PASS,json parsed as dict
989,CQ20546.md,20546,missing_program_intelligence,No program_intelligence block found,C:\FOC\Workspace\Finished\CQ20546_updated.md,PASS,json parsed as dict
990,CQ20556.md,20556,missing_frontmatter,No leading YAML frontmatter block found,C:\FOC\Workspace\Finished\CQ20556_updated.md,PASS,leading YAML frontmatter present
991,CQ20556.md,20556,missing_question_yaml,No Question YAML heading found,C:\FOC\Workspace\Finished\CQ20556_updated.md,PASS,Question YAML heading with fenced yaml block present
992,CQ20556.md,20556,missing_case_study,No 17-section case-study heading found,C:\FOC\Workspace\Finished\CQ20556_updated.md,PASS,case-study numbered item count = 17
993,CQ20556.md,20556,missing_c3_annotation,No c3_annotation block found,C:\FOC\Workspace\Finished\CQ20556_updated.md,PASS,json parsed as dict
994,CQ20556.md,20556,missing_program_elements,No program_elements block found,C:\FOC\Workspace\Finished\CQ20556_updated.md,PASS,json parsed as dict
995,CQ20556.md,20556,missing_program_intelligence,No program_intelligence block found,C:\FOC\Workspace\Finished\CQ20556_updated.md,PASS,json parsed as dict
996,CQ20565.md,20565,missing_frontmatter,No leading YAML frontmatter block found,C:\FOC\Workspace\Finished\CQ20565_updated.md,PASS,leading YAML frontmatter present
997,CQ20565.md,20565,missing_question_yaml,No Question YAML heading found,C:\FOC\Workspace\Finished\CQ20565_updated.md,PASS,Question YAML heading with fenced yaml block present
998,CQ20565.md,20565,missing_case_study,No 17-section case-study heading found,C:\FOC\Workspace\Finished\CQ20565_updated.md,PASS,case-study numbered item count = 17
999,CQ20565.md,20565,missing_c3_annotation,No c3_annotation block found,C:\FOC\Workspace\Finished\CQ20565_updated.md,PASS,json parsed as dict
1000,CQ20565.md,20565,missing_program_elements,No program_elements block found,C:\FOC\Workspace\Finished\CQ20565_updated.md,PASS,json parsed as dict
1001,CQ20565.md,20565,missing_program_intelligence,No program_intelligence block found,C:\FOC\Workspace\Finished\CQ20565_updated.md,PASS,json parsed as dict
1002,CQ20567.md,20567,missing_frontmatter,No leading YAML frontmatter block found,C:\FOC\Workspace\Finished\CQ20567_updated.md,PASS,leading YAML frontmatter present
1003,CQ20567.md,20567,missing_question_yaml,No Question YAML heading found,C:\FOC\Workspace\Finished\CQ20567_updated.md,PASS,Question YAML heading with fenced yaml block present
1004,CQ20567.md,20567,missing_case_study,No 17-section case-study heading found,C:\FOC\Workspace\Finished\CQ20567_updated.md,PASS,case-study numbered item count = 17
1005,CQ20567.md,20567,missing_c3_annotation,No c3_annotation block found,C:\FOC\Workspace\Finished\CQ20567_updated.md,PASS,json parsed as dict
1006,CQ20567.md,20567,missing_program_elements,No program_elements block found,C:\FOC\Workspace\Finished\CQ20567_updated.md,PASS,json parsed as dict
1007,CQ20567.md,20567,missing_program_intelligence,No program_intelligence block found,C:\FOC\Workspace\Finished\CQ20567_updated.md,PASS,json parsed as dict
1008,CQ20569.md,20569,missing_frontmatter,No leading YAML frontmatter block found,C:\FOC\Workspace\Finished\CQ20569_updated.md,PASS,leading YAML frontmatter present
1009,CQ20569.md,20569,missing_question_yaml,No Question YAML heading found,C:\FOC\Workspace\Finished\CQ20569_updated.md,PASS,Question YAML heading with fenced yaml block present
1010,CQ20569.md,20569,missing_case_study,No 17-section case-study heading found,C:\FOC\Workspace\Finished\CQ20569_updated.md,PASS,case-study numbered item count = 17
1011,CQ20569.md,20569,missing_c3_annotation,No c3_annotation block found,C:\FOC\Workspace\Finished\CQ20569_updated.md,PASS,json parsed as dict
1012,CQ20569.md,20569,missing_program_elements,No program_elements block found,C:\FOC\Workspace\Finished\CQ20569_updated.md,PASS,json parsed as dict
1013,CQ20569.md,20569,missing_program_intelligence,No program_intelligence block found,C:\FOC\Workspace\Finished\CQ20569_updated.md,PASS,json parsed as dict
1014,CQ20575.md,20575,missing_pass1_sections,Only 12 numbered sections found,C:\FOC\Workspace\Finished\CQ20575_updated.md,PASS,numbered Pass-1 section count = 19
1015,CQ20586.md,20586,missing_frontmatter,No leading YAML frontmatter block found,C:\FOC\Workspace\Finished\CQ20586_updated.md,PASS,leading YAML frontmatter present
1016,CQ20586.md,20586,missing_c3_annotation,No c3_annotation block found,C:\FOC\Workspace\Finished\CQ20586_updated.md,PASS,json parsed as dict
1017,CQ20586.md,20586,missing_program_elements,No program_elements block found,C:\FOC\Workspace\Finished\CQ20586_updated.md,PASS,json parsed as dict
1018,CQ20586.md,20586,missing_program_intelligence,No program_intelligence block found,C:\FOC\Workspace\Finished\CQ20586_updated.md,PASS,json parsed as dict
1019,CQ20594.md,20594,missing_frontmatter,No leading YAML frontmatter block found,C:\FOC\Workspace\Finished\CQ20594_updated.md,PASS,leading YAML frontmatter present
1020,CQ20594.md,20594,missing_c3_annotation,No c3_annotation block found,C:\FOC\Workspace\Finished\CQ20594_updated.md,PASS,json parsed as dict
1021,CQ20594.md,20594,missing_program_elements,No program_elements block found,C:\FOC\Workspace\Finished\CQ20594_updated.md,PASS,json parsed as dict
1022,CQ20594.md,20594,missing_program_intelligence,No program_intelligence block found,C:\FOC\Workspace\Finished\CQ20594_updated.md,PASS,json parsed as dict
1023,CQ20595.md,20595,missing_frontmatter,No leading YAML frontmatter block found,C:\FOC\Workspace\Finished\CQ20595_updated.md,PASS,leading YAML frontmatter present
1024,CQ20595.md,20595,missing_pass1_sections,Only 0 numbered sections found,C:\FOC\Workspace\Finished\CQ20595_updated.md,PASS,numbered Pass-1 section count = 19
1025,CQ20597.md,20597,missing_frontmatter,No leading YAML frontmatter block found,C:\FOC\Workspace\Finished\CQ20597_updated.md,PASS,leading YAML frontmatter present
1026,CQ20597.md,20597,missing_c3_annotation,No c3_annotation block found,C:\FOC\Workspace\Finished\CQ20597_updated.md,PASS,json parsed as dict
1027,CQ20597.md,20597,missing_program_elements,No program_elements block found,C:\FOC\Workspace\Finished\CQ20597_updated.md,PASS,json parsed as dict
1028,CQ20597.md,20597,missing_program_intelligence,No program_intelligence block found,C:\FOC\Workspace\Finished\CQ20597_updated.md,PASS,json parsed as dict
1029,CQ20598.md,20598,missing_frontmatter,No leading YAML frontmatter block found,C:\FOC\Workspace\Finished\CQ20598_updated.md,PASS,leading YAML frontmatter present
1030,CQ20598.md,20598,missing_c3_annotation,No c3_annotation block found,C:\FOC\Workspace\Finished\CQ20598_updated.md,PASS,json parsed as dict
1031,CQ20598.md,20598,missing_program_elements,No program_elements block found,C:\FOC\Workspace\Finished\CQ20598_updated.md,PASS,json parsed as dict
1032,CQ20598.md,20598,missing_program_intelligence,No program_intelligence block found,C:\FOC\Workspace\Finished\CQ20598_updated.md,PASS,json parsed as dict
1033,CQ20599.md,20599,missing_frontmatter,No leading YAML frontmatter block found,C:\FOC\Workspace\Finished\CQ20599_updated.md,PASS,leading YAML frontmatter present
1034,CQ20599.md,20599,missing_c3_annotation,No c3_annotation block found,C:\FOC\Workspace\Finished\CQ20599_updated.md,PASS,json parsed as dict
1035,CQ20599.md,20599,missing_program_elements,No program_elements block found,C:\FOC\Workspace\Finished\CQ20599_updated.md,PASS,json parsed as dict
1036,CQ20599.md,20599,missing_program_intelligence,No program_intelligence block found,C:\FOC\Workspace\Finished\CQ20599_updated.md,PASS,json parsed as dict
1037,CQ20602.md,20602,missing_frontmatter,No leading YAML frontmatter block found,C:\FOC\Workspace\Finished\CQ20602_updated.md,PASS,leading YAML frontmatter present
1038,CQ20603.md,20603,missing_frontmatter,No leading YAML frontmatter block found,C:\FOC\Workspace\Finished\CQ20603_updated.md,PASS,leading YAML frontmatter present
1039,CQ20603.md,20603,missing_c3_annotation,No c3_annotation block found,C:\FOC\Workspace\Finished\CQ20603_updated.md,PASS,json parsed as dict
1040,CQ20603.md,20603,missing_program_elements,No program_elements block found,C:\FOC\Workspace\Finished\CQ20603_updated.md,PASS,json parsed as dict
1041,CQ20603.md,20603,missing_program_intelligence,No program_intelligence block found,C:\FOC\Workspace\Finished\CQ20603_updated.md,PASS,json parsed as dict
1042,CQ20605.md,20605,missing_frontmatter,No leading YAML frontmatter block found,C:\FOC\Workspace\Finished\CQ20605_updated.md,PASS,leading YAML frontmatter present
1043,CQ20605.md,20605,missing_question_yaml,No Question YAML heading found,C:\FOC\Workspace\Finished\CQ20605_updated.md,PASS,Question YAML heading with fenced yaml block present
1044,CQ20605.md,20605,missing_case_study,No 17-section case-study heading found,C:\FOC\Workspace\Finished\CQ20605_updated.md,PASS,case-study numbered item count = 17
1045,CQ20605.md,20605,missing_c3_annotation,No c3_annotation block found,C:\FOC\Workspace\Finished\CQ20605_updated.md,PASS,json parsed as dict
1046,CQ20605.md,20605,missing_program_elements,No program_elements block found,C:\FOC\Workspace\Finished\CQ20605_updated.md,PASS,json parsed as dict
1047,CQ20605.md,20605,missing_program_intelligence,No program_intelligence block found,C:\FOC\Workspace\Finished\CQ20605_updated.md,PASS,json parsed as dict
1048,CQ20606.md,20606,missing_frontmatter,No leading YAML frontmatter block found,C:\FOC\Workspace\Finished\CQ20606_updated.md,PASS,leading YAML frontmatter present
1049,CQ20606.md,20606,missing_question_yaml,No Question YAML heading found,C:\FOC\Workspace\Finished\CQ20606_updated.md,PASS,Question YAML heading with fenced yaml block present
1050,CQ20606.md,20606,missing_case_study,No 17-section case-study heading found,C:\FOC\Workspace\Finished\CQ20606_updated.md,PASS,case-study numbered item count = 17
1051,CQ20606.md,20606,missing_c3_annotation,No c3_annotation block found,C:\FOC\Workspace\Finished\CQ20606_updated.md,PASS,json parsed as dict
1052,CQ20606.md,20606,missing_program_elements,No program_elements block found,C:\FOC\Workspace\Finished\CQ20606_updated.md,PASS,json parsed as dict
1053,CQ20606.md,20606,missing_program_intelligence,No program_intelligence block found,C:\FOC\Workspace\Finished\CQ20606_updated.md,PASS,json parsed as dict
1054,CQ20627.md,20627,missing_frontmatter,No leading YAML frontmatter block found,C:\FOC\Workspace\Finished\CQ20627_updated.md,PASS,leading YAML frontmatter present
1055,CQ20627.md,20627,missing_question_yaml,No Question YAML heading found,C:\FOC\Workspace\Finished\CQ20627_updated.md,PASS,Question YAML heading with fenced yaml block present
1056,CQ20627.md,20627,missing_case_study,No 17-section case-study heading found,C:\FOC\Workspace\Finished\CQ20627_updated.md,PASS,case-study numbered item count = 17
1057,CQ20627.md,20627,missing_c3_annotation,No c3_annotation block found,C:\FOC\Workspace\Finished\CQ20627_updated.md,PASS,json parsed as dict
1058,CQ20627.md,20627,missing_program_elements,No program_elements block found,C:\FOC\Workspace\Finished\CQ20627_updated.md,PASS,json parsed as dict
1059,CQ20627.md,20627,missing_program_intelligence,No program_intelligence block found,C:\FOC\Workspace\Finished\CQ20627_updated.md,PASS,json parsed as dict
1060,CQ20636.md,20636,missing_frontmatter,No leading YAML frontmatter block found,C:\FOC\Workspace\Finished\CQ20636_updated.md,PASS,leading YAML frontmatter present
1061,CQ20636.md,20636,missing_pass1_sections,Only 0 numbered sections found,C:\FOC\Workspace\Finished\CQ20636_updated.md,PASS,numbered Pass-1 section count = 19
1062,CQ20638.md,20638,missing_frontmatter,No leading YAML frontmatter block found,C:\FOC\Workspace\Finished\CQ20638_updated.md,PASS,leading YAML frontmatter present
1063,CQ20649.md,20649,missing_frontmatter,No leading YAML frontmatter block found,C:\FOC\Workspace\Finished\CQ20649_updated.md,PASS,leading YAML frontmatter present
1064,CQ20649.md,20649,missing_question_yaml,No Question YAML heading found,C:\FOC\Workspace\Finished\CQ20649_updated.md,PASS,Question YAML heading with fenced yaml block present
1065,CQ20649.md,20649,missing_case_study,No 17-section case-study heading found,C:\FOC\Workspace\Finished\CQ20649_updated.md,PASS,case-study numbered item count = 17
1066,CQ20649.md,20649,missing_c3_annotation,No c3_annotation block found,C:\FOC\Workspace\Finished\CQ20649_updated.md,PASS,json parsed as dict
1067,CQ20649.md,20649,missing_program_elements,No program_elements block found,C:\FOC\Workspace\Finished\CQ20649_updated.md,PASS,json parsed as dict
1068,CQ20649.md,20649,missing_program_intelligence,No program_intelligence block found,C:\FOC\Workspace\Finished\CQ20649_updated.md,PASS,json parsed as dict
1069,CQ20654.md,20654,missing_frontmatter,No leading YAML frontmatter block found,C:\FOC\Workspace\Finished\CQ20654_updated.md,PASS,leading YAML frontmatter present
1070,CQ20654.md,20654,missing_case_study,No 17-section case-study heading found,C:\FOC\Workspace\Finished\CQ20654_updated.md,PASS,case-study numbered item count = 17
1071,CQ20654.md,20654,missing_c3_annotation,No c3_annotation block found,C:\FOC\Workspace\Finished\CQ20654_updated.md,PASS,json parsed as dict
1072,CQ20654.md,20654,missing_program_elements,No program_elements block found,C:\FOC\Workspace\Finished\CQ20654_updated.md,PASS,json parsed as dict
1073,CQ20654.md,20654,missing_program_intelligence,No program_intelligence block found,C:\FOC\Workspace\Finished\CQ20654_updated.md,PASS,json parsed as dict
1074,CQ20690.md,20690,missing_frontmatter,No leading YAML frontmatter block found,C:\FOC\Workspace\Finished\CQ20690_updated.md,PASS,leading YAML frontmatter present
1075,CQ20690.md,20690,missing_c3_annotation,No c3_annotation block found,C:\FOC\Workspace\Finished\CQ20690_updated.md,PASS,json parsed as dict
1076,CQ20690.md,20690,missing_program_elements,No program_elements block found,C:\FOC\Workspace\Finished\CQ20690_updated.md,PASS,json parsed as dict
1077,CQ20690.md,20690,missing_program_intelligence,No program_intelligence block found,C:\FOC\Workspace\Finished\CQ20690_updated.md,PASS,json parsed as dict
1078,CQ20708.md,20708,missing_frontmatter,No leading YAML frontmatter block found,C:\FOC\Workspace\Finished\CQ20708_updated.md,PASS,leading YAML frontmatter present
1079,CQ20708.md,20708,missing_question_yaml,No Question YAML heading found,C:\FOC\Workspace\Finished\CQ20708_updated.md,PASS,Question YAML heading with fenced yaml block present
1080,CQ20708.md,20708,missing_case_study,No 17-section case-study heading found,C:\FOC\Workspace\Finished\CQ20708_updated.md,PASS,case-study numbered item count = 17
1081,CQ20708.md,20708,missing_c3_annotation,No c3_annotation block found,C:\FOC\Workspace\Finished\CQ20708_updated.md,PASS,json parsed as dict
1082,CQ20708.md,20708,missing_program_elements,No program_elements block found,C:\FOC\Workspace\Finished\CQ20708_updated.md,PASS,json parsed as dict
1083,CQ20708.md,20708,missing_program_intelligence,No program_intelligence block found,C:\FOC\Workspace\Finished\CQ20708_updated.md,PASS,json parsed as dict
1084,CQ20714.md,20714,missing_frontmatter,No leading YAML frontmatter block found,C:\FOC\Workspace\Finished\CQ20714_updated.md,PASS,leading YAML frontmatter present
1085,CQ20714.md,20714,missing_case_study,No 17-section case-study heading found,C:\FOC\Workspace\Finished\CQ20714_updated.md,PASS,case-study numbered item count = 17
1086,CQ20714.md,20714,missing_c3_annotation,No c3_annotation block found,C:\FOC\Workspace\Finished\CQ20714_updated.md,PASS,json parsed as dict
1087,CQ20714.md,20714,missing_program_elements,No program_elements block found,C:\FOC\Workspace\Finished\CQ20714_updated.md,PASS,json parsed as dict
1088,CQ20714.md,20714,missing_program_intelligence,No program_intelligence block found,C:\FOC\Workspace\Finished\CQ20714_updated.md,PASS,json parsed as dict
1089,CQ20717.md,20717,missing_frontmatter,No leading YAML frontmatter block found,C:\FOC\Workspace\Finished\CQ20717_updated.md,PASS,leading YAML frontmatter present
1090,CQ20717.md,20717,missing_question_yaml,No Question YAML heading found,C:\FOC\Workspace\Finished\CQ20717_updated.md,PASS,Question YAML heading with fenced yaml block present
1091,CQ20717.md,20717,missing_case_study,No 17-section case-study heading found,C:\FOC\Workspace\Finished\CQ20717_updated.md,PASS,case-study numbered item count = 17
1092,CQ20717.md,20717,missing_c3_annotation,No c3_annotation block found,C:\FOC\Workspace\Finished\CQ20717_updated.md,PASS,json parsed as dict
1093,CQ20717.md,20717,missing_program_elements,No program_elements block found,C:\FOC\Workspace\Finished\CQ20717_updated.md,PASS,json parsed as dict
1094,CQ20717.md,20717,missing_program_intelligence,No program_intelligence block found,C:\FOC\Workspace\Finished\CQ20717_updated.md,PASS,json parsed as dict
1095,CQ20725.md,20725,missing_frontmatter,No leading YAML frontmatter block found,C:\FOC\Workspace\Finished\CQ20725_updated.md,PASS,leading YAML frontmatter present
1096,CQ20725.md,20725,missing_question_yaml,No Question YAML heading found,C:\FOC\Workspace\Finished\CQ20725_updated.md,PASS,Question YAML heading with fenced yaml block present
1097,CQ20725.md,20725,missing_case_study,No 17-section case-study heading found,C:\FOC\Workspace\Finished\CQ20725_updated.md,PASS,case-study numbered item count = 17
1098,CQ20725.md,20725,missing_c3_annotation,No c3_annotation block found,C:\FOC\Workspace\Finished\CQ20725_updated.md,PASS,json parsed as dict
1099,CQ20725.md,20725,missing_program_elements,No program_elements block found,C:\FOC\Workspace\Finished\CQ20725_updated.md,PASS,json parsed as dict
1100,CQ20725.md,20725,missing_program_intelligence,No program_intelligence block found,C:\FOC\Workspace\Finished\CQ20725_updated.md,PASS,json parsed as dict
1101,CQ20727.md,20727,missing_frontmatter,No leading YAML frontmatter block found,C:\FOC\Workspace\Finished\CQ20727_updated.md,PASS,leading YAML frontmatter present
1102,CQ20727.md,20727,missing_question_yaml,No Question YAML heading found,C:\FOC\Workspace\Finished\CQ20727_updated.md,PASS,Question YAML heading with fenced yaml block present
1103,CQ20727.md,20727,missing_case_study,No 17-section case-study heading found,C:\FOC\Workspace\Finished\CQ20727_updated.md,PASS,case-study numbered item count = 17
1104,CQ20727.md,20727,missing_c3_annotation,No c3_annotation block found,C:\FOC\Workspace\Finished\CQ20727_updated.md,PASS,json parsed as dict
1105,CQ20727.md,20727,missing_program_elements,No program_elements block found,C:\FOC\Workspace\Finished\CQ20727_updated.md,PASS,json parsed as dict
1106,CQ20727.md,20727,missing_program_intelligence,No program_intelligence block found,C:\FOC\Workspace\Finished\CQ20727_updated.md,PASS,json parsed as dict
1107,CQ20728.md,20728,missing_frontmatter,No leading YAML frontmatter block found,C:\FOC\Workspace\Finished\CQ20728_updated.md,PASS,leading YAML frontmatter present
1108,CQ20728.md,20728,missing_question_yaml,No Question YAML heading found,C:\FOC\Workspace\Finished\CQ20728_updated.md,PASS,Question YAML heading with fenced yaml block present
1109,CQ20728.md,20728,missing_case_study,No 17-section case-study heading found,C:\FOC\Workspace\Finished\CQ20728_updated.md,PASS,case-study numbered item count = 17
1110,CQ20728.md,20728,missing_c3_annotation,No c3_annotation block found,C:\FOC\Workspace\Finished\CQ20728_updated.md,PASS,json parsed as dict
1111,CQ20728.md,20728,missing_program_elements,No program_elements block found,C:\FOC\Workspace\Finished\CQ20728_updated.md,PASS,json parsed as dict
1112,CQ20728.md,20728,missing_program_intelligence,No program_intelligence block found,C:\FOC\Workspace\Finished\CQ20728_updated.md,PASS,json parsed as dict
1113,CQ20729.md,20729,missing_frontmatter,No leading YAML frontmatter block found,C:\FOC\Workspace\Finished\CQ20729_updated.md,PASS,leading YAML frontmatter present
1114,CQ20729.md,20729,missing_c3_annotation,No c3_annotation block found,C:\FOC\Workspace\Finished\CQ20729_updated.md,PASS,json parsed as dict
1115,CQ20729.md,20729,missing_program_elements,No program_elements block found,C:\FOC\Workspace\Finished\CQ20729_updated.md,PASS,json parsed as dict
1116,CQ20729.md,20729,missing_program_intelligence,No program_intelligence block found,C:\FOC\Workspace\Finished\CQ20729_updated.md,PASS,json parsed as dict
1117,CQ20730.md,20730,missing_frontmatter,No leading YAML frontmatter block found,C:\FOC\Workspace\Finished\CQ20730_updated.md,PASS,leading YAML frontmatter present
1118,CQ20730.md,20730,missing_case_study,No 17-section case-study heading found,C:\FOC\Workspace\Finished\CQ20730_updated.md,PASS,case-study numbered item count = 17
1119,CQ20730.md,20730,missing_c3_annotation,No c3_annotation block found,C:\FOC\Workspace\Finished\CQ20730_updated.md,PASS,json parsed as dict
1120,CQ20730.md,20730,missing_program_elements,No program_elements block found,C:\FOC\Workspace\Finished\CQ20730_updated.md,PASS,json parsed as dict
1121,CQ20730.md,20730,missing_program_intelligence,No program_intelligence block found,C:\FOC\Workspace\Finished\CQ20730_updated.md,PASS,json parsed as dict
1122,CQ20733.md,20733,missing_frontmatter,No leading YAML frontmatter block found,C:\FOC\Workspace\Finished\CQ20733_updated.md,PASS,leading YAML frontmatter present
1123,CQ20733.md,20733,missing_c3_annotation,No c3_annotation block found,C:\FOC\Workspace\Finished\CQ20733_updated.md,PASS,json parsed as dict
1124,CQ20733.md,20733,missing_program_elements,No program_elements block found,C:\FOC\Workspace\Finished\CQ20733_updated.md,PASS,json parsed as dict
1125,CQ20733.md,20733,missing_program_intelligence,No program_intelligence block found,C:\FOC\Workspace\Finished\CQ20733_updated.md,PASS,json parsed as dict
1126,CQ20735.md,20735,missing_frontmatter,No leading YAML frontmatter block found,C:\FOC\Workspace\Finished\CQ20735_updated.md,PASS,leading YAML frontmatter present
1127,CQ20735.md,20735,missing_question_yaml,No Question YAML heading found,C:\FOC\Workspace\Finished\CQ20735_updated.md,PASS,Question YAML heading with fenced yaml block present
1128,CQ20735.md,20735,missing_case_study,No 17-section case-study heading found,C:\FOC\Workspace\Finished\CQ20735_updated.md,PASS,case-study numbered item count = 17
1129,CQ20735.md,20735,missing_c3_annotation,No c3_annotation block found,C:\FOC\Workspace\Finished\CQ20735_updated.md,PASS,json parsed as dict
1130,CQ20735.md,20735,missing_program_elements,No program_elements block found,C:\FOC\Workspace\Finished\CQ20735_updated.md,PASS,json parsed as dict
1131,CQ20735.md,20735,missing_program_intelligence,No program_intelligence block found,C:\FOC\Workspace\Finished\CQ20735_updated.md,PASS,json parsed as dict
1132,CQ20737.md,20737,missing_frontmatter,No leading YAML frontmatter block found,C:\FOC\Workspace\Finished\CQ20737_updated.md,PASS,leading YAML frontmatter present
1133,CQ20737.md,20737,missing_case_study,No 17-section case-study heading found,C:\FOC\Workspace\Finished\CQ20737_updated.md,PASS,case-study numbered item count = 17
1134,CQ20737.md,20737,missing_c3_annotation,No c3_annotation block found,C:\FOC\Workspace\Finished\CQ20737_updated.md,PASS,json parsed as dict
1135,CQ20737.md,20737,missing_program_elements,No program_elements block found,C:\FOC\Workspace\Finished\CQ20737_updated.md,PASS,json parsed as dict
1136,CQ20737.md,20737,missing_program_intelligence,No program_intelligence block found,C:\FOC\Workspace\Finished\CQ20737_updated.md,PASS,json parsed as dict
1137,CQ20744.md,20744,missing_frontmatter,No leading YAML frontmatter block found,C:\FOC\Workspace\Finished\CQ20744_updated.md,PASS,leading YAML frontmatter present
1138,CQ20744.md,20744,missing_question_yaml,No Question YAML heading found,C:\FOC\Workspace\Finished\CQ20744_updated.md,PASS,Question YAML heading with fenced yaml block present
1139,CQ20744.md,20744,missing_case_study,No 17-section case-study heading found,C:\FOC\Workspace\Finished\CQ20744_updated.md,PASS,case-study numbered item count = 17
1140,CQ20744.md,20744,missing_c3_annotation,No c3_annotation block found,C:\FOC\Workspace\Finished\CQ20744_updated.md,PASS,json parsed as dict
1141,CQ20744.md,20744,missing_program_elements,No program_elements block found,C:\FOC\Workspace\Finished\CQ20744_updated.md,PASS,json parsed as dict
1142,CQ20744.md,20744,missing_program_intelligence,No program_intelligence block found,C:\FOC\Workspace\Finished\CQ20744_updated.md,PASS,json parsed as dict
1143,CQ20760.md,20760,missing_frontmatter,No leading YAML frontmatter block found,C:\FOC\Workspace\Finished\CQ20760_updated.md,PASS,leading YAML frontmatter present
1144,CQ20760.md,20760,missing_question_yaml,No Question YAML heading found,C:\FOC\Workspace\Finished\CQ20760_updated.md,PASS,Question YAML heading with fenced yaml block present
1145,CQ20760.md,20760,missing_case_study,No 17-section case-study heading found,C:\FOC\Workspace\Finished\CQ20760_updated.md,PASS,case-study numbered item count = 17
1146,CQ20760.md,20760,missing_c3_annotation,No c3_annotation block found,C:\FOC\Workspace\Finished\CQ20760_updated.md,PASS,json parsed as dict
1147,CQ20760.md,20760,missing_program_elements,No program_elements block found,C:\FOC\Workspace\Finished\CQ20760_updated.md,PASS,json parsed as dict
1148,CQ20760.md,20760,missing_program_intelligence,No program_intelligence block found,C:\FOC\Workspace\Finished\CQ20760_updated.md,PASS,json parsed as dict
1149,CQ20805.md,20805,missing_frontmatter,No leading YAML frontmatter block found,C:\FOC\Workspace\Finished\CQ20805_updated.md,PASS,leading YAML frontmatter present
1150,CQ20805.md,20805,missing_question_yaml,No Question YAML heading found,C:\FOC\Workspace\Finished\CQ20805_updated.md,PASS,Question YAML heading with fenced yaml block present
1151,CQ20805.md,20805,missing_c3_annotation,No c3_annotation block found,C:\FOC\Workspace\Finished\CQ20805_updated.md,PASS,json parsed as dict
1152,CQ20805.md,20805,missing_program_elements,No program_elements block found,C:\FOC\Workspace\Finished\CQ20805_updated.md,PASS,json parsed as dict
1153,CQ20805.md,20805,missing_program_intelligence,No program_intelligence block found,C:\FOC\Workspace\Finished\CQ20805_updated.md,PASS,json parsed as dict
1154,CQ20808.md,20808,missing_frontmatter,No leading YAML frontmatter block found,C:\FOC\Workspace\Finished\CQ20808_updated.md,PASS,leading YAML frontmatter present
1155,CQ20811.md,20811,missing_frontmatter,No leading YAML frontmatter block found,C:\FOC\Workspace\Finished\CQ20811_updated.md,PASS,leading YAML frontmatter present
1156,CQ20811.md,20811,missing_c3_annotation,No c3_annotation block found,C:\FOC\Workspace\Finished\CQ20811_updated.md,PASS,json parsed as dict
1157,CQ20811.md,20811,missing_program_elements,No program_elements block found,C:\FOC\Workspace\Finished\CQ20811_updated.md,PASS,json parsed as dict
1158,CQ20811.md,20811,missing_program_intelligence,No program_intelligence block found,C:\FOC\Workspace\Finished\CQ20811_updated.md,PASS,json parsed as dict
1159,CQ20903.md,20903,program_elements_parse_error,Unterminated string starting at: line 11 column 121 (char 655),C:\FOC\Workspace\Finished\CQ20903_updated.md,PASS,json parsed as dict
1160,CQ20903.md,20903,missing_program_intelligence,No program_intelligence block found,C:\FOC\Workspace\Finished\CQ20903_updated.md,PASS,json parsed as dict
1161,CQ21105.md,21105,missing_frontmatter,No leading YAML frontmatter block found,C:\FOC\Workspace\Finished\CQ21105_updated.md,PASS,leading YAML frontmatter present
1162,CQ21105.md,21105,missing_question_yaml,No Question YAML heading found,C:\FOC\Workspace\Finished\CQ21105_updated.md,PASS,Question YAML heading with fenced yaml block present
1163,CQ21105.md,21105,missing_case_study,No 17-section case-study heading found,C:\FOC\Workspace\Finished\CQ21105_updated.md,PASS,case-study numbered item count = 17
1164,CQ21105.md,21105,missing_c3_annotation,No c3_annotation block found,C:\FOC\Workspace\Finished\CQ21105_updated.md,PASS,json parsed as dict
1165,CQ21105.md,21105,missing_program_elements,No program_elements block found,C:\FOC\Workspace\Finished\CQ21105_updated.md,PASS,json parsed as dict
1166,CQ21105.md,21105,missing_program_intelligence,No program_intelligence block found,C:\FOC\Workspace\Finished\CQ21105_updated.md,PASS,json parsed as dict
1167,CQ21131.md,21131,missing_frontmatter,No leading YAML frontmatter block found,C:\FOC\Workspace\Finished\CQ21131_updated.md,PASS,leading YAML frontmatter present
1168,CQ21131.md,21131,missing_question_yaml,No Question YAML heading found,C:\FOC\Workspace\Finished\CQ21131_updated.md,PASS,Question YAML heading with fenced yaml block present
1169,CQ21131.md,21131,missing_case_study,No 17-section case-study heading found,C:\FOC\Workspace\Finished\CQ21131_updated.md,PASS,case-study numbered item count = 17
1170,CQ21131.md,21131,missing_c3_annotation,No c3_annotation block found,C:\FOC\Workspace\Finished\CQ21131_updated.md,PASS,json parsed as dict
1171,CQ21131.md,21131,missing_program_elements,No program_elements block found,C:\FOC\Workspace\Finished\CQ21131_updated.md,PASS,json parsed as dict
1172,CQ21131.md,21131,missing_program_intelligence,No program_intelligence block found,C:\FOC\Workspace\Finished\CQ21131_updated.md,PASS,json parsed as dict
1173,CQ21244.md,21244,missing_frontmatter,No leading YAML frontmatter block found,C:\FOC\Workspace\Finished\CQ21244_updated.md,PASS,leading YAML frontmatter present
1174,CQ21244.md,21244,missing_question_yaml,No Question YAML heading found,C:\FOC\Workspace\Finished\CQ21244_updated.md,PASS,Question YAML heading with fenced yaml block present
1175,CQ21244.md,21244,missing_case_study,No 17-section case-study heading found,C:\FOC\Workspace\Finished\CQ21244_updated.md,PASS,case-study numbered item count = 17
1176,CQ21244.md,21244,missing_c3_annotation,No c3_annotation block found,C:\FOC\Workspace\Finished\CQ21244_updated.md,PASS,json parsed as dict
1177,CQ21244.md,21244,missing_program_elements,No program_elements block found,C:\FOC\Workspace\Finished\CQ21244_updated.md,PASS,json parsed as dict
1178,CQ21244.md,21244,missing_program_intelligence,No program_intelligence block found,C:\FOC\Workspace\Finished\CQ21244_updated.md,PASS,json parsed as dict
1179,CQ21410.md,21410,missing_frontmatter,No leading YAML frontmatter block found,C:\FOC\Workspace\Finished\CQ21410_updated.md,PASS,leading YAML frontmatter present
1180,CQ21410.md,21410,missing_question_yaml,No Question YAML heading found,C:\FOC\Workspace\Finished\CQ21410_updated.md,PASS,Question YAML heading with fenced yaml block present
1181,CQ21410.md,21410,missing_case_study,No 17-section case-study heading found,C:\FOC\Workspace\Finished\CQ21410_updated.md,PASS,case-study numbered item count = 17
1182,CQ21410.md,21410,missing_c3_annotation,No c3_annotation block found,C:\FOC\Workspace\Finished\CQ21410_updated.md,PASS,json parsed as dict
1183,CQ21410.md,21410,missing_program_elements,No program_elements block found,C:\FOC\Workspace\Finished\CQ21410_updated.md,PASS,json parsed as dict
1184,CQ21410.md,21410,missing_program_intelligence,No program_intelligence block found,C:\FOC\Workspace\Finished\CQ21410_updated.md,PASS,json parsed as dict
1185,CQ21449.md,21449,missing_frontmatter,No leading YAML frontmatter block found,C:\FOC\Workspace\Finished\CQ21449_updated.md,PASS,leading YAML frontmatter present
1186,CQ21449.md,21449,missing_pass1_sections,Only 9 numbered sections found,C:\FOC\Workspace\Finished\CQ21449_updated.md,PASS,numbered Pass-1 section count = 14
1187,CQ21449.md,21449,missing_question_yaml,No Question YAML heading found,C:\FOC\Workspace\Finished\CQ21449_updated.md,PASS,Question YAML heading with fenced yaml block present
1188,CQ21449.md,21449,missing_case_study,No 17-section case-study heading found,C:\FOC\Workspace\Finished\CQ21449_updated.md,PASS,case-study numbered item count = 17
1189,CQ21449.md,21449,missing_c3_annotation,No c3_annotation block found,C:\FOC\Workspace\Finished\CQ21449_updated.md,PASS,json parsed as dict
1190,CQ21449.md,21449,missing_program_elements,No program_elements block found,C:\FOC\Workspace\Finished\CQ21449_updated.md,PASS,json parsed as dict
1191,CQ21449.md,21449,missing_program_intelligence,No program_intelligence block found,C:\FOC\Workspace\Finished\CQ21449_updated.md,PASS,json parsed as dict
1192,CQ21599.md,21599,missing_frontmatter,No leading YAML frontmatter block found,C:\FOC\Workspace\Finished\CQ21599_updated.md,PASS,leading YAML frontmatter present
1193,CQ21599.md,21599,missing_pass1_sections,Only 12 numbered sections found,C:\FOC\Workspace\Finished\CQ21599_updated.md,PASS,numbered Pass-1 section count = 20
1194,CQ21599.md,21599,missing_question_yaml,No Question YAML heading found,C:\FOC\Workspace\Finished\CQ21599_updated.md,PASS,Question YAML heading with fenced yaml block present
1195,CQ21599.md,21599,missing_case_study,No 17-section case-study heading found,C:\FOC\Workspace\Finished\CQ21599_updated.md,PASS,case-study numbered item count = 17
1196,CQ21599.md,21599,missing_c3_annotation,No c3_annotation block found,C:\FOC\Workspace\Finished\CQ21599_updated.md,PASS,json parsed as dict
1197,CQ21599.md,21599,missing_program_elements,No program_elements block found,C:\FOC\Workspace\Finished\CQ21599_updated.md,PASS,json parsed as dict
1198,CQ21599.md,21599,missing_program_intelligence,No program_intelligence block found,C:\FOC\Workspace\Finished\CQ21599_updated.md,PASS,json parsed as dict
1199,CQ21650.md,21650,missing_frontmatter,No leading YAML frontmatter block found,C:\FOC\Workspace\Finished\CQ21650_updated.md,PASS,leading YAML frontmatter present
1200,CQ21650.md,21650,missing_pass1_sections,Only 2 numbered sections found,C:\FOC\Workspace\Finished\CQ21650_updated.md,PASS,numbered Pass-1 section count = 14
1201,CQ21650.md,21650,missing_question_yaml,No Question YAML heading found,C:\FOC\Workspace\Finished\CQ21650_updated.md,PASS,Question YAML heading with fenced yaml block present
1202,CQ21650.md,21650,missing_case_study,No 17-section case-study heading found,C:\FOC\Workspace\Finished\CQ21650_updated.md,PASS,case-study numbered item count = 17
1203,CQ21650.md,21650,missing_c3_annotation,No c3_annotation block found,C:\FOC\Workspace\Finished\CQ21650_updated.md,PASS,json parsed as dict
1204,CQ21650.md,21650,missing_program_elements,No program_elements block found,C:\FOC\Workspace\Finished\CQ21650_updated.md,PASS,json parsed as dict
1205,CQ21650.md,21650,missing_program_intelligence,No program_intelligence block found,C:\FOC\Workspace\Finished\CQ21650_updated.md,PASS,json parsed as dict
1206,CQ21707.md,21707,missing_frontmatter,No leading YAML frontmatter block found,C:\FOC\Workspace\Finished\CQ21707_updated.md,PASS,leading YAML frontmatter present
1207,CQ21707.md,21707,missing_question_yaml,No Question YAML heading found,C:\FOC\Workspace\Finished\CQ21707_updated.md,PASS,Question YAML heading with fenced yaml block present
1208,CQ21707.md,21707,missing_case_study,No 17-section case-study heading found,C:\FOC\Workspace\Finished\CQ21707_updated.md,PASS,case-study numbered item count = 17
1209,CQ21707.md,21707,missing_c3_annotation,No c3_annotation block found,C:\FOC\Workspace\Finished\CQ21707_updated.md,PASS,json parsed as dict
1210,CQ21707.md,21707,missing_program_elements,No program_elements block found,C:\FOC\Workspace\Finished\CQ21707_updated.md,PASS,json parsed as dict
1211,CQ21707.md,21707,missing_program_intelligence,No program_intelligence block found,C:\FOC\Workspace\Finished\CQ21707_updated.md,PASS,json parsed as dict
1212,CQ21711.md,21711,missing_frontmatter,No leading YAML frontmatter block found,C:\FOC\Workspace\Finished\CQ21711_updated.md,PASS,leading YAML frontmatter present
1213,CQ21711.md,21711,missing_case_study,No 17-section case-study heading found,C:\FOC\Workspace\Finished\CQ21711_updated.md,PASS,case-study numbered item count = 17
1214,CQ21711.md,21711,missing_c3_annotation,No c3_annotation block found,C:\FOC\Workspace\Finished\CQ21711_updated.md,PASS,json parsed as dict
1215,CQ21711.md,21711,missing_program_elements,No program_elements block found,C:\FOC\Workspace\Finished\CQ21711_updated.md,PASS,json parsed as dict
1216,CQ21711.md,21711,missing_program_intelligence,No program_intelligence block found,C:\FOC\Workspace\Finished\CQ21711_updated.md,PASS,json parsed as dict
1217,CQ21752.md,21752,missing_frontmatter,No leading YAML frontmatter block found,C:\FOC\Workspace\Finished\CQ21752_updated.md,PASS,leading YAML frontmatter present
1218,CQ21752.md,21752,missing_question_yaml,No Question YAML heading found,C:\FOC\Workspace\Finished\CQ21752_updated.md,PASS,Question YAML heading with fenced yaml block present
1219,CQ21752.md,21752,missing_case_study,No 17-section case-study heading found,C:\FOC\Workspace\Finished\CQ21752_updated.md,PASS,case-study numbered item count = 17
1220,CQ21752.md,21752,missing_c3_annotation,No c3_annotation block found,C:\FOC\Workspace\Finished\CQ21752_updated.md,PASS,json parsed as dict
1221,CQ21752.md,21752,missing_program_elements,No program_elements block found,C:\FOC\Workspace\Finished\CQ21752_updated.md,PASS,json parsed as dict
1222,CQ21752.md,21752,missing_program_intelligence,No program_intelligence block found,C:\FOC\Workspace\Finished\CQ21752_updated.md,PASS,json parsed as dict
1223,CQ21770.md,21770,missing_pass1_sections,Only 12 numbered sections found,C:\FOC\Workspace\Finished\CQ21770_updated.md,PASS,numbered Pass-1 section count = 19
1224,CQ21845.md,21845,missing_frontmatter,No leading YAML frontmatter block found,C:\FOC\Workspace\Finished\CQ21845_updated.md,PASS,leading YAML frontmatter present
1225,CQ21845.md,21845,missing_question_yaml,No Question YAML heading found,C:\FOC\Workspace\Finished\CQ21845_updated.md,PASS,Question YAML heading with fenced yaml block present
1226,CQ21845.md,21845,missing_case_study,No 17-section case-study heading found,C:\FOC\Workspace\Finished\CQ21845_updated.md,PASS,case-study numbered item count = 17
1227,CQ21845.md,21845,missing_c3_annotation,No c3_annotation block found,C:\FOC\Workspace\Finished\CQ21845_updated.md,PASS,json parsed as dict
1228,CQ21845.md,21845,missing_program_elements,No program_elements block found,C:\FOC\Workspace\Finished\CQ21845_updated.md,PASS,json parsed as dict
1229,CQ21845.md,21845,missing_program_intelligence,No program_intelligence block found,C:\FOC\Workspace\Finished\CQ21845_updated.md,PASS,json parsed as dict
1230,CQ21848.md,21848,missing_frontmatter,No leading YAML frontmatter block found,C:\FOC\Workspace\Finished\CQ21848_updated.md,PASS,leading YAML frontmatter present
1231,CQ21848.md,21848,missing_c3_annotation,No c3_annotation block found,C:\FOC\Workspace\Finished\CQ21848_updated.md,PASS,json parsed as dict
1232,CQ21848.md,21848,missing_program_elements,No program_elements block found,C:\FOC\Workspace\Finished\CQ21848_updated.md,PASS,json parsed as dict
1233,CQ21848.md,21848,missing_program_intelligence,No program_intelligence block found,C:\FOC\Workspace\Finished\CQ21848_updated.md,PASS,json parsed as dict
1234,CQ21867.md,21867,missing_frontmatter,No leading YAML frontmatter block found,C:\FOC\Workspace\Finished\CQ21867_updated.md,PASS,leading YAML frontmatter present
1235,CQ21867.md,21867,missing_c3_annotation,No c3_annotation block found,C:\FOC\Workspace\Finished\CQ21867_updated.md,PASS,json parsed as dict
1236,CQ21867.md,21867,missing_program_elements,No program_elements block found,C:\FOC\Workspace\Finished\CQ21867_updated.md,PASS,json parsed as dict
1237,CQ21867.md,21867,missing_program_intelligence,No program_intelligence block found,C:\FOC\Workspace\Finished\CQ21867_updated.md,PASS,json parsed as dict
1238,CQ21869.md,21869,missing_frontmatter,No leading YAML frontmatter block found,C:\FOC\Workspace\Finished\CQ21869_updated.md,PASS,leading YAML frontmatter present
1239,CQ21869.md,21869,missing_question_yaml,No Question YAML heading found,C:\FOC\Workspace\Finished\CQ21869_updated.md,PASS,Question YAML heading with fenced yaml block present
1240,CQ21869.md,21869,missing_case_study,No 17-section case-study heading found,C:\FOC\Workspace\Finished\CQ21869_updated.md,PASS,case-study numbered item count = 17
1241,CQ21869.md,21869,missing_c3_annotation,No c3_annotation block found,C:\FOC\Workspace\Finished\CQ21869_updated.md,PASS,json parsed as dict
1242,CQ21869.md,21869,missing_program_elements,No program_elements block found,C:\FOC\Workspace\Finished\CQ21869_updated.md,PASS,json parsed as dict
1243,CQ21869.md,21869,missing_program_intelligence,No program_intelligence block found,C:\FOC\Workspace\Finished\CQ21869_updated.md,PASS,json parsed as dict
1244,CQ21872.md,21872,missing_frontmatter,No leading YAML frontmatter block found,C:\FOC\Workspace\Finished\CQ21872_updated.md,PASS,leading YAML frontmatter present
1245,CQ21872.md,21872,missing_c3_annotation,No c3_annotation block found,C:\FOC\Workspace\Finished\CQ21872_updated.md,PASS,json parsed as dict
1246,CQ21872.md,21872,missing_program_elements,No program_elements block found,C:\FOC\Workspace\Finished\CQ21872_updated.md,PASS,json parsed as dict
1247,CQ21872.md,21872,missing_program_intelligence,No program_intelligence block found,C:\FOC\Workspace\Finished\CQ21872_updated.md,PASS,json parsed as dict
1248,CQ21879.md,21879,missing_frontmatter,No leading YAML frontmatter block found,C:\FOC\Workspace\Finished\CQ21879_updated.md,PASS,leading YAML frontmatter present
1249,CQ21879.md,21879,missing_question_yaml,No Question YAML heading found,C:\FOC\Workspace\Finished\CQ21879_updated.md,PASS,Question YAML heading with fenced yaml block present
1250,CQ21879.md,21879,missing_c3_annotation,No c3_annotation block found,C:\FOC\Workspace\Finished\CQ21879_updated.md,PASS,json parsed as dict
1251,CQ21879.md,21879,missing_program_elements,No program_elements block found,C:\FOC\Workspace\Finished\CQ21879_updated.md,PASS,json parsed as dict
1252,CQ21879.md,21879,missing_program_intelligence,No program_intelligence block found,C:\FOC\Workspace\Finished\CQ21879_updated.md,PASS,json parsed as dict
1253,CQ22139.md,22139,missing_frontmatter,No leading YAML frontmatter block found,C:\FOC\Workspace\Finished\CQ22139_updated.md,PASS,leading YAML frontmatter present
1254,CQ22139.md,22139,missing_pass1_sections,Only 0 numbered sections found,C:\FOC\Workspace\Finished\CQ22139_updated.md,PASS,numbered Pass-1 section count = 19
1255,CQ22161.md,22161,missing_frontmatter,No leading YAML frontmatter block found,C:\FOC\Workspace\Finished\CQ22161_updated.md,PASS,leading YAML frontmatter present
1256,CQ22161.md,22161,missing_pass1_sections,Only 0 numbered sections found,C:\FOC\Workspace\Finished\CQ22161_updated.md,PASS,numbered Pass-1 section count = 14
1257,CQ22266.md,22266,missing_frontmatter,No leading YAML frontmatter block found,C:\FOC\Workspace\Finished\CQ22266_updated.md,PASS,leading YAML frontmatter present
1258,CQ22266.md,22266,missing_pass1_sections,Only 9 numbered sections found,C:\FOC\Workspace\Finished\CQ22266_updated.md,PASS,numbered Pass-1 section count = 14
1259,CQ22266.md,22266,missing_question_yaml,No Question YAML heading found,C:\FOC\Workspace\Finished\CQ22266_updated.md,PASS,Question YAML heading with fenced yaml block present
1260,CQ22266.md,22266,missing_case_study,No 17-section case-study heading found,C:\FOC\Workspace\Finished\CQ22266_updated.md,PASS,case-study numbered item count = 17
1261,CQ22266.md,22266,missing_c3_annotation,No c3_annotation block found,C:\FOC\Workspace\Finished\CQ22266_updated.md,PASS,json parsed as dict
1262,CQ22266.md,22266,missing_program_elements,No program_elements block found,C:\FOC\Workspace\Finished\CQ22266_updated.md,PASS,json parsed as dict
1263,CQ22266.md,22266,missing_program_intelligence,No program_intelligence block found,C:\FOC\Workspace\Finished\CQ22266_updated.md,PASS,json parsed as dict
1264,CQ22408.md,22408,missing_frontmatter,No leading YAML frontmatter block found,C:\FOC\Workspace\Finished\CQ22408_updated.md,PASS,leading YAML frontmatter present
1265,CQ22408.md,22408,missing_pass1_sections,Only 0 numbered sections found,C:\FOC\Workspace\Finished\CQ22408_updated.md,PASS,numbered Pass-1 section count = 20
1266,CQ22408.md,22408,missing_c3_annotation,No c3_annotation block found,C:\FOC\Workspace\Finished\CQ22408_updated.md,PASS,json parsed as dict
1267,CQ22408.md,22408,missing_program_elements,No program_elements block found,C:\FOC\Workspace\Finished\CQ22408_updated.md,PASS,json parsed as dict
1268,CQ22408.md,22408,missing_program_intelligence,No program_intelligence block found,C:\FOC\Workspace\Finished\CQ22408_updated.md,PASS,json parsed as dict
1269,CQ22409.md,22409,missing_frontmatter,No leading YAML frontmatter block found,C:\FOC\Workspace\Finished\CQ22409_updated.md,PASS,leading YAML frontmatter present
1270,CQ22409.md,22409,missing_question_yaml,No Question YAML heading found,C:\FOC\Workspace\Finished\CQ22409_updated.md,PASS,Question YAML heading with fenced yaml block present
1271,CQ22410.md,22410,missing_frontmatter,No leading YAML frontmatter block found,C:\FOC\Workspace\Finished\CQ22410_updated.md,PASS,leading YAML frontmatter present
1272,CQ22410.md,22410,missing_pass1_sections,Only 0 numbered sections found,C:\FOC\Workspace\Finished\CQ22410_updated.md,PASS,numbered Pass-1 section count = 19
1273,CQ22729.md,22729,missing_pass1_sections,Only 12 numbered sections found,C:\FOC\Workspace\Finished\CQ22729_updated.md,PASS,numbered Pass-1 section count = 19
