excelRow,qid,code,outlinePath,subject,subtopic,confidence,source,reason,questionSnippet,explanationSnippet
"2","20982","64010500","Intentional Torts > Privileges","Torts","Intentional Torts","manual","manual_override","manual review: initial aggressor/self-defense privilege in intentional torts","","During the course of a fight, the role of aggressor may shift from one person to the other. Although a person is not privileged to defend himself or herself against a privileged (i.e., reasonable) response to his or her own aggression, he or she is privileged to defend himself or herself against an unprivileged attack. Although the defendant was the initial aggressor, he may have been privileged to use force to defend himself against the victim's response to the slap if the v"
"3","17488","44040502","Individual Rights > First Amendment Protections > Freedom of speech and expression","Constitutional Law","Individual Rights","high","row_text_rule","speech/expression","After many residents of the state complained of being annoyed by calls received from robocall computers, the state legislature enacted a statute that prohibited operating such a device from within the state. The company, a manufacturing com","Expression with a primarily commercial purpose may be regulated so long as the regulation directly advances a substantial government interest by the least burdensome means necessary. Whether protecting the public against annoyance by computerized telephone calls is a substantial government interest and whether the prohibition against the use of the robocall computer within the state directly advances that interest are two questions open to debate. If the answer to either ques"
"4","17598","72060201","Defenses > Justification Defenses > Self-defense","Criminal Law and Procedure","General Principles","manual","manual_override","manual review: criminal self-defense; imminent deadly force","One night, the defendant looked out his window and saw a robber taking something from his garage. The defendant went outside with a pistol and saw that the robber was already backing down the defendant's driveway in his getaway car. The def","For a self-defense claim, the harm being defended against must be reasonably imminent. While the danger that someone will be attacked tomorrow is likely insufficient to support a claim of self-defense, courts will not make the defendant wait until the absolute last second before he or she can defend himself or herself. Here, even though the robber was still getting out of his car, a court would likely find the danger was reasonably imminent. Thus, A is incorrect. In a self-de"
"5","18423","35030302","Privileges and Public Policy Exclusions > Public Policy Exclusions > Settlement negotiations and offers of compromise","Evidence","Privileges and Other Policy Exclusions","high","row_text_rule","settlement negotiations public-policy exclusion","At the trial of a personal injury action brought by the plaintiff against the defendant and arising out of an automobile accident, the plaintiff attempted to testify that immediately following the accident, the defendant offered to pay $500","For various reasons, the law recognizes a policy to encourage settlements. Since a party might refrain from making a settlement offer if he or she believed that his or her offer could be used as circumstantial evidence of his or her liability, this policy prohibits the admission as evidence of the offerer's liability of an offer to settle or compromise a claim. Since the offerer's explanation for his or her offer would not always prevent the offerer from convincing a jury of "
"6","21861","31010101","Presentation of Evidence > General Provisions > Roles of judge and jury","Evidence","Presentation of Evidence","high","row_text_rule","roles of judge and jury","The plaintiff brought an action against the defendant for injuries that he sustained when a gas stove that he purchased from the defendant exploded while he was attempting to use it. At trial, the plaintiff produced a snapshot photograph th","Generally it is the judge's function to decide whether offered evidence may be considered by the jury (i.e., is admissible), and the jury's function to decide what weight to give evidence that the judge decides they may consider. To find them admissible, a judge must determine whether photographs offered into evidence have been properly authenticated. A party seeking to authenticate a photograph must establish that the photograph is an accurate representation of what it purpo"
"7","17339","61020402","Negligence > Causation > Proximate (legal) cause","Torts","Negligence","manual","manual_override","manual review: eggshell-plaintiff/full-consequences proximate cause","A man was negligently flying his new drone when it hit a woman walking on the sidewalk nearby. According to Federal Aviation Authority law, drones were aircraft that needed to be registered. The man's drone was not. The drone did not hit th","Generally, if a tortfeasor negligently causes an injury, the tortfeasor is liable for the full consequences of the injury even though a unique or rare medical condition causes the injury to be much worse than it would have been for an ordinary person. Since the man's negligent flying of the drone knocked over the woman, the fact her medical condition caused blindness when the injury would not have done so in an ordinary person does not relieve the man from liability. Therefor"
"8","19215","85030300","Real Property Contracts > Marketable Title","Real Property","Contracts for Land","manual","manual_override","manual review: land-sale marketable title at closing despite assignment","The farmer was the owner of a peach orchard. On May 15, the seller contracted in writing to sell the land to the buyer for $200,000 under terms specified. The agreement called for the delivery of marketable title and set July 15 as the date","Generally, in the absence of an agreement by the promisee to release the promisor from his or her obligations under a contract, the promisor continues to be bound by his or her promise even after assigning his or her rights. Thus, any rights that the seller had against the buyer under the contract of sale survived the assignment by the buyer to the attorney. Even in the absence of a specific provision requiring it, a contract for the sale of real property is understood to imp"
"9","21163","95070101","Pretrial Procedures > Pleadings > Complaint","Civil Procedure","Pretrial Procedures","manual","manual_override","manual review: Rule 8 complaint pleading sufficiency","An insurance salesman sued a company in federal district court after he was passed over for a promotion. The salesman's claim arose under federal employment law. In the salesman's complaint, he gave a short statement claiming he was entitle","Generally, the federal rules only require that a complaint contain “a short and plain statement of the claim showing that the pleader is entitled to relief.” See Fed. R. Civ. P. 8(a)(2). Under Fed. R. Civ. P. 9, certain other matters, such as fraud, mistake, and special damages require a party to give more detail. Here, since the man is simply making a claim under federal employment law, he does not need to do more than make a short and plain statement of the claim. B is inco"
"10","19797","33040203","Hearsay > Hearsay Exemptions > Statements used for non-hearsay purposes","Evidence","Hearsay and Circumstances of Its Admissibility","manual","manual_override","manual review: promissory note as independent legal significance, non-hearsay purpose","At the jury trial of an action by the bank against the defendant on a promissory note, the defendant testified that the signature on the note was not his. An employee of the bank testified that she recognized the signature as the defendant'","Hearsay is defined as an out-of-court statement offered for the purpose of proving the truth of the matter asserted in that statement. The language of a promissory note creates an indebtedness. It is offered into evidence for the purpose of establishing that indebtedness (i.e., for its independent legal significance), not for the purpose of establishing the truth of any facts that it incidentally communicates. For this reason, it is not hearsay. A is incorrect because there i"
"11","19855","94030100","Removal and Remand > Removal to Federal Court","Civil Procedure","Jurisdiction and Venue","high","row_text_rule","removal","A banker, a citizen of State A, was injured in a car accident with a doctor, a citizen of State A, and a lawyer, a citizen of State B. The banker sued both the doctor and the lawyer in state court for $100,000. The banker then voluntarily d","If a case is initially not removable to federal court, a defendant has 30 days to file a notice of removal after the case becomes removable. See 28 U.S.C. §1446(b)(3). Here, the case became removable to federal court once the doctor was dismissed because there is now complete diversity between the plaintiff and defendant and the amount in controversy is over $75,000. Because the lawyer sought removal within 30 days, the case can be removed. A is incorrect because although the"
"12","21678","72010303","General Principles > Elements of Crimes > Causation","Criminal Law and Procedure","General Principles","manual","manual_override","manual review: criminal causation for involuntary manslaughter","The defendant suffered from severe anxiety. One day, he had a job interview at a new company. Because he was so nervous about the interview, he took three times the amount of anxiety pills that were prescribed for him and drank a bottle of ","If a person's behavior is grossly negligent, he or she may be liable for involuntary manslaughter if his or her conduct results in the death of another person. Nearly all states hold that the defendant's negligence must be something more than ordinary negligence. “Gross negligence” usually means the defendant disregarded a substantial danger of serious bodily harm or death. However, there must be a causal link between the gross negligence and the death. Consequently, if the d"
"13","19613","32020700","Relevance > Authentication and Identification","Evidence","Relevancy and Excluding Relevant Evidence","high","row_text_rule","authentication and identification","At the trial of a breach of contract action brought by the plaintiff against the defendant, the plaintiff testified in her own behalf. The plaintiff stated that a man who called her on the telephone said that he was the defendant and ordere","If a person's telephone number is listed in the telephone book, there is a presumption that one who properly dialed that number reached the premises of the person listed. Under FRE 901(6), this presumption combined with other circumstances, including self-identification of the speaker as the person listed, may justify the admission of voice-identification testimony by a witness who dialed the number. Since the plaintiff did not look up the defendant's number in the telephone "
"14","20496","62060202","Other Considerations > Joint Tortfeasors > Satisfaction and release","Torts","Other Torts","high","row_text_rule","satisfaction and release","The plaintiff was a passenger on a motorcycle operated by her friend when it collided with a car operated by the defendant. As a result of the collision, the plaintiff sustained injuries that required her hospitalization. Although the plain","If a plaintiff has received payment from a tortfeasor (e.g., in settlement), the amount of such payment may be deducted from the plaintiff's damage to reduce the liability of other tortfeasors. B is incorrect since this is true whether or not such payment was made pursuant to a judicial determination. C is incorrect under the collateral source rule for the reasons stated above. Ordinarily, when one joint tortfeasor pays more than his or her fair share of a judgment, he or she"
"15","20214","61020302","Negligence > Breach > Negligence per se","Torts","Negligence","high","row_text_rule","negligence per se","The defendant, the owner of a gasoline delivery service, operated a tank truck for delivering gasoline. The defendant's truck was 35 feet in length and had the words “DANGER — GASOLINE” printed on it. One day, while on the way to a gasoline","If a statute is designed to protect a class of persons to which the plaintiff belongs against risks like the one that resulted in harm, its violation may raise an inference or a presumption of negligence and may even be termed negligence per se. Since the statute prohibited parking without regard to a vehicle's contents, it was obviously not designed to protect against risks resulting from the explosion of a large quantity of gasoline. A and B are therefore incorrect. Since t"
"16","20622","63030100","Products Liability > Strict Products Liability","Torts","Strict Liability and Products Liability","high","row_text_rule","strict products liability","A woman purchased a food and beverage processing machine as a gift for her husband. The machine was manufactured by the company and was purchased by the woman from a store, a retailer. When the woman got home, she unpacked the machine, plac","If all other requirements are satisfied, strict liability may be imposed to benefit any plaintiff whose contact with the product was foreseeable, regardless of whether the plaintiff is classified as a bystander. A is therefore incorrect. A plaintiff who voluntarily encounters a known risk assumes that risk. B is incorrect, however, because the woman was not the plaintiff, and only a plaintiff is said to assume a risk. If the processing machine was defective when it left the c"
"17","18214","94030200","Removal and Remand > Remand to State Court","Civil Procedure","Jurisdiction and Venue","high","row_text_rule","remand","After he was fired, a man filed suit in state court in State A against a company. The man's complaint alleged a single federal discrimination claim and a number of state law claims. The company removed the case to federal district court. Th","If an action is in federal court based on federal question jurisdiction, a federal court has discretion to remand the case to state court once all the federal questions have been resolved based on principles of fairness and judicial economy. See Carnegie-Mellon University v. Cohill, 484 U.S. 343 (1988). Here, considering the action was originally brought in state court and only state claims remain, it would be more practical and fair to remand the case to the state court. The"
"18","19318","54030600","Defenses to Formation or Enforcement > Mistake / Lack of Mutual Assent","Contracts","Defenses to Enforceability","manual","manual_override","manual review: unilateral/intermediary mistake in land sale","Upon inheriting her aunt's ranch, the seller subdivided it into 1,000 separate numbered parcels of realty and offered them for sale. After inspecting a parcel that had no building on it, the buyer and his attorney went to see the seller in ","If the mistake had been the seller's alone (i.e., unilateral), it would not have prevented the formation of a contract unless the buyer knew or should have known about it. For this reason, if the buyer had known that the parcel described in the writing (#341) had a building on it, while the parcel that he had inspected (#241) did not, the seller's mistake would have prevented the formation of a contract. A is incorrect, however, because the buyer did not know this at the time"
"19","20382","63030100","Products Liability > Strict Products Liability","Torts","Strict Liability and Products Liability","high","row_text_rule","strict products liability","The defendant was the manufacturer of a chemical used by photo processors. A professional photographer customarily used the chemical in his processing laboratory. On August 15, 2012, while working in his laboratory, the photographer read th","If the plaintiff's harm was produced by an unforeseeable intervening event, the product defect was not a proximate cause of it. B is incorrect, however, because intervening negligence may be (and usually is) regarded as foreseeable. If the plaintiff's injury would not have occurred but for the crack in the sewer, the crack was also a cause of harm. The existence of an additional cause of harm is not sufficient to relieve any defendant of liability, however, unless that additi"
"20","18902","83050604","Mortgages and Security Devices > Foreclosure > Proceeds","Real Property","Mortgages","high","row_text_rule","foreclosure proceeds","A man owned a home worth $200,000. He had three mortgages on the property. The first mortgage was for $150,000 and was owed to first bank. The second mortgage was for $30,000 and was owed to second bank. The third mortgage was for $10,000 a","In a foreclosure sale, the proceeds are first used to pay the attorney's fees and other expenses of the sale, the principal and interest on the foreclosed loan, and then any junior mortgages in the order of their priority. If there is anything left over, it goes to the mortgagor. On the other hand, if the proceeds are insufficient to pay the mortgage debt, the mortgagee can bring a personal action against the mortgagor unless such an action is prohibited by state law. Here, A"
"21","21778","34050101","Contents of Writings, Recordings, and Photographs > Requirement of the Original > Best evidence rule","Evidence","Writings, Recordings, and Photographs","high","row_text_rule","best evidence/original writing rule","Assuming that the appropriate objection is made, in which of the following fact situations is the offered evidence LEAST likely to be excluded under the original document rule?","In B, the defendant is charged with forging a check. This obviously places the contents of the check in issue. Since the check has not been shown to be unavailable, the best evidence rule will exclude oral testimony as to its contents. Ordinarily, an expert witness may base his or her opinion on things that are not in evidence. In C, however, the expert has based her opinion solely on her examination of the X-ray. In effect, this means that all she is really doing is telling "
"22","18095","35030202","Privileges and Public Policy Exclusions > Particular Privileges > Marital Communications Privilege","Evidence","Privileges and Other Policy Exclusions","high","row_text_rule","marital communications privilege","While the defendant and his wife were standing in line outside a movie theater, the defendant whispered to his wife that he had committed a series of robberies the previous week. The defendant was subsequently arrested and charged with the ","In jurisdictions that recognize the spousal privilege, a spouse is not permitted to testify to a confidential communication received during marriage if the spouse who made the communication objects to the testimony. For this reason, the court should exclude his wife's testimony if the defendant objects to it. In general, all evidence that tends to establish a material fact is relevant and should be admitted unless excluded by some rule of law. Since the defendant's statement "
"23","21773","63040200","Strict Liability > Possession of Animals","Torts","Strict Liability and Products Liability","high","row_text_rule","strict liability for animals","The defendant kept a pet cougar in a yard that was surrounded by a wire chain-link fence. The plaintiff, who lived in the vicinity, frequently walked on the public sidewalk adjacent to the defendant's yard. One day, while the plaintiff was ","In most jurisdictions, a person who keeps a wild animal is strictly liable for damage that it causes. The jurisdictions that do not apply this rule generally hold that keeping a wild animal is prima facie negligent. Neither rule is applied, however, unless the injury sustained by the plaintiff resulted from the wild and dangerous nature of the animal involved. Since even a domestic animal might knock over a fence that has become badly deteriorated, the plaintiff's injury did "
"24","19473","71040200","Inchoate Offenses > Conspiracy","Criminal Law and Procedure","Inchoate Crimes","manual","manual_override","manual review: conspiracy liability and withdrawal","The defendant and his friend agreed to rob a bank and planned the robbery for several weeks. According to their plan, the defendant's car would be used as the getaway vehicle. The defendant was to drive to and from the robbery and wait in t","In most jurisdictions, once a defendant has become guilty of a conspiracy (by agreeing to commit a crime), he or she cannot avoid criminal responsibility for the crime of conspiracy by withdrawing from or renouncing their plan. A, B, and C are therefore incorrect."
"25","19171","64010500","Intentional Torts > Privileges","Torts","Intentional Torts","high","row_text_rule","intentional tort privilege/defense","A man was looking out through the open window of his house when he saw a robber knock down an old woman and snatch her handbag. As the robber ran off with the woman's purse, the man grabbed a wooden board and jumped through his window. Afte","In some jurisdictions, a person defending another against a threat of immediate bodily harm is privileged to use whatever force the person being defended would have been privileged to use. In other jurisdictions, a person defending another against a threat of immediate bodily harm is privileged to use the force that reasonably appears necessary to the defendant himself or herself. Both A and B are incorrect, however, because the robber was in the process of running away at th"
"26","20013","61020302","Negligence > Breach > Negligence per se","Torts","Negligence","high","row_text_rule","negligence per se","The defendant was driving her truck across a bridge when the bridge collapsed, causing a car driven by the plaintiff to fall into the river. The plaintiff subsequently asserted a negligence claim against the defendant for injuries that he s","In some jurisdictions, the violation of a statute may be negligence per se; in others, it may raise a rebuttable presumption of negligence; and in others, it may merely raise an inference of negligence. A is incorrect, however, because negligence does not result in liability unless it was a factual cause of harm, and the defendant's violation of a statute — even if it establishes negligence — was not a cause of the plaintiff's harm. Although violation of a statute may raise a"
"27","18076","31010407","Presentation of Evidence > Witnesses > Refreshing recollection","Evidence","Presentation of Evidence","high","row_text_rule","refreshing recollection","In an action by the plaintiff against the defendant, the plaintiff claimed that the defendant breached a contract to market the plaintiff's products. At trial, the plaintiff testified that she and the defendant had reached an agreement at a","It is generally understood that even while testifying, a witness may look at any document (in fact, at anything at all) that serves to refresh his or her recollection about the matters to which he or she is testifying. Although there are dangers connected with this rule, it is thought that these can be averted by investing the judge with discretion to determine, while listening to the testimony, whether the witness's recollection has really been refreshed by consulting such a"
"28","17778","31010504","Presentation of Evidence > Impeachment > Conviction of crime","Evidence","Presentation of Evidence","high","row_text_rule","impeachment by conviction","The security guard of a warehouse was making his rounds after closing time one night when he found the defendant walking around inside the warehouse. When the guard asked him what he was doing there, the defendant replied that he had been d","It is generally understood that evidence of a person's bad character is inadmissible for the purpose of proving that he or she acted in a particular way on a particular occasion. Since evidence of a criminal conviction is evidence of character, it is usually excluded by this rule. Under FRE 609, a judgment of conviction may be admitted for the purpose of impeaching the credibility of a witness, however, because it tends to establish that the person convicted is untrustworthy."
"29","19890","31010402","Presentation of Evidence > Witnesses > Form and scope of examination","Evidence","Presentation of Evidence","high","row_text_rule","form and scope of examination","The plaintiff asserted a claim against the defendant for injuries that the plaintiff received when she was struck by a truck owned by the defendant and driven by one of the defendant's employees. At trial, the plaintiff's attorney called a ","Leading questions may also be asked of hostile witnesses. B is incorrect, however, because a hostile witness is one who has manifested hostility or prejudice under examination, and there is no indication that the witness did so. While leading questions are permitted on cross-examination, C is incorrect because the question was asked on direct examination. (Note: The facts indicate that the witness was called by the plaintiff's attorney to testify on the presentation of the pl"
"30","21621","61020104","Negligence > Duty > Affirmative duties to act","Torts","Negligence","manual","manual_override","manual review: landholder created risk imposing affirmative duty to protect children","The defendant was the operator of a summer camp for children. The plaintiff was a nine-year-old child staying at the camp, her parents having paid the defendant a fee. The plaintiff was playing softball with other children on a field that t","Many jurisdictions have held that a landholder is not obligated to protect even invitees against dangers that result solely from natural conditions of the land. Since the way softball is played and the nature of children make it foreseeable that children using the field would run into the bushes, however, the defendant's designation of the field as a playing field for children resulted in a risk greater than that created by nature (i.e., the tree root's existence). Her creati"
"31","19904","83050603","Mortgages and Security Devices > Foreclosure > Parties and priorities","Real Property","Mortgages","high","row_text_rule","foreclosure parties/priorities","Upon borrowing money from her accountant, the landowner executed a note and a mortgage on her realty in favor of her accountant. The accountant immediately and properly recorded the mortgage. One month later, the landowner borrowed money fr","One who inherits an interest in realty takes it subject to any existing prior interests. Since the landowner's accountant and brother received interests prior to the death of the landowner, and since both of those interests were immediately recorded, the landowner's nephew and niece took their interests in the realty subject to those of the accountant and the brother. Thus, the accountant is entitled to succeed in a foreclosure proceeding. Because of the constitutional requir"
"32","19031","63030100","Products Liability > Strict Products Liability","Torts","Strict Liability and Products Liability","high","row_text_rule","strict products liability","The defendant was the manufacturer of a gas sold for commercial use. The defendant produced the gas at its factory and stored it in a large tank located behind the factory building. Although the defendant made reasonable inspections of its ","One who places a defective product — whether defective in design or in manufacture — in the stream of commerce may be held strictly liable for damage resulting from the product defect. A is incorrect, however, because the defendant did not place the tank in the stream of commerce. B and C are incorrect because the defendant did not place the gas that injured the plaintiff in the stream of commerce."
"33","18370","55020201","Formation > Consideration > Bargain and exchange","Contracts","Formation of Contracts","high","row_text_rule","bargain and exchange consideration","The homeowner, who owned a home in a residential development, decided to have his driveway paved. He called the plaintiff, a licensed contractor who specialized in residential driveways, and asked for an estimate on the job. Although the st","Ordinarily, a promise is not enforceable unless something of value (i.e., consideration) was given in return for it. Since the plaintiff paved the driveway before the neighbor promised to pay, he could not have done so in return for the promise. The paving job, therefore, could not have been consideration for the neighbor's promise. Under the view of the Restatement (2d) of Contracts, however, a promise made in recognition of a benefit previously received by the promisor from"
"34","19325","32020700","Relevance > Authentication and Identification","Evidence","Relevancy and Excluding Relevant Evidence","high","row_text_rule","authentication and identification","At the jury trial of an action by a bank against the defendant on a promissory note, the defendant testified that the signature on the note was not his. An employee of the bank testified that she recognized the signature as the defendant's.","Ordinarily, a relevant object is admissible into evidence if a witness testifies that he or she recognizes it. Because writings are particularly subject to fraud, however, special rules have developed regarding their admission. Where the legal significance of a writing depends upon its authorship, the writing cannot be admitted unless the court (i.e., judge) finds that there is sufficient evidence to warrant a finding regarding its authorship. Unless the court determines that"
"35","19324","75070202","Fourth Amendment > Searches and Seizures > Exceptions to warrant requirement","Criminal Law and Procedure","Constitutional Protection of Accused Persons (Criminal Procedure)","high","row_text_rule","search warrant exceptions","After police officers arrested the defendant for driving with a suspended license, the officers handcuffed the defendant and placed him in their patrol car. The police officers then searched the defendant's car and discovered cocaine in the","Police may search a vehicle incident to a recent occupant's arrest only if the arrestee is within reaching distance of the passenger compartment at the time of the search or it is reasonable to believe the vehicle contains evidence of the offense of arrest. When these justifications are absent, a search of an arrestee's vehicle will be unreasonable unless police obtain a warrant or show that another exception to the warrant requirement applies. Here, the defendant was secured"
"36","18232","62050102","Other Torts > Nuisance > Private","Torts","Other Torts","high","row_text_rule","private nuisance","The company is the manufacturer of an agricultural insecticide. Since the county in which the company is located is primarily devoted to farming, the company has manufactured the agricultural insecticide at its factory there for the past 50","Private nuisance is a tortious interference with the plaintiff's right to use and enjoy real property in which he or she has a present or future possessory interest. In effect, a plaintiff suing a defendant for private nuisance is claiming that the defendant's use of its realty unreasonably violates the plaintiff's right to use his or her realty. For this reason, in deciding a claim for private nuisance, the courts must balance the rights of the plaintiff and defendant in an "
"37","20616","62050102","Other Torts > Nuisance > Private","Torts","Other Torts","manual","manual_override","manual review: private nuisance from airport operation","The plaintiff purchased realty in the county in 2000 and has lived on it since then. The realty is located approximately one mile from a private airport owned and operated by the defendant. At the time of the plaintiff's purchase, county or","Private nuisance is a tortious interference with the plaintiff's right to use and enjoy realty, and it may be committed without any physical intrusion onto the realty. Although the county ordinance permitted use of the airport by certain aircraft, the defendant could still be liable for private nuisance if he was operating the airport in a manner other than that contemplated by the ordinance. While it is not certain that the plaintiff would recover on this theory, private nui"
"38","17025","75070100","Fourth Amendment > Arrest and Detention","Criminal Law and Procedure","Constitutional Protection of Accused Persons (Criminal Procedure)","high","row_text_rule","arrest/probable cause","After being informed that members of a college fraternity were engaged in the unlawful sale of cocaine, police officers obtained a warrant to search the fraternity house. While searching, the officers discovered the defendant, a guest of on","Probable cause means a belief that the defendant is guilty, supported by facts that would lead a reasonable person to entertain such a belief. While it is not certain that the officers had probable cause to believe the defendant guilty, the argument set forth in B is the only one listed that might provide the prosecution with an effective argument in response to the defendant's motion. It is sometimes said that evidence discovered by violating a defendant's rights is inadmiss"
"39","21821","64010101","Intentional Torts > Intentional Torts to the Person > Assault","Torts","Intentional Torts","high","row_text_rule","assault","The seller and the buyer entered into a valid written contract for the sale of the seller's home to the buyer. Subsequently, the seller's neighbor, the defendant, telephoned the seller and said, “If you don't back out of your contract with ","Since it was obvious from the defendant's statement that the threatened harm would not occur until sometime in the future, A would be an effective defense and is therefore incorrect. Since the threat was of harm to the seller's children and not to the seller, C would be an effective defense and is therefore incorrect. Courts have generally argued (although this argument is not always credible) that apprehension induced by the defendant's mere use of words is not reasonable. T"
"40","19024","55020201","Formation > Consideration > Bargain and exchange","Contracts","Formation of Contracts","high","row_text_rule","bargain and exchange consideration","A man was at the beach when he saw a small dog being washed out to sea. He jumped into the ocean and rescued the dog. As soon as the man and the dog were back on the beach, the dog's owner ran up to the man and said, “That's my prize show d","Since the man had already rescued the dog without expecting compensation, the rescue was not given in exchange for or to induce the dog owner's promise. A is therefore incorrect. In determining whether to rescind a contract because of mutual mistake, fraud, duress, or undue influence, the court may attempt to decide whether its failure to rescind would unjustly enrich one of the parties. Ordinarily, however, the fact that a party will be unjustly enriched by something is not "
"41","18237","81020500","Non-Possessory Rights and Interests in Land > Equitable Servitudes / Restrictive Covenants","Real Property","Rights in Land","manual","manual_override","manual review: restrictive covenant/equitable servitude enforcement","After inheriting a large tract of land, the landowner subdivided it into 60 numbered lots pursuant to state law, filing a plat map and development scheme that indicated that all lots in the subdivision would be restricted to residential use","Since the restriction to residential use was contained in the deed by which the sister received her interest in Lot 2, there is no question about whether the restriction is enforceable against her. But since her brother was not a party to the transaction in which the restriction on his sister's use was created (i.e., the conveyance of Lot 2), a question exists about whether that restriction is enforceable by the brother. The facts are unclear about who purchased first. (If th"
"42","18379","85030300","Real Property Contracts > Marketable Title","Real Property","Contracts for Land","manual","manual_override","manual review: marketable title defeated by easement encumbrance","By a contract calling for the delivery of marketable title, the seller agreed to sell the buyer a parcel of realty consisting of four adjacent lots. On the date set for closing, the seller informed the buyer that one of the four lots was en","Since the sales contract called for delivery of marketable title to a parcel consisting of four lots, the buyer could not be required to accept anything less. Outstanding encumbrances — including easements — make a title unmarketable. Since one of the four lots was encumbered by an easement, the seller was unable to deliver marketable title and was, therefore, in breach of contract. A covenant against encumbrances is breached if an encumbrance exists at the time of conveyance"
"43","19944","73020700","Crimes against the Person > Rape","Criminal Law and Procedure","Other Crimes","manual","manual_override","manual review: statutory rape/rape offense","A boy and a girl were dating when they decided it was time for them to try sexual intercourse. The girl was 17 years old. A statute in the jurisdiction provided that any male who has sexual intercourse with a female whom he knows to be unde","So long as a male defendant is old enough to be convicted of a crime, he may be convicted of statutory rape even though his age is the same as or younger than that of the female victim. A is therefore incorrect. Intoxication is a defense to a criminal charge only if it made the defendant incapable of possessing the necessary state of mind required. C is incorrect because there is no indication that the boy's intoxication affected his knowledge regarding the girl's age or prev"
"44","18516","31010403","Presentation of Evidence > Witnesses > Lay opinion testimony","Evidence","Presentation of Evidence","high","row_text_rule","lay opinion testimony","The plaintiff asserted a negligence claim against the defendant for personal injuries sustained when the plaintiff fell down a stairway while leaving the defendant's restaurant. The defendant asserted a defense of contributory negligence. A","So long as they do not go beyond matters in common knowledge, lay opinions about the physical and mental condition of another are usually admissible. For this reason, an opinion that another person was intoxicated is admissible (so long as it is rationally based on the witness's perceptions) even if the witness is not an expert on intoxication. B and C are therefore incorrect. The admissibility of opinion evidence is a question of law for the judge. This means that the judge "
"45","18432","85030103","Real Property Contracts > Land-Sale Contracts > Time for performance","Real Property","Contracts for Land","high","row_text_rule","land-sale time for performance","After negotiation, the buyer and the seller entered into a valid written contract for the sale to the buyer of the seller's realty. The contract provided for closing of title “on or before June 15” because the buyer was moving into the area","Sometimes the phrase “time is of the essence” is inserted in a contract to make it clear that the circumstances contemplated by the parties did make it essential that performance occur by a certain date. Since those circumstances may be found to exist even without the insertion of specific language, however, its insertion is not the only thing that would result in a judgment for the buyer. B is therefore incorrect. Even if the seller's breach resulted in damage to the buyer, "
"46","17641","44040203","Individual Rights > Due Process Clause > Procedural due process","Constitutional Law","Individual Rights","high","row_text_rule","procedural due process","The plaintiff was hired as a probationary employee by an agency of the state pursuant to a written contract. The contract provided that at the end of one year, the parties could agree to renew the contract for an additional one-year period,","State action that imposes a penalty for the exercise of a constitutional right is a deprivation of liberty. If the decision not to renew the plaintiff's contract was based on his speech (an exercise of First Amendment rights), it interfered with a liberty interest. Since the Fifth and Fourteenth Amendments protect against deprivation of liberty without due process, the additional fact set forth in B could result in a finding that a hearing (i.e., due process) was required. A "
"47","18658","75070202","Fourth Amendment > Searches and Seizures > Exceptions to warrant requirement","Criminal Law and Procedure","Constitutional Protection of Accused Persons (Criminal Procedure)","high","row_text_rule","search warrant exceptions","A police officer was going door-to-door in a neighborhood handing out flyers related to several recent burglaries. A homeowner invited the police officer in for some coffee. The police officer sat down in the living room while the homeowner","The “plain view” doctrine allows a police officer to seize evidence falling into the officer's “plain view” when that officer sees the evidence from a place where it is lawful for the officer to be. Here, by consenting to have the officer in her home, the police officer was lawfully in the living room. However, the question in such circumstances is what the homeowner would have reasonably believed her consent amounted to. Importantly, if one consents to have another person in"
"48","17540","42010302","Separation of Powers > Interbranch Checks and Balances > Veto and similar powers","Constitutional Law","Separation of Powers","high","row_text_rule","bicameralism/presentment","A chemical used in the manufacture of munitions is frequently found floating, as dust, in the air of munitions factories. Since prolonged inhalation of the chemical can cause lung disease, Congress passes an Act to limit use of the chemical","The committee system in Congress exists, in part, because it enables certain questions to be considered by bodies that have had an opportunity to develop expertise in certain areas. The principle of bicameralism established by Article I prevents those committees from legislating, however. For this reason, A is incorrect. Although Congress may supervise the activities of administrative agencies that it has created, the scope of such supervision is, of course, limited by the pr"
"49","20047","84040205","Titles, Deeds, and Conveyancing > Conveyance by Deed > Covenants of title","Real Property","Titles","manual","manual_override","manual review: deed covenants of title breach","The landowner was the owner of a large tract of realty located in a heavily forested area. In January 2012, the landowner leased the realty to a friend for a period of 20 years. In March 2012, the landowner sold the realty to an artist, exe","The covenant of seisin is a promise that the grantor has title to and possession of the realty. The covenant against encumbrances is a promise that no other person has encumbrances or liens against the realty. If the realty is not as covenanted, these covenants are breached the moment a deed containing them is delivered to a grantee. Since the covenants are breached upon delivery of the deed, however, they do not flow to successors of the covenantor's grantee. Since the lando"
"50","17508","44040300","Individual Rights > Equal Protection Clause","Constitutional Law","Individual Rights","high","row_text_rule","equal protection","In which one of the following fact situations is the defendant most likely to be properly convicted of violating a state law that prohibits depriving any person of a right conferred by the Equal Protection Clause of the Fourteenth Amendment","The defendant in A is employed by a religious organization. The defendant in B is a federal official. The defendant in D works in private enterprise. Since none of them is an agency of the state, A, B, and D are incorrect."
"51","20195","55020201","Formation > Consideration > Bargain and exchange","Contracts","Formation of Contracts","high","row_text_rule","bargain and exchange consideration","The defendant and the victim are adults. During an argument, the defendant slammed a glass door against the victim, causing the victim to sustain serious cuts on her hand. After the victim received medical treatment for her injuries, she sp","The defendant's mother's promise to pay $1,000 is enforceable only if it is supported by consideration. Consideration is something of value — either benefit to the promisor or detriment to the promisee — given in exchange for the promise. A promise to do something that the promisor has no legal right to do cannot be regarded as consideration because it has no value. Unless a privilege exists, no person has the right to refuse to testify in a criminal prosecution. Certainly, n"
"52","19364","94050100","Venue > Venue","Civil Procedure","Jurisdiction and Venue","manual","manual_override","manual review: improper venue waived under Rule 12/Section 1406","An astronaut, who is a resident of the Western District of State A, sued an engineer, who was a resident of the Eastern District of State B, and a videogame designer, who was a resident of the Southern District of State C, in federal distri","The defense of improper venue is waived if it is not made either as a pre-answer motion under Fed. R. Civ. P. 12 or as part of the defendant's answer. When the defendants' submitted their answers without the defense, they waived it. Once that happened, “nothing . . . shall impair the jurisdiction of a district court of any matter involving a party who does not interpose timely and sufficient objection to the venue.” See 28 U.S.C. §1406(b). Consequently, the court in the Weste"
"53","18402","44040300","Individual Rights > Equal Protection Clause","Constitutional Law","Individual Rights","high","row_text_rule","equal protection","A state law requires a permit for the use of certain recreational facilities in state parks and fixes the annual fee for such permits at $25 for residents and $200 for non-residents. If a non-resident of the state challenges the law as unco","The Equal Protection Clause prohibits states from invidiously discriminating. Since the statute requires higher fees from non-residents, it discriminates against them. Although some such discrimination has been held to be valid, it is possible that this statute is not. A therefore could be an effective argument in support of the constitutional challenge, making A incorrect. The Privileges and Immunities Clause of Article IV of the United States Constitution provides that “The"
"54","21827","33040101","Hearsay > In General > Hearsay rule","Evidence","Hearsay and Circumstances of Its Admissibility","high","row_text_rule","hearsay rule","The plaintiff, who was four years of age, was the plaintiff in a battery action against the defendant, who was seven years of age. At trial, the plaintiff's attorney called the plaintiff to testify on the plaintiff's direct case. After inte","The fact that a declarant is presently unavailable is never in itself sufficient to permit the admission of his or her out-of-court statements. B is incorrect for this reason, and because the excited utterance exception does not require that the declarant be unavailable. C is incorrect, because although the plaintiff's statement is hearsay, it is admissible under the excited utterance exception to the hearsay rule. The court found that the plaintiff was incompetent to testify"
"55","21206","31010502","Presentation of Evidence > Impeachment > Prior inconsistent statement","Evidence","Presentation of Evidence","high","row_text_rule","prior inconsistent statement","The plaintiff asserted a personal injury claim against the defendant for injuries that she sustained when their cars collided at an intersection. At the trial, the witness, an eyewitness to the accident, testified that when it occurred, the","The fact that a witness has made prior statements that are inconsistent with her testimony suggests that her testimony is not worthy of belief. For this reason, such statements are admissible for purposes of impeachment. In general, substantive evidence is admissible if it tends to establish a fact in issue. Since the color of the traffic light is material to the determination of the plaintiff's rights against the defendant (i.e., is a fact in issue), the deposition in which "
"56","18417","75080100","Fifth and Sixth Amendments—Statements, Confessions, and Identifications > Statements and Confessions","Criminal Law and Procedure","Constitutional Protection of Accused Persons (Criminal Procedure)","high","row_text_rule","Miranda/confessions","Following her indictment by a grand jury for bank robbery, the defendant voluntarily surrendered at police headquarters. After booking her, police officers advised the defendant that she had a right to remain silent, that anything she said ","The Fifth Amendment right against self-incrimination protects a defendant against being coerced into answering questions asked by the police. Because police interrogation of a person in custody is inherently coercive, a person in custody is entitled to Miranda warnings like those given the defendant when she was first taken into custody. If, after receiving such warnings, the person in custody asserts his or her right to have an attorney present during questioning, all interr"
"57","21112","75080101","Fifth and Sixth Amendments—Statements, Confessions, and Identifications > Statements and Confessions > Voluntary statements","Criminal Law and Procedure","Constitutional Protection of Accused Persons (Criminal Procedure)","manual","manual_override","manual review: Fifth Amendment self-incrimination, testimonial vs physical identification","At the trial of a robbery prosecution, a witness for the prosecution testified that the robber walked with a limp. While the witness was on the stand, the prosecutor asked the defendant to walk across the courtroom. If the defendant objects","The Fifth Amendment to the United States Constitution provides in part that “No person . . . shall be compelled in any criminal case to be a witness against himself.” The privilege only prohibits the government from requiring a testimonial communication, however. It does not protect a person against being required to participate in identification procedures that might lead to his or her conviction. For this reason, the Fifth Amendment privilege does not protect the defendant "
"58","19814","75080404","Fifth and Sixth Amendments—Statements, Confessions, and Identifications > Double Jeopardy > Retrial after Attachment","Criminal Law and Procedure","Constitutional Protection of Accused Persons (Criminal Procedure)","manual","manual_override","manual review: double jeopardy retrial after reversal for insufficient evidence","At a jury trial, the defendant was convicted of aggravated assault. On appeal, the defendant's conviction was reversed on the ground that, as a matter of law, the evidence against her was insufficient to establish guilt beyond a reasonable ","The Fifth Amendment to the United States Constitution provides that no person shall for the same offense be placed twice in jeopardy of life or limb. In general, this prevents a person from being tried twice for the same crime. Since the defendant has already been tried, the subsequent prosecution violates this constitutional protection. D is correct for this reason, and because none of the reasons listed in the other options is sufficient to result in a denial of her motion."
"59","20765","33040302","Hearsay > Hearsay Exceptions > Not requiring unavailability of declarant","Evidence","Hearsay and Circumstances of Its Admissibility","manual","manual_override","manual review: ancient document/vital-record hearsay exceptions not requiring unavailability","After a man died without a will, the state treasurer instituted a proceeding for a declaration that the man's assets should escheat to the state, on the ground that there were no living persons eligible to inherit. A woman opposed the proce","The FRE permit the admission, as an “ancient document,” of a properly authenticated writing that is at least 20 years old. Common law usually requires 30 years. A is incorrect under both systems, however, because there is no fact indicating the age of the mother's notation in the Bible. In some jurisdictions, a law known as the “dead man's statute” prevents the admission of certain evidence regarding certain transactions with a person who is now deceased. Although the dead ma"
"60","20863","82010102","Nature and Ownership of Land > Present Possessory Interests in Land > Defeasible fees","Real Property","Ownership","manual","manual_override","manual review: fee simple determinable/defeasible fee","By a properly executed and recorded deed, the landowner conveyed a parcel of real estate with a building on it as follows: to the church for so long as the land is used by the church for church purposes; and when the land ceases to be so us","The grant of an interest in realty “for so long as” a certain condition continues to exist or “until” a certain condition shall exist is traditionally held to create a fee simple determinable. One of the characteristics of this particular interest is that it terminates automatically upon the happening of the specified event or condition. Since the conveyance to the church was “for so long as” the land is used for church purposes, it was a fee simple determinable, and it was t"
"61","21835","35030205","Privileges and Public Policy Exclusions > Particular Privileges > Attorney-client","Evidence","Privileges and Other Policy Exclusions","high","row_text_rule","attorney-client privilege","The plaintiff had an exclusive five-year contract to sell products manufactured by the defendant. When the defendant canceled the contract in its third year, the plaintiff entered into a similar contract with another manufacturer. The plain","The majority of jurisdictions recognize a client's privilege to prevent disclosure of a confidential communication that he or she made to his or her attorney while seeking legal advice even before retaining him or her. In addition, the privilege applies to confidences that the client communicates to an agent of the attorney in connection with the subject of the attorney-client relationship. Since the plaintiff's communication with the witness was at the attorney's request to "
"62","21863","84040403","Titles, Deeds, and Conveyancing > Recording Acts > Bona fide purchaser","Real Property","Titles","high","row_text_rule","bona fide purchaser","On February 1, the landowner conveyed a parcel of realty to his friend as a gift. The landowner executed the deed in the presence of a notary public, and the notary affixed his seal as required by law. On March 1, after the landowner learne","the neighbor's grant, the notary's interest is also superior to the friend's. As a result of this reasoning, it is correct to say that one who derives his or her interest from a bona fide purchaser for value (i.e., BFP) is protected by a recording statute even if he or she is not a BFP himself or herself. Thus, the notary's possible knowledge would not deprive him of the protection of the recording statute, and A is incorrect. B is incorrect because it fails to take into acco"
"63","17255","55020201","Formation > Consideration > Bargain and exchange","Contracts","Formation of Contracts","high","row_text_rule","bargain and exchange consideration","The seller owned a 10-acre parcel of realty. On March 6, the seller offered to sell the land to the buyer for $80,000. The buyer said that he might be interested but that he would not be in a position to make up his mind until July. The sel","The parol evidence rule prevents the use of extrinsic evidence of prior negotiations or agreements to modify the terms of an unambiguous written contract that the parties intended as a complete record of their agreement. Since the written statement that she had received $1 was not a term of agreement but merely a recital of fact, the parol evidence rule does not prevent the use of extrinsic evidence to contradict it. A is therefore incorrect. When a promisee justifiably relie"
"64","21793","52040300","Gap-Fillers, Interpretation, and the Parol Evidence Rule > Parol Evidence Rule","Contracts","Contract Content and Meaning","high","row_text_rule","parol evidence","The defendant operated a computer repair business, servicing the computers of several large organizations with the assistance of her daughter. When the defendant decided to retire, she sold the entire business to her daughter. As part of th","The parol evidence rule prohibits evidence of a prior or contemporaneous oral agreement to contradict or modify the terms of certain writings. Since the plaintiff's oral agreement to release the defendant was made after their written contract, the parol evidence rule does not apply to it. A is therefore incorrect. The original contract between the plaintiff and the defendant was for a three-year period (i.e., could not be performed within a year). For that reason, the Statute"
"65","20179","61020402","Negligence > Causation > Proximate (legal) cause","Torts","Negligence","high","row_text_rule","proximate causation","The defendant was out walking when she saw the plaintiff, a seven-year-old child, suddenly chase a ball into the street in the path of a car driven by a driver. Afraid that the plaintiff would be hit by the car, the defendant ran into the r","The plaintiff in a negligence action must establish that the defendant breached a duty of reasonable care and that the breach was a proximate cause of damage. In concept, a plaintiff has sustained damage as a result of a defendant's act if the plaintiff would have been better off without that act. If the plaintiff otherwise would have died, then the defendant's act saved the plaintiff's life at the expense of his injured knees. Since the plaintiff's life was more important (i"
"66","20020","63030100","Products Liability > Strict Products Liability","Torts","Strict Liability and Products Liability","high","row_text_rule","strict products liability","The plaintiff bought from the defendant, a car dealer, a new car manufactured by the manufacturer. The vehicle was equipped with a seat belt warning indicator, although the law did not require such a device. The indicator was designed to ca","The plaintiff's allegation that the vehicle was defective means that her claim is based on the theory of strict liability in tort. Assumption of the risk may be raised as an effective defense to such a claim. Since a plaintiff assumes the risk when he or she voluntarily encounters a danger of which he or she knows, the plaintiff may have assumed the risk by driving with the knowledge that the seat belt warning indicator light was not working. B is incorrect because a product "
"67","21428","54030600","Defenses to Formation or Enforcement > Mistake / Lack of Mutual Assent","Contracts","Defenses to Enforceability","high","row_text_rule","mistake","When the plaintiff applied for a job as a nurse at a hospital, the hospital's personnel department sent questionnaires to doctors on its staff, requesting information about the plaintiff. The defendant, a doctor on staff, knew the plaintiff","The publication of a false defamatory statement — unless privileged — ordinarily results in liability, even though the publisher heard the statement from another and so indicates when making the statement. B is therefore incorrect. The Supreme Court of the United States has held that a plaintiff who is a public person may prevail in a defamation action only by proving that the defendant had “actual malice.” C is incorrect, however, because the Court has stated that, in a defa"
"68","19040","82010301","Nature and Ownership of Land > Concurrent Estates > Joint tenancy","Real Property","Ownership","manual","manual_override","manual review: joint tenancy severance and survivorship","A will devised a parcel of real estate to a brother and his sister as joint tenants with full right of survivorship. The brother died after quitclaiming his interest in the realty to his wife. Subsequently, the sister died, leaving a will t","The right of survivorship is the best known characteristic of a joint tenancy. It means that if one of the joint tenants dies, the survivor becomes the owner of the deceased tenant's share. Thus, if the brother died while he and his sister were joint tenants, the sister would have become the sole owner of the realty. When a joint tenant conveys his or her interest, however, the joint tenancy is severed, and his or her grantee becomes a tenant in common with the remaining co-o"
"69","19243","62050401","Other Torts > Defamation, Privacy, and Reputation Torts > Defamation","Torts","Other Torts","high","row_text_rule","defamation","A riot broke out during a political rally in the town. Subsequently, a newspaper published an editorial about the rally and the ensuing disruption. The editorial stated that “Police present at the rally beat and kicked innocent bystanders a","the statement about the group is being made about the plaintiff. The issue here is what was said in the newspaper, not whether the police officers were engaged in their official duties or not. This makes B incorrect. A spoken defamation is called “slander per se” if it accuses the plaintiff of a crime of moral turpitude, of having a loathsome disease, of being an unchaste woman, or of being unfit for the plaintiff's occupation. In certain cases of slander per se, the plaintif"
"70","18679","42010107","Separation of Powers > Legislative Branch > Thirteenth, Fourteenth, and Fifteenth Amendments","Constitutional Law","Separation of Powers","manual","manual_override","manual review: Thirteenth Amendment congressional enforcement power","Which of the following constitutional provisions is most likely to give Congress the power to pass a law making it a federal crime for persons or corporations in the construction industry to practice racial discrimination in their hiring pr","The Thirteenth Amendment provides that, except as a punishment for crime, “Neither slavery nor involuntary servitude . . . shall exist within the United States,” and grants Congress the power to enforce that provision. The United States Supreme Court has held that the prohibition against slavery was directed at individuals as well as at government action. This, the Court stated, gives Congress the power to define badges of servitude and to eliminate them by enacting legislati"
"71","17122","62050401","Other Torts > Defamation, Privacy, and Reputation Torts > Defamation","Torts","Other Torts","manual","manual_override","manual review: defamation opinion/fact distinction","The defendant wrote a column about life in suburbia that appeared regularly in a newspaper of general circulation. In one of his columns, the defendant mentioned his neighbor, the plaintiff, by name, and referred to him as “a silly pig.” If","The United States Supreme Court has held that because defamation liability can be imposed only for a false statement, and because there is no such thing as a false opinion, defamation liability cannot be imposed for an assertion of opinion. The Supreme Court also ruled that a statement is an assertion of opinion if reasonable readers would recognize that it was an expression of the writer's feelings and would not believe that it was intended to assert a fact. Thus, if reasona"
"72","18687","75090400","Sixth Amendment—Other Rights of the Accused > Right to Counsel","Criminal Law and Procedure","Constitutional Protection of Accused Persons (Criminal Procedure)","manual","manual_override","manual review: Sixth Amendment right to counsel at post-indictment lineup","Following her indictment by a grand jury for bank robbery, the defendant voluntarily surrendered at police headquarters. The officers went to lunch and returned to headquarters an hour later. Upon their return, they ordered the defendant to","The United States Supreme Court has held that because manipulation of circumstances surrounding a lineup could create considerable likelihood of inaccuracy, and because it would be difficult at trial to fully develop evidence regarding such manipulation, the Sixth Amendment requires the presence of counsel at a post-indictment lineup. For this reason, the defendant's objection would probably be sustained for the reason given in A. The constitutional right to confront witnesse"
"73","18962","44040301","Individual Rights > Equal Protection Clause > Fundamental rights","Constitutional Law","Individual Rights","high","row_text_rule","fundamental rights","A state law empowers any municipality within the state to collect a property tax from its landowners if a plan to do so is proposed by its governing body and approved by a majority of its eligible voters. The township is a municipality gove","The United States Supreme Court has held that constitutional requirements of equality in the electoral process prohibit the use of property ownership as a qualification for voter eligibility in general elections. An exception to this rule has been recognized for special-purpose elections on matters that relate only to the interests of landowners. The election in question does not fit this exception, however, since municipal revenues and their source are of interest to all res"
"74","17158","62050401","Other Torts > Defamation, Privacy, and Reputation Torts > Defamation","Torts","Other Torts","high","row_text_rule","defamation","A local newspaper published an editorial claiming that the majority of firefighters at the local fire department were dangerously out of shape and had recently failed their physicals. Following publication, several firefighters sued the new","The United States Supreme Court has said that there is no such thing as a false idea. Since defamation liability cannot be imposed for publication of the truth, this statement by the Supreme Court prevents defamation liability from being imposed for the publication of an opinion. A is incorrect, however, because — even though it was contained in an editorial — the statement that the majority of firefighters were dangerously out of shape and had recently failed their physicals"
"75","18826","94020202","Personal Jurisdiction > Traditional Bases for Personal Jurisdiction > Service","Civil Procedure","Jurisdiction and Venue","high","row_text_rule","service as traditional PJ basis","A married couple lived in State A. The wife moved to State B and filed for divorce in State B state court. The husband was visiting State B on business and to see his daughters when he was served with the divorce papers. In a special appear","The United States Supreme Court has upheld a state court's personal jurisdiction over a defendant when the defendant is personally served with process while he or she is within the state's borders. See Burnham v. Superior Court, 495 U.S. 604 (1990). This is true even if the defendant is only in the state for a short time. Therefore, C and D are incorrect. A is incorrect because the fact the action was filed in state court in State B would not automatically confer personal jur"
"76","17456","61020301","Negligence > Breach > Falling below the standard of care","Torts","Negligence","manual","manual_override","manual review: negligence breach from speeding; no intentional trespass/strict liability","The defendant was speeding in her car 15 miles per hour above the speed limit when the car's steering mechanism failed, causing her to lose control of the vehicle. The vehicle spun approximately 250 degrees before skidding across the plaint","There are only three potential bases of liability in a tort action — intent, negligence, and liability without fault (i.e., strict liability). It is clear from the facts that the defendant's entry onto the plaintiff's realty was not intentional. Operating an automobile is not one of the activities for which strict liability is imposed. The only possible basis of liability is therefore negligence. Thus, the defendant can be liable only if she was negligent. Here, she was negli"
"77","17338","56050601","Performance, Breach, and Excuse > Excuse of Condition/Discharge of Duty > Impossibility","Contracts","Performance, Breach, and Discharge","manual","manual_override","manual review: impossibility/illegality and foreseeability as excuse of duty","After executing a contract with the defendant, the plaintiff advertised that he would be showing the defendant's world-famous hog at the state fair. All his advertising emphasized that the hog, the American champion, would be exhibited at t","There are various theories that might exclude performance because of a change in circumstances, but all require that the change in circumstances be unforeseeable at the time the contract was formed. If the defendant knew on May 1 that many hogs in the area had contracted the disease, it was probably foreseeable to him that the hog would contract it also. If the hog's disease was foreseeable to the defendant, it would not excuse his performance under any theory. If performance"
"78","20606","94050100","Venue > Venue","Civil Procedure","Jurisdiction and Venue","manual","manual_override","manual review: venue proper districts in diversity action","A woman from the Southern District of State A was injured in a boating accident in the Eastern District of State B. The woman sued two other boaters involved in the accident in a federal action based on diversity. The first was a doctor fro","Therefore, A, B, and C are incorrect."
"79","17077","82010103","Nature and Ownership of Land > Present Possessory Interests in Land > Life estates","Real Property","Ownership","manual","manual_override","manual review: life estate and remainder after life tenant quitclaim","A landowner conveyed a parcel of land “to my son for life, remainder to my daughter.” Two years later, without the landowner's permission, the son quitclaimed all of his interest in the land to his wife. What is the state of the land's titl","Therefore, A, B, and D are incorrect."
"80","19872","95070402","Pretrial Procedures > Discovery > Devices","Civil Procedure","Pretrial Procedures","manual","manual_override","manual review: Rule 35 physical examination as discovery device","A woman sued a company in federal district court in State A. She claimed that she had been injured by one of the company's products and could no longer work. The company's attorney did not believe the woman was as injured as she claimed and","Therefore, A, B, and D are incorrect."
"81","19569","95070403","Pretrial Procedures > Discovery > Scope of discovery","Civil Procedure","Pretrial Procedures","manual","manual_override","manual review: expert research discovery/scope","After a man died in a plane crash, the man's family sued the airline in federal district court. The family's attorney hired an expert in airplane accidents to create a model of the man's accident. Based on his research, the expert planned t","Therefore, B, C, and D are incorrect."
"82","21254","94040200","Notice and Service of Process > Service of Process","Civil Procedure","Jurisdiction and Venue","manual","manual_override","manual review: service under forum long-arm rule","A girl's mother, a citizen of State A, brought suit in federal district court in State A against a saddle maker, a citizen of State B, after the girl fell during a riding lesson. The mother bought the saddle from the saddle maker online, an","Therefore, B, C, and D are incorrect."
"83","19754","85030102","Real Property Contracts > Land-Sale Contracts > Essential terms","Real Property","Contracts for Land","manual","manual_override","manual review: land-sale contract essential terms/price definiteness","The buyer and the seller signed a written document agreeing to the sale of the seller's realty to the buyer. The document adequately described the realty, required the seller to deliver marketable title by a general warranty deed, and set t","To be enforceable, a contract must be definite and certain in all its basic terms. One way of determining whether a purported agreement is sufficiently definite and certain is to ask whether its terms make it possible for a court to fashion a remedy for its breach. Most of the time, this requires that the agreement identify the parties and show that they have agreed to the subject matter, the time for performance, and the price. The writing between the buyer and the seller le"
"84","19021","95070402","Pretrial Procedures > Discovery > Devices","Civil Procedure","Pretrial Procedures","high","row_text_rule","discovery devices","A man sued a boxer in federal district court in the Western District of State A for injuries the man sustained during a bar fight. The boxer's attorney wanted to get a copy of the police report. The police department was located in the West","To get a copy of the police report, the boxer's attorney must cause the clerk of the court to issue a subpoena duces tecum (an order requiring the recipient to appear before the court and produce documents) on the police department under Fed. R. Civ. P. 45. A is incorrect because a request to produce documents may only be served on a party to the suit. See Fed. R. Civ. P. 34. C is incorrect because it is unnecessary to take the deposition of the police officer in order to get"
"85","19802","64010201","Intentional Torts > Intentional Torts to Property > Trespass to land","Torts","Intentional Torts","high","row_text_rule","trespass to land","The defendant purchased property in a popular resort area and constructed a restaurant on it. The defendant's restaurant was equipped with a walk-up window so that people who chose to do so could purchase food and soft drinks without enteri","Trespass to land requires an intentional unauthorized entry onto the plaintiff's realty by something tangible. Since there was no tangible entry onto the plaintiff's land, A is incorrect. Intentional infliction of emotional distress requires outrageous conduct by which the defendant intentionally inflicts severe mental suffering upon the plaintiff. B is incorrect because the plaintiff does not seek damages for mental suffering but for reduction in the value of his realty. Alt"
"86","20677","94030100","Removal and Remand > Removal to Federal Court","Civil Procedure","Jurisdiction and Venue","high","row_text_rule","removal","A pipe company filed a complaint in state court in State A for breach of contract against a builder. The company did not serve the builder then, but emailed a “courtesy copy” of the complaint to one of the builder's vice presidents. The com","Under 28 U.S.C. §1446(b), a defendant must file notice of removal within 30 days after formal service of the complaint. Since the builder removed 29 days after formal service, the builder's removal was timely. See Murphy Brothers v. Michetti Pipe Stringing, Inc., 526 U.S. 344 (1999). B is incorrect because there is no special rule regarding notice by certified mail. C is incorrect because the 30-day period begins when the defendant receives official service. D is incorrect be"
"87","18591","94010300","Federal Subject-Matter Jurisdiction > Supplemental Jurisdiction","Civil Procedure","Jurisdiction and Venue","manual","manual_override","manual review: supplemental jurisdiction/common nucleus for joined claim","A stockbroker brought an action in federal district court in State A against a car salesman after the stockbroker was injured while taking a test drive in a new car he was thinking about buying. The stockbroker, a citizen of State A, sought","Under Fed. R. Civ. P. 18(a), joinder of the additional contract claim against the dealer would be proper. However, a claim joined under Fed. R. Civ. P. 18(a) cannot be brought into federal court based on supplemental jurisdiction unless the claims are part of the same case or controversy. Because the contract claim involves a different “common nucleus of operative fact” than the accident, it must independently meet the requirements for federal subject matter jurisdiction. Her"
"88","18055","95070303","Pretrial Procedures > Multiple Parties and Claims > Class actions","Civil Procedure","Pretrial Procedures","manual","manual_override","manual review: Rule 23 class action requirements","A man and a woman were residents of a local housing project in the center of the city. Because the housing project was thought of as a hotbed of crime and gang activity, the city wanted to tear down the project and relocate the project's 80","Under Fed. R. Civ. P. 23(a), the requirements for a class action are numerosity, common questions of law or fact, typicality of claim or defenses, and adequate representation. Here, there are 800 residents who are all being forcibly removed from their homes by the city, which is apparently doing so in an effort to combat crime. The best law firm in the city has taken the case, and the two named members are longtime residents and business owners. Consequently, it seems as if t"
"89","18310","95070403","Pretrial Procedures > Discovery > Scope of discovery","Civil Procedure","Pretrial Procedures","high","row_text_rule","scope/work product","After he was injured during surgery, a man sued a doctor in federal district court. The doctor's lawyer hired a private investigator, who interviewed several witnesses to the surgery, including the head nurse. The investigator filmed all of","Under Fed. R. Civ. P. 26(b)(3), a statement prepared by a party “in anticipation of litigation” is protected by work-product immunity. However, since the statement is simply the statement of the head nurse and does not appear to contain any mental conclusions or impressions by the investigator, it is probably only protected by qualified immunity. In that case, the man can get the statement if he shows he has “substantial need for the materials . . . and [he] cannot, without u"
"90","21349","94020000","Personal Jurisdiction","Civil Procedure","Jurisdiction and Venue","manual","manual_override","manual review: personal jurisdiction under Rule 4(k)(1)(B) bulge service","A waiter worked for a catering service owned by a chef. One night while the waiter was working a dinner party in State A, he dumped hot soup on a professor. The professor was a citizen of State B and the chef was a citizen of State A. The p","Under Fed. R. Civ. P. 4(k)(1)(B), “serving a summons or filing a waiver of service establishes personal jurisdiction over a defendant . . . who is a party joined under Rule 14 or 19 and is served within a judicial district of the United States and not more than 100 miles from where the summons was issued.” Here, the chef is impleading the waiter under Fed. R. Civ. P. 14(a)(1), since the waiter may be liable to the chef for all or part of the professor's claim. Consequently, s"
"91","19257","92080204","Motions > Trial and Post-Trial Motions > Motion for new trial","Civil Procedure","Motions","manual","manual_override","manual review: Rule 59 new trial for inadequate damages","A woman sued a company in federal district court in State A after she was injured by one of the company's products. After trial, the jury ruled in favor of the woman and awarded her damages. If the trial judge believed the compensatory dama","Under Fed. R. Civ. P. 59(d), a district court can order a new trial on its own for any reason that would justify granting one on a party's motion. Because inadequate damages could be the basis for a new trial, the trial judge can order a new trial. A and B are incorrect because additur, or offering a defendant a choice between a higher damage award or a new trial, had been found to be a violation of the Seventh Amendment (although this does not apply to state courts). D is in"
"92","17983","33040201","Hearsay > Hearsay Exemptions > Prior statement of witness","Evidence","Hearsay and Circumstances of Its Admissibility","manual","manual_override","manual review: prior consistent statement to rebut recent fabrication","At the defendant's trial on a charge of rape, the victim testified that on March 1, the defendant forced her to have sexual intercourse with him against her will. Testifying in his own defense, the defendant admitted that he had engaged in ","Under FRE 803(2), a statement is admissible as an excited utterance if it was made about a startling event while the declarant was under the stress of excitement caused by that event. Ordinarily, this requires the statement to have been made either during the event or immediately thereafter. Since a week passed between the alleged rape and the victim's statement to the neighbor, it probably does not qualify as an excited utterance. A is therefore incorrect. Hearsay is defined"
"93","21137","33040302","Hearsay > Hearsay Exceptions > Not requiring unavailability of declarant","Evidence","Hearsay and Circumstances of Its Admissibility","manual","manual_override","manual review: business record/absence of business record exception","The defendant was arrested and charged in a state court with the unlawful possession of a dangerous drug. As his defense, the defendant asserted that he was an undercover officer employed by the Special Division of the State Police Departme","Under FRE 803(6), a properly authenticated writing may be admitted under the business record exception to the hearsay rule if it was made in the regular course of business while fresh in the declarant's mind about facts that the declarant knew or learned from an inherently reliable source. Since the witness's testimony satisfied all these requirements, the personnel file should be admitted as a business record. (Note: Do not be confused about a controversy that exists over wh"
"94","21762","34050101","Contents of Writings, Recordings, and Photographs > Requirement of the Original > Best evidence rule","Evidence","Writings, Recordings, and Photographs","high","row_text_rule","best evidence/original writing rule","The defendant was arrested and charged in a state court with the unlawful possession of a dangerous drug. As his defense, the defendant asserted that he was an undercover officer in a special division of the state police department and that","Under FRE 803(8), the file itself may be admissible as an official written statement since it was made at or near the time of the matter recorded by a public official regarding matters in the declarant's personal knowledge in the course of the declarant's duties. (Note: The file may also be admissible as a business record.) Even if the personnel file's contents are admissible, however, the witness's testimony about its contents might not be. Under the common law and FRE 1002,"
"95","18098","81020602","Non-Possessory Rights and Interests in Land > Fixtures > Ownership","Real Property","Rights in Land","manual","manual_override","manual review: fixture ownership by accession","The tenant leased a parcel of real estate from the landlord for one year at a monthly rent of $2,000 with an option to buy it for a specified price at the termination of the lease. After moving onto the realty, the tenant erected a storage ","Under the doctrine of accession, the owner of realty becomes the owner of anything that becomes part of it as well. Thus, if the storage building has become part of the realty, the tenant may not remove it. Unless the parties agree, however, the decision as to whether the building has become part of (i.e., annexed to) the realty can be made only by a court. A is incorrect because the landlord does not have the power to decide it unilaterally. B is incorrect because if the bui"
"96","19929","56050601","Performance, Breach, and Excuse > Excuse of Condition/Discharge of Duty > Impossibility","Contracts","Performance, Breach, and Discharge","manual","manual_override","manual review: impossibility and foreseeable market-price burden","The plaintiff showed his silver coins to the defendant and asked whether the defendant would be interested in trading them for chickens. After inspecting the coins, the defendant and the plaintiff placed them in a bag that they sealed toget","Under the doctrine of impossibility of performance, a party may be excused from obligations under a contract if an unforeseeable change in circumstances has made performance vitally different than that which was contemplated by the parties at the time the contract was formed. On the other hand, if the change that occurred was foreseeable, the fact that it increases a party's burden of performance is not in itself sufficient to excuse that performance. Because contracts must r"
"97","18553","52040300","Gap-Fillers, Interpretation, and the Parol Evidence Rule > Parol Evidence Rule","Contracts","Contract Content and Meaning","manual","manual_override","manual review: parol evidence to clarify ambiguity","The state published an advertisement calling for bids “for a contract to be the exclusive supplier of fuel for state vehicles.” The plaintiff submitted a bid and, after negotiation, entered into a written contract to supply at a specified p","Under the parol evidence rule, extrinsic evidence of prior agreements or negotiations is not admissible to contradict or modify an unambiguous written contract that the parties intended as a complete expression of their agreement. The rule does not prevent the use of extrinsic evidence for other purposes, however. Virtually all jurisdictions permit its use to show that the written contract is ambiguous and to clear up the ambiguity. Since the phrase “all fuel ordered by the s"
"98","17146","54030600","Defenses to Formation or Enforcement > Mistake / Lack of Mutual Assent","Contracts","Defenses to Enforceability","high","row_text_rule","mistake","A breeder agreed to sell a farmer a cow, which both parties believed to be barren. The contract price was $200. Prior to delivery of the cow, the breeder realized the cow was pregnant and refused to deliver her because her value as a breedi","Under the Restatement approach, whether the breeder could rescind the contract would depend on whether the characteristic on which the parties were mistaken was a “basic assumption.” Here, the belief of the parties that the cow was barren, and the huge price difference between a barren and breeding cow, shows that the characteristic was a basic assumption of the contract. B is incorrect because that answer choice only mentions the price difference, and does not take into acco"
"99","17642","82010503","Nature and Ownership of Land > Problems with Interests in Land > Rule Against Perpetuities","Real Property","Ownership","manual","manual_override","manual review: Rule Against Perpetuities and defeasible interests","The landowner conveyed a lakefront parcel of realty to the buyer “unless the realty is used for non-residential purposes, in which case grantor or his successors may re-obtain possession.” Two years later, by a properly executed document th","Under the Rule Against Perpetuities, no interest is good if it can vest after a particular period of time. The creation of an interest that might vest after the period is thus void under the Rule, but the Rule has no effect on the termination of an existing interest. A is incorrect for this reason and because the Rule Against Perpetuities is not applicable to future interests of a grantor. The fee simple determinable and the fee simple subject to a condition subsequent are po"
"100","18351","82010503","Nature and Ownership of Land > Problems with Interests in Land > Rule Against Perpetuities","Real Property","Ownership","manual","manual_override","manual review: Rule Against Perpetuities validity of son's future interest","By a properly executed and recorded deed, the landowner conveyed a parcel of real estate with a building on it as follows: to the church for as long as the land is used by the church for church purposes; and when the land ceases to be so us","Under the Rule Against Perpetuities, no interest is good unless it must vest if at all within a period measured by a life or lives in being plus 21 years. Thus, a future interest that might never vest at all is valid under the Rule so long as the language that created it will prevent it from vesting after the prescribed period (i.e., if it vests, it will do so during the prescribed period). Since the church might never cease using the land for church purposes, and since, even"
"101","17019","82010404","Nature and Ownership of Land > Landlord and Tenant > Assignments and subletting","Real Property","Ownership","manual","manual_override","manual review: landlord-tenant assignment/sublease and rent liability","The landlord, the owner of a seven-story office building, leased the entire sixth floor to an attorney for a period of five years by a written lease that fixed the rent at $2,000 per month. There were only two offices on the sixth floor, id","Unless a landlord specifically agrees to release a tenant from further obligations under a lease, assignment or sublease does not relieve the original tenant from those obligations. For this reason, the landlord can collect unpaid rent from the first attorney. Since the landlord was an intended third-party creditor beneficiary of the agreement between the attorneys, the landlord can also collect from the second attorney. A, B, and D are therefore incorrect."
"102","20838","44040305","Individual Rights > Equal Protection Clause > Rational basis review classifications","Constitutional Law","Individual Rights","high","row_text_rule","rational basis equal protection","A state statute grants state employees an annual 5 percent salary increase. Another statute provides that upon retirement, a state employee shall receive an annual pension equivalent to 60 percent of the salary received during the year imme","Unless it involves a fundamental right (i.e., voting, or marriage and procreation) or discriminates on the basis of a suspect classification, state regulation of social or economic interests is valid if it has a rational basis. Since the United States Supreme Court has held that age is not a suspect classification, the state mandatory retirement law is valid if it has a rational basis. Under this test, if any state of facts can be imagined that would make the legislative choi"
"103","18683","81020103","Non-Possessory Rights and Interests in Land > Easements > Scope","Real Property","Rights in Land","manual","manual_override","manual review: easement scope/duties from grant terms","The owner of one piece of land granted an easement to his neighbor, the owner of the adjacent piece of land. The easement allowed the neighbor to use a 12-foot-wide strip of the owner's land to drive his car from his property to the public ","Unless the parties expressly agree otherwise, the owner of the servient estate is not required to repair or maintain the property used in the easement. Here, there was no express agreement regarding repair between the parties, so the owner who granted the easement has no duty to repair the bridge. B is incorrect, because, although the holder of the easement has an implied right to maintain the property used in the easement, if the servient estate holder does not enjoy any of "
"104","21083","51060101","Remedies > Damages > Expectation damages","Contracts","Remedies","manual","manual_override","manual review: seller resale/contract-resale differential as expectation damages","The plaintiff was the manufacturer of a chair that she usually sold only to furniture dealers. When the plaintiff recently stopped making the product, she found that she had only 75 of the chairs left. As a result, the plaintiff published t","Upon breach by a buyer, UCC §2-706 provides that the seller may resell the goods in a commercially reasonable manner and recover damages equivalent to the difference between the contract price and the price that the seller actually received upon the resale. Here, since the plaintiff resold the chairs at the same price that she had agreed to accept from the defendant, she has sustained no damage at all. (Note: If the plaintiff incurred extra expense in making 75 individual sal"
"105","21363","81020103","Non-Possessory Rights and Interests in Land > Easements > Scope","Real Property","Rights in Land","manual","manual_override","manual review: scope of easement created by grant","The defendant, a water supply company, owned a well adjacent to the plaintiff's land. By a conveyance that properly described the size and location of the easement, the plaintiff granted the defendant an easement across his realty “for the ","When an easement is created by grant, the language of the grant determines the scope of the easement. When that language is unclear, the courts most often determine the scope of the easement on the basis of what could reasonably have been anticipated at the time the easement was created. Although there are insufficient facts to determine whether the argument in C would result in a judgment for the plaintiff, it is the only argument listed that could possibly support his posit"
"106","19965","56050603","Performance, Breach, and Excuse > Excuse of Condition/Discharge of Duty > Frustration of purpose","Contracts","Performance, Breach, and Discharge","high","row_text_rule","frustration of purpose","The plaintiff, a manufacturer of police equipment, obtained a patent for a bulletproof vest made entirely of recycled aluminum cans. On April 1, a police department entered into a written contract with the plaintiff providing for the purcha","When unforeseen circumstances eliminate the underlying reasons for contracting, the doctrine of frustration of purpose may excuse performance by the parties. (If, for example, all the criminals in the city stopped using guns so that there was no longer any reason for the police department to need bulletproof vests, the doctrine of frustration of purpose might relieve it of its obligation to continue purchasing vests from the plaintiff.) A is incorrect because the underlying r"
"107","20917","32020402","Relevance > Character Evidence > Prohibited uses of character evidence","Evidence","Relevancy and Excluding Relevant Evidence","manual","manual_override","manual review: prohibited character/propensity evidence and relevance","The defendant was charged with assaulting the victim. At the trial, the victim testified that he accidentally bumped into the defendant while walking on a crowded street, and that the defendant responded by repeatedly hitting and punching h","A basic principle of the law of evidence is that only evidence that is relevant to a material issue may be received in evidence. Evidence is logically relevant to a material issue if it has any tendency to prove or disprove a fact of consequence. Since the defendant is charged with assaulting the victim, not the witness, his beating of the witness could not tend to prove or disprove a fact of consequence in the prosecution. (It might seem logical to argue that the witness's t"
"108","20085","56050102","Performance, Breach, and Excuse > Conditions > Conditions","Contracts","Performance, Breach, and Discharge","manual","manual_override","manual review: condition precedent to broker commission","On March 1, the seller entered into a written agreement with a licensed real estate broker. By its terms, the seller agreed to pay the broker a commission equal to 6 percent of the price if, prior to April 15, the broker procured a buyer re","A contract may make the happening of a particular event a condition precedent to the performance of a contractual duty. If so, one party's strict compliance with the condition makes the other party's conditional duty absolute. The terms of the commission agreement made the broker's delivery prior to April 15 of a buyer ready, willing, and able to pay $50,000 for the realty a condition precedent to the seller's duty to pay a commission. Since the broker complied with that cond"
"109","17971","84040204","Titles, Deeds, and Conveyancing > Conveyance by Deed > Types of deeds","Real Property","Titles","high","row_text_rule","types of deeds","When the landowner's mother died, she left him a 640-acre parcel of realty known as the Smith and Baker tract. Soon afterwards, the landowner executed a general warranty deed to his sister, conveying realty described as “the north 40 of the","A conveyance by deed usually implies a warranty of title which, if breached, may give the grantee a right of action against the grantor. A quitclaim deed does not. But although one who receives a quitclaim deed has no right of action for breach of warranty against the grantor, the quitclaim deed may effectively convey whatever interest the grantor did possess. Thus, if the landowner's deed to the sister did not effectively convey part of the Smith and Baker tract, his conveya"
"110","21737","64010203","Intentional Torts > Intentional Torts to Property > Conversion","Torts","Intentional Torts","manual","manual_override","manual review: killing dog as conversion; mistake not privilege","While out hunting for wolves, the defendants saw a large furry animal that they believed was a wolf running through the trees. The defendants opened fire, killing the creature. When they got closer, they realized they had just shot a dog th","A defendant's conduct is not privileged solely by virtue of the fact that he or she made a mistake. Consequently, while the defendants may have made a good faith mistake in mistaking the farmer's dog for a wolf, they will still be liable for the farmer's damages. A, B, and C are therefore incorrect."
"111","20934","82010504","Nature and Ownership of Land > Problems with Interests in Land > Restraints on alienation","Real Property","Ownership","manual","manual_override","manual review: direct restraints on alienation","The farmer was the owner of a small farm that had been in his family for many generations and which had become a well-known community landmark. The farmer had a son and a daughter. Because the farmer was advanced in age, he was concerned ab","A direct restraint on alienation is a covenant or condition that attempts to control the alienability of the estate granted. A disabling restraint purports to withhold the grantee's power to alienate. A promissory restraint consists of a covenant not to alienate. It does not withhold the covenantor's power to alienate but subjects the covenantor to liability for damages for breaching the covenant by alienating. A forfeitural restraint terminates the estate upon an attempt to "
"112","21837","93110300","Appeal and Review > Scope of Review","Civil Procedure","Appealability and Review","manual","manual_override","manual review: appellate scope/standard of review","A concert promoter sued a rock singer for breach of contract in federal district court after the rock singer failed to perform at a charity concert in State A. The federal district court ruled in favor of the rock singer, finding his signat","A is incorrect because a question of law is an issue that must be decided by applying legal principles (for example, whether a police officer had probable cause to arrest a suspect). C and D are incorrect because abuse of discretion is the standard applied to the discretionary decisions of a trial court, such as leaves to amend."
"113","19703","84040406","Titles, Deeds, and Conveyancing > Recording Acts > Priorities","Real Property","Titles","manual","manual_override","manual review: recording act priorities and chain of title","On February 1, the landowner conveyed a parcel of realty to his cousin as a gift. The landowner executed the deed in the presence of a notary public, and the notary affixed his seal as required by law. On March 1, after the landowner learne","A is incorrect because although the statute makes the payment of value a condition for the superiority of a subsequent grantee's interest, it does not impose such a requirement on the prior grantee. Since the “race” aspect of the statute makes priority depend on who recorded first, the fact that the barber recorded before selling to the notary would not defeat the landowner's cousin's interest since the barber recorded after the cousin did. B is therefore incorrect. Recording"
"114","19784","55020101","Formation > Mutual Assent > Offer","Contracts","Formation of Contracts","high","row_text_rule","offer","On March 1, the buyer, a well-known collector of antique automobiles, mailed to a newspaper an advertisement that read, in part: “I will pay $100 for information leading to purchase of an antique car.” On March 2, before the advertisement a","A is incorrect because an offer to the general public that is made by advertisement ordinarily is not revoked until a withdrawal is given approximately equal publicity. C and D are incorrect because the buyer only offered to pay for information leading to purchase, and the man's did not."
"115","20692","94040200","Notice and Service of Process > Service of Process","Civil Procedure","Jurisdiction and Venue","high","row_text_rule","service of process","A man was injured when he was hit by a taxi. He sued the taxi driver in federal district court in State A. Under the applicable statute of limitations, the action had to be commenced by June 16 and an action was deemed commenced when it was","A is incorrect because it states the wrong deadline for service. C is incorrect because it is not enough that the claim arose from the same occurrence. Importantly, the new party must have had some notice or knew of the likelihood of being sued."
"116","18855","44040303","Individual Rights > Equal Protection Clause > Strict scrutiny (suspect) classifications","Constitutional Law","Individual Rights","manual","manual_override","manual review: alienage as suspect classification strict scrutiny","The Department of Sanitation was established for the purpose of providing free sanitation services to the people of the state. Since its inception, the Department's activities have included garbage collection and street cleaning. The plaint","A is incorrect because not all “traditional” government activities fall into this category. Since alienage is a suspect classification, B is incorrect because a rational basis is not sufficient to justify a classification based on alienage. Statutes that interfere with fundamental interests — like those based on “suspect classifications” — are also subject to the compelling state interest standard. D is incorrect, however, because a classification based on alienage is “suspec"
"117","17428","84040403","Titles, Deeds, and Conveyancing > Recording Acts > Bona fide purchaser","Real Property","Titles","manual","manual_override","manual review: recording statute protection requires purchaser for value","A woman was the owner of a parcel of realty on which she lived with her husband. The woman was admitted to a hospital following a severe heart attack. While her husband was visiting her in the hospital, the woman said, “I know I'm dying, an","A is incorrect because recording statutes protect only those who purchase for value. Since the nurse received by will and without consideration, the husband's failure to record would not give the nurse a priority. Although a quitclaim deed does not imply any warranties or covenants, it does serve to transfer whatever interest the grantor held at the time of its execution. B and C are therefore incorrect."
"118","17847","56050102","Performance, Breach, and Excuse > Conditions > Conditions","Contracts","Performance, Breach, and Discharge","manual","manual_override","manual review: express condition and substantial performance","On January 10, the plaintiff, a builder, entered into a written contract with the defendant to construct a building on the defendant's realty. The contract required the plaintiff to build to specifications furnished by the architect and req","A is incorrect because the architect was not a party to the contract between the defendant and the plaintiff, and that contract therefore could not have imposed duties on the architect. It is sometimes said that express conditions of a contract must be fully satisfied, but that “substantial performance” satisfies constructive conditions. Since the condition requiring the plaintiff to obtain a Certificate of Satisfactory Completion by July 30 was express, substantial performan"
"119","18138","94030100","Removal and Remand > Removal to Federal Court","Civil Procedure","Jurisdiction and Venue","manual","manual_override","manual review: removal based on diversity/corporate citizenship","A man sued a moving company for $100,000 in state court in State A after the man was injured by one of the moving company's trucks. His claim was based on State A motor vehicle law. The man was a citizen of State A. The moving company was i","A is incorrect because the claim can still be removed even if it is based on State A motor vehicle law. B is incorrect because although the moving company did 70 percent of its business in State A, it is not a citizen of State A. D is incorrect because the company's belief regarding fairness would not create federal subject matter jurisdiction."
"120","18373","44040304","Individual Rights > Equal Protection Clause > Intermediate scrutiny (quasi-suspect) classifications","Constitutional Law","Individual Rights","manual","manual_override","manual review: gender classification/intermediate scrutiny","The plaintiff challenges the constitutionality of a state law that provides that no contraceptive device that requires insertion into a cavity of the human body may be sold without a prescription. If the only argument used by the plaintiff ","A is incorrect because the fact that a system of classification does or does not discriminate against a suspect class determines the standard to be applied, but it does not itself determine whether the statute is constitutional. B is incorrect because a rational basis is not sufficient to make constitutional a statute that discriminates on the basis of gender. C is incorrect because police powers, like all other powers of the state, may not be exercised in a way that is incon"
"121","21088","91090300","Trial > Jury Selection","Civil Procedure","Jury Trials","high","row_text_rule","jury selection","A woman was called as a juror in a claim brought in federal district court. The action involved a man's claim that he was unlawfully targeted and beaten by several local police officers because of his race. During voir dire, the woman state","A is incorrect because the question specifically asks about her statements. There is no indication any of the attorneys want the juror dismissed based on her race. B is incorrect because although she said she had no strong feelings or private knowledge, she did indicate she had an actual bias regarding the issue presented by the case. D is incorrect because an implied bias refers to the situation where a juror states he or she is not biased, but an average person in that juro"
"122","21496","43020201","Judicial Review > Jurisdiction of Courts > Constitutional limitations and justiciability","Constitutional Law","Judicial Review","manual","manual_override","manual review: standing/justiciability to challenge Commerce Clause tax","Because of severe economic recession, the state has enacted a statute imposing a tax on corporations that have gross sales within the state in excess of $1 million during a calendar year. The statute applies to all such corporations, whethe","A is incorrect because there is no fact indicating that the people of the neighboring state face any injury under the statute, and additionally because a state government does not have standing as a representative of its residents. Since the corporation in C does not have annual gross sales in excess of $1 million within the state, the statute imposes no tax on it. Thus, the corporation's stockholders lack standing because they face no actual or immediately threatened injury "
"123","17676","31010402","Presentation of Evidence > Witnesses > Form and scope of examination","Evidence","Presentation of Evidence","high","row_text_rule","form and scope of examination","At the trial of an action brought by the plaintiff against the defendant for damages resulting from breach of contract, the plaintiff's attorney called the witness as a witness on the plaintiff's direct case. After the witness was sworn, th","A is incorrect for two reasons: First, the witness was called by the plaintiff, and therefore she is not the defendant's witness, and second, under FRE 607, a party may impeach its own witness. A leading question is one that contains a suggestion that would cause the ordinary person to believe that the questioner desires one answer instead of another. B is incorrect because the question asked by the defendant's attorney contains no such suggestion and because leading question"
"124","17113","51060304","Remedies > Equitable Remedies > Specific performance","Contracts","Remedies","manual","manual_override","manual review: specific performance unavailable for personal services","A sculptor and a famous architect entered into a contract to design a new studio for the sculptor. The sculptor told the architect that she was hiring her because she believed in her unique vision. The written contract also provided that “n","A is therefore incorrect. An agreement not to assign usually destroys the right but not the power to make an effective assignment. This means that an assignment made in the face of such an agreement is usually valid, although the assignor might be liable for damages resulting from the assignment and from his or her own failure to perform. For this reason, damages are usually the only remedy available for breach of a promise not to assign. B is therefore incorrect. C is a miss"
"125","21029","55020203","Formation > Consideration > Requirement and output contracts","Contracts","Formation of Contracts","high","row_text_rule","requirements/output contract","In December 2009, the seller, a manufacturer of packaging materials, entered into a written agreement with the buyer, a wholesaler of melons. The agreement provided that the buyer would purchase from the seller all the boxes required by the","A is therefore incorrect. B is incorrect for two reasons: First, UCC §2-306 specifically recognizes the validity of “requirements” contracts and specifies the manner in which their terms should be construed, and second, damages for failing to order the specified minimum requirement could be fixed with certainty. A party who seeks damages for breach of contract is required to prove those damages; they are not presumed. C is incorrect for this reason, and because — strictly spe"
"126","21102","44040501","Individual Rights > First Amendment Protections > Freedom of religion","Constitutional Law","Individual Rights","high","row_text_rule","religion clauses","The defendant had been convicted of fraud on three separate occasions and served three different prison sentences as a result. Soon after his most recent release, the defendant proclaimed himself to be a minister and began conducting prayer","A is therefore incorrect. Ordinarily, a state may prohibit specified activities whenever such prohibition serves a rational basis. Under the Free Exercise Clause of the First Amendment, however, a state may not interfere with acts performed in the exercise of religious beliefs unless the interference bears a rational relationship to a compelling state interest. This means that there are some acts that the state may validly declare to be criminal and prohibit because the prohi"
"127","20728","56050604","Performance, Breach, and Excuse > Excuse of Condition/Discharge of Duty > Waiver","Contracts","Performance, Breach, and Discharge","high","row_text_rule","waiver","The landlord leased an apartment to a new tenant. The lease provided that the tenant could not assign or sublease without the landlord's consent. Soon thereafter, the tenant assigned the lease to his friend. The landlord accepted the friend","A landlord's failure to take prompt action when he or she learns of an attempted assignment or sublease constitutes a waiver of the right to block it. Here, the landlord will probably not be permitted to terminate the lease since he likely waived his right to do so by accepting rent and failing to take prompt action when he discovered the assignment. Consequently, A is incorrect. B is incorrect because, by accepting rent and waiting to protest, the landlord did not appear to "
"128","21405","62050200","Other Torts > Misrepresentation","Torts","Other Torts","manual","manual_override","manual review: misrepresentation reliance/intent","The company was a major corporation with shares of stock traded on several stock exchanges. When rumors began to circulate that the company was experiencing financial difficulties, the price of the company stock fell drastically. The report","A misrepresentation is a false assertion of material fact intended to induce the plaintiff's reliance. A defendant intends to induce the plaintiff's reliance if he or she knows with substantial certainty that a class of persons to which the plaintiff belongs will rely on his or her statement. If the reporter did not know that any person would rely on her statement, she could not have intended to induce any person's reliance. Her statement would therefore not be a misrepresent"
"129","20448","92080202","Motions > Trial and Post-Trial Motions > Renewed Motion for Judgment as a Matter of Law","Civil Procedure","Motions","manual","manual_override","manual review: renewed JMOL requires earlier JMOL motion","A company brought a claim for violations of federal securities laws against a bank in federal district court. The case was tried before a jury. The company's case consisted of one witness: the company president, who presented a few emails t","A motion for judgment as a matter of law is made before the case is submitted to a jury and asks the court for judgment in the moving party's favor based on the argument that no reasonable person could come to a different conclusion. A renewed motion for judgment as a matter of law comes after entry of judgment and can only be made if the moving party made a motion for judgment as a matter of law during the trial. Because the bank did not make a motion for judgment as a matte"
"130","17599","61020402","Negligence > Causation > Proximate (legal) cause","Torts","Negligence","high","row_text_rule","proximate causation","A man was snowmobiling with his friend as a passenger. The man negligently cut across a road and an oncoming car struck the snowmobile. The friend was severely injured. The driver of the car called an ambulance, and the ambulance picked up ","A negligent defendant is liable for additional damage caused by foreseeable rescue efforts. This is true even if these rescue efforts are negligent in themselves. When faced with a severally injured person, it is foreseeable that an ambulance driver would drive faster than the speed limit and negligently crash into a pole. Consequently, the man is also liable for his friend's death in the ambulance accident. A is incorrect because a foreseeable rescue does not break the chain"
"131","19635","43020201","Judicial Review > Jurisdiction of Courts > Constitutional limitations and justiciability","Constitutional Law","Judicial Review","manual","manual_override","manual review: justiciability/abstention in constitutional challenge","A seven-year-old girl was admitted to a hospital unconscious. Doctors who examined her asked the girl's parents to consent to a blood transfusion for the girl, stating that the girl would probably die otherwise. The girl's parents refused, ","A non-justiciable political controversy is a case in which a federal court is asked to interfere with the operation of a co-equal branch of the federal government. A is incorrect because the challenge raised by the girl's parents is to a state law, not to an action of the federal government. The Eleventh Amendment prohibits federal courts from hearing certain claims against state governments. C is incorrect, however, because the Eleventh Amendment does not prevent the federal"
"132","19216","56050403","Performance, Breach, and Excuse > Breach > Anticipatory repudiation","Contracts","Performance, Breach, and Discharge","manual","manual_override","manual review: anticipatory repudiation","The defendant showed his silver coins to the plaintiff and asked whether the plaintiff would be interested in trading them for chickens. After inspecting the coins, the defendant and the plaintiff placed them in a bag that they sealed toget","A party's unequivocal statement that he or she will not perform is an anticipatory repudiation and entitles the other party to all rights resulting from a breach. The plaintiff's statement that she would not accept the coins in payment for the chickens was such a statement. Its result was to free the defendant from any further obligation under the contract and to give the defendant a right to an immediate action against the plaintiff for breach of contract. A prospective inab"
"133","20522","71040300","Inchoate Offenses > Attempt","Criminal Law and Procedure","Inchoate Crimes","high","row_text_rule","attempt","The defendant was a college student preparing to take an important exam. Before the exam, she sneaked into the professor's office, hoping to steal a copy of the exam answer. The exam answer was locked securely in the dean's safe, however, a","A person is guilty of an attempt when, with the intent to bring about a result that is criminally prohibited, he or she commits some act that brings him or her substantially close to accomplishing that result. If the result that the defendant intended is criminally prohibited, and if the defendant came substantially close to accomplishing it, she is guilty of attempting it. If an exam answer is “information” as defined by the statute, its theft would be a crime whether the de"
"134","18923","61020203","Negligence > Standard of Due Care > Negligent infliction of emotional distress","Torts","Negligence","manual","manual_override","manual review: negligent infliction of emotional distress/bystander recovery","The plaintiff, a dentist, owned an apparatus for putting patients to sleep while she operated on their teeth. The apparatus consisted of two canisters, one filled with oxygen and the other filled with anesthetic gas. By manipulating valves ","A plaintiff who experiences mental suffering as a result of witnessing the infliction of a physical injury on another may recover from a person who negligently inflicted that physical injury. Although the majority of jurisdictions permit such recovery only when the plaintiff is in the same zone of physical danger as the person who sustained physical injury, an important minority permit the plaintiff to recover if his or her mental suffering was a foreseeable result of the phy"
"135","21694","41030403","The Federal-State Relationship > Tenth Amendment and the Scope of State Authority > State taxation","Constitutional Law","Relations Between Federal and State Governments","manual","manual_override","manual review: state taxation and intergovernmental/Dormant Commerce limits","A river is located entirely within the state. Acting under authority granted by Congress, the Federal Transportation Commission awarded a contract to the company for the construction of a bridge over the river so road users could enter a ne","A state attempt to regulate interstate commerce may violate the Commerce Clause of the United States Constitution. A is incorrect, however, because a sales tax imposed on the purchase of materials used to build a bridge does not regulate interstate commerce, even though interstate vehicles may eventually use the bridge. While the state lacks power to tax the federal government, B is incorrect because so long as it does not discriminate against them, the state is free to tax p"
"136","17788","44040303","Individual Rights > Equal Protection Clause > Strict scrutiny (suspect) classifications","Constitutional Law","Individual Rights","high","row_text_rule","strict scrutiny equal protection","A plaintiff belongs to an ethnic minority that constitutes 10 percent of the general population of the city. Approximately 10 percent of the motorists driving on a particular road are members of the plaintiff's ethnic minority. One day, whi","A statute that establishes a system of classification that discriminates against members of a particular ethnic group may violate the Equal Protection Clause of the Fourteenth Amendment to the United States Constitution. Even if a statute does not establish such a system of classification, however, it may be enforced in a way that makes it unconstitutional as applied. In determining whether the application of a statute violates the Equal Protection Clause, the United States S"
"137","21575","44040501","Individual Rights > First Amendment Protections > Freedom of religion","Constitutional Law","Individual Rights","high","row_text_rule","religion clauses","A state law provides that no person may hold elective state office while acting as a practicing member of the clergy of any religious organization. The plaintiff, a practicing member of the clergy, asked the state commissioner of elections ","Although a state may not set qualifications for state office that violate rights protected by the United States Constitution, there is no constitutional requirement that qualifications for state office be consistent with qualifications for federal office. A is therefore incorrect. B is incorrect because the statute in question does not attempt to set qualifications for practicing members of the clergy. C is incorrect for two reasons: First, although the creation of political "
"138","21541","62060101","Other Considerations > Vicarious Liability for Acts of Others > Independent contractor and nondelegable duties","Torts","Other Torts","high","row_text_rule","independent contractor","The defendant was the owner and operator of a hotel. Because electrical wiring in the hotel was beginning to deteriorate, the defendant hired a licensed electrician to repair it. The electrician was hired as an independent contractor. If th","Although one who employs an independent contractor is not vicariously liable for torts committed by the contractor, the employer may be liable for his or her own negligence in failing to use adequate care in selecting the contractor. A is therefore incorrect. If reasonable inspection by the defendant would have failed to disclose the electrician's error, then the defendant's failure to discover the electrician's error would not be negligence. This alone would not be enough to"
"139","18824","62050401","Other Torts > Defamation, Privacy, and Reputation Torts > Defamation","Torts","Other Torts","manual","manual_override","manual review: defamation/libel public figure damage rules","A newspaper published an article stating that the plaintiff had once been convicted of armed robbery. In fact, the plaintiff had never been convicted of any crime. If the plaintiff asserts a defamation claim against the newspaper, which one","Although some states recognize a privilege to publish false statements that are contained in public records, there is no privilege to misstate the contents of a public record. A is therefore incorrect. A defendant who defamed a public figure may be liable if he or she had “actual malice” as defined above. Thus, the fact that the plaintiff was a public figure would not be sufficient in itself to protect the newspaper against liability for defaming him. C is therefore incorrect"
"140","18199","41030402","The Federal-State Relationship > Tenth Amendment and the Scope of State Authority > Dormant Commerce Clause","Constitutional Law","Relations Between Federal and State Governments","manual","manual_override","manual review: Dormant Commerce Clause discrimination/burden","After a nuclear power plant was built in the state, the state passed the Nuclear Waste Act. The Act regulates the storage of radioactive wastes and authorizes the construction of radioactive waste storage facilities at specified locations w","Although the Commerce Clause gives Congress the power to regulate interstate commerce, some regulation by the states is permitted so long as the effect is not to discriminate against or impose an undue burden on interstate commerce. Even state regulations that do discriminate against interstate commerce or impose a burden on it may be constitutional if they are aimed at a legitimate health or safety objective that cannot be achieved by less drastic means. It is possible that "
"141","20896","55020204","Formation > Consideration > Preexisting duty","Contracts","Formation of Contracts","manual","manual_override","manual review: preexisting duty in promise to pay extra for same service","On March 1, a farmer entered into a written contract with the worker. By its terms, the worker agreed to plow the farmer's fields by April 1, using the worker's own tractor. In return, the farmer promised to pay $2,000 upon completion of th","Although the Statute of Frauds makes an oral contract for the purchase of goods with a price of $500 or more unenforceable over objection, A is incorrect because the agreement between the farmer and the worker was not for the sale of goods. Duress is some compulsion or restraint that deprives a contracting party of the ability to exercise free will and usually involves some physical force or threat. A few cases have recognized the possibility of economic duress, but this defe"
"142","17650","94010100","Federal Subject-Matter Jurisdiction > Diversity Jurisdiction","Civil Procedure","Jurisdiction and Venue","high","row_text_rule","diversity jurisdiction","A businessman, a citizen of State A, sued a real estate company in federal district court in State A for breach of contract. The real estate company was incorporated in State B and was run by a group of executives based in State A. However,","An action must be dismissed if the federal court does not have subject matter jurisdiction over the action. For a federal court to have subject matter jurisdiction over an action, the plaintiff and defendant must be citizens of different states or the action must arise under federal law. Here, the businessman is a citizen of State A. A corporation is a citizen of where it is incorporated and where its principal place of business is located. A corporation's principal place of "
"143","21854","33040101","Hearsay > In General > Hearsay rule","Evidence","Hearsay and Circumstances of Its Admissibility","high","row_text_rule","hearsay rule","After the plaintiff instituted litigation against the defendant, the defendant's attorney demanded that the plaintiff furnish the answers to a list of interrogatories as provided by the state code of civil procedure. Interrogatory #4 was “L","An admission is a declaration by a party offered against that party. Under the common law, admissions are admissible as exceptions to the hearsay rule; under FRE 801(d)(2), admissions are not hearsay. Matters to which a party has stipulated on the record are known as “judicial admissions” and are conclusive in the proceeding in which they were made. Since the plaintiff specified that the information contained in the industry publication was to be used as its response to the d"
"144","21453","44040602","Individual Rights > Other Protections > Ex post facto laws","Constitutional Law","Individual Rights","high","row_text_rule","ex post facto","Congress passes a law providing that no one who has been a member of an organization that uses unlawful means to deprive any group of persons of their rights under the United States Constitution is eligible for employment by the federal gov","An ex post facto law is one that imposes a criminal penalty on the basis of something that occurred before the law was passed. Since the law in question does not impose a criminal penalty, it is not an ex post facto law. A is therefore incorrect. Whether government employment is a privilege or a right, ineligibility for it is a disability. Since the disability cannot be constitutionally imposed for mere membership in an organization, C is incorrect. D may be incorrect for sev"
"145","19768","55020202","Formation > Consideration > Illusory promises","Contracts","Formation of Contracts","high","row_text_rule","illusory promise","A brick supplier wrote to a builder, stating “We will sell you bricks at $1 per brick for as many bricks as you would like to purchase, up to 100,000 per quarter.” The brick supplier signed the letter. The builder did not refrain from enter","An illusory promise is a statement that appears to make a promise but does not commit the promisor to do anything. Illusory promises are insufficient consideration to support a contract. Here, the builder has not bound himself to do anything since he's only agreed to buy bricks for $1 if he decides to buy bricks. Because the builder's promise did not actually bind him in any way, it did not provide consideration for the brick supplier's promise. Consequently, the brick suppli"
"146","20342","55020202","Formation > Consideration > Illusory promises","Contracts","Formation of Contracts","high","row_text_rule","illusory promise","The defendant's husband owed money to the plaintiff. This was evidenced by a promissory note. When the note became due, the defendant signed the back of it and promised to pay the note if her husband did not. In return, the plaintiff promis","An illusory promise is a statement which appears to promise something, but in fact does not commit the promisor to anything. Importantly, such a promise will not give sufficient consideration to support a contract. Here, there was no consideration for the endorsement because the plaintiff could have sued immediately if he decided he wanted his money. Thus, he really didn't promise to do anything at all. The fact that the plaintiff in fact did not collect on the note for two y"
"147","20681","61020302","Negligence > Breach > Negligence per se","Torts","Negligence","high","row_text_rule","negligence per se","The Department of Highway Transportation is the agency of state government responsible for maintaining state highways. While driving on a state highway, the defendant attempted to pass the plaintiff's vehicle on the right. As she did so, on","An intervening cause is an event without which the accident would not have occurred and which took place after the defendant's negligence. The defendant's encounter with the pothole was, thus, an intervening cause of the collision. A superseding cause is an unforeseeable intervening cause. In this context, the word unforeseeable may be used to mean either something that the reasonable person would not have anticipated, or something which, in retrospect, appears to have been e"
"148","19660","44040603","Individual Rights > Other Protections > Contracts Clause","Constitutional Law","Individual Rights","high","row_text_rule","Contracts Clause","After determining that the health insurance plan could be operated less expensively if it did not include persons over the age of 65, the state legislature passed a compulsory retirement law requiring state employees to retire at the age of","Article I, Section 10 of the United States Constitution prohibits the states from passing laws impairing the obligation of contracts. This prevents a state from unjustifiably repudiating its own contractual obligations or interfering with the contract rights of individuals. If the plaintiff was a state employee prior to the time the mandatory retirement law was passed, the state owed him certain obligations under the employment contract. Under the laws that then existed, thes"
"149","21860","43020201","Judicial Review > Jurisdiction of Courts > Constitutional limitations and justiciability","Constitutional Law","Judicial Review","manual","manual_override","manual review: Article III constitutional limits on federal jurisdiction","The plaintiff and the defendant, both residents of the state, entered into an installment contract for the sale of goods. When a dispute arose between them under the contract, the plaintiff asserted a claim for $52,000 against the defendant","Article III of the United States Constitution vests federal judicial power in the United States Supreme Court and in such inferior federal courts as Congress shall establish. In addition, by specifying what cases they may hear, Article III establishes limits on the jurisdiction that may be exercised by the federal courts. Although it gives federal courts the power (i.e., jurisdiction) to hear controversies between citizens of different states, or between citizens of the same "
"150","18990","42010103","Separation of Powers > Legislative Branch > Commerce power","Constitutional Law","Separation of Powers","high","row_text_rule","Commerce Clause","Congress authorizes a federal agency to lease federally owned land to livestock ranchers for grazing purposes at specified rental rates. The plaintiff also owns land in the area that it leases for grazing purposes. The plaintiff complains t","Article IV, Section 2, paragraph 2 of the United States Constitution contains what is known as the Property Clause: “Congress shall have power to dispose of and make all needful rules and regulations respecting . . . property belonging to the United States.” The United States Supreme Court has held that the Property Clause leaves the lease or other disposition of federal property within the discretion of Congress. Although the Commerce Clause gives Congress the power to regul"
"151","18061","83050603","Mortgages and Security Devices > Foreclosure > Parties and priorities","Real Property","Mortgages","high","row_text_rule","foreclosure parties/priorities","In 2008, the landowner conveyed a parcel of realty to her oldest son in fee simple absolute as a gift. At the landowner's request, the oldest son did not record the conveyance. In 2010, the landowner borrowed $10,000 from a neighbor, execut","At common law, priorities were determined by the dates of the transactions involved. The person who received his or her interest first had priority over all others. In all jurisdictions in the United States, recording statutes have modified the common law rule. Under the statute given (typical of the “notice” variety) an unrecorded interest does not defeat the rights of a subsequent taker for value and without notice. Since the youngest son received the property as a gift (i."
"152","18307","94010100","Federal Subject-Matter Jurisdiction > Diversity Jurisdiction","Civil Procedure","Jurisdiction and Venue","high","row_text_rule","diversity jurisdiction","In determining what law to apply in a case brought in federal court based on diversity, which of the following statements is incorrect?","B is incorrect because a federal court sitting in diversity must apply the substantive law of the state in which it is sitting. See Erie Railroad v. Tompkins, 304 U.S. 64 (1938). C is incorrect because federal courts follow federal procedural law. D is incorrect because statutes of limitations are substantive law when determining whether to apply federal or state law. See Guaranty Trust Co. v. York, 326 U.S. 99 (1945). Consequently, a federal court should follow the statute o"
"153","20582","97100300","Judgments and Verdicts > Issue and Claim Preclusion","Civil Procedure","Verdicts and Judgments","manual","manual_override","manual review: collateral estoppel/issue preclusion","A doctor sued a truck driver in state court in State A for injuries he received in an automobile accident. Under State A law, any negligence on a plaintiff's part barred the plaintiff from recovery. The court found in favor of the doctor an","B is incorrect because a subsequent action may not necessarily be barred even if it arose from the same transaction or occurrence. C is incorrect because, although the action did not have to be brought as a compulsory counterclaim, the truck driver could still be collaterally estopped from forcing the doctor to re-litigate the negligence issue. D is incorrect because the fact the truck driver is bringing his action in the same state court would not allow the truck driver to r"
"154","21371","82010301","Nature and Ownership of Land > Concurrent Estates > Joint tenancy","Real Property","Ownership","manual","manual_override","manual review: joint tenancy/tenancy in common ownership after simultaneous deaths","When the landowner died, she left a one-half interest in a parcel of realty to her niece and the niece's husband, as joint tenants with full right of survivorship, and a one-half interest in the realty to the 13-year-old unmarried daughter ","B is incorrect because the daughter's tenancy in common with the niece and the husband gave her no right to their interest. C is incorrect because the landowner's will did not make the shares of the co-owners equal but specified that the daughter held a one-half interest, and that the other one-half interest was held by the niece and the husband. D is incorrect because the landowner's will gave the daughter a one-half interest."
"155","19327","32020803","Relevance > Expert Testimony > Basis of expert testimony","Evidence","Relevancy and Excluding Relevant Evidence","manual","manual_override","manual review: expert testimony basis on otherwise inadmissible statement","A man was injured when a boiler in his building exploded. The man sued the owner of the building. The man hired an accident investigator who talked to one of the building's maintenance workers. The maintenance worker told the investigator t","B is incorrect because the fact the expert did not interview the maintenance worker herself does not change the analysis. C is incorrect because the expert's use of the statement in her testimony does not change the inadmissible statement to an admissible one."
"156","20887","75070202","Fourth Amendment > Searches and Seizures > Exceptions to warrant requirement","Criminal Law and Procedure","Constitutional Protection of Accused Persons (Criminal Procedure)","high","row_text_rule","search warrant exceptions","A man's brother went away for a week on business. The man agreed to stay in his brother's apartment to watch his dogs. While he was staying in the apartment, he smoked marijuana several times. The neighbors called the police to complain abo","B is incorrect because the plain view exception only applies when the police see evidence from a place they are lawfully able to be. Here, the police only saw the marijuana once they unlawfully entered the apartment. C is incorrect because even if the neighbors smelled the marijuana, this was not an exigent circumstance or other exception that would relieve the police from having to obtain a search warrant."
"157","21790","94010200","Federal Subject-Matter Jurisdiction > Federal-Question Jurisdiction","Civil Procedure","Jurisdiction and Venue","high","row_text_rule","federal-question jurisdiction","After she was fired from her job, a saleswoman brought an action against her former employer in federal district court in State A. The saleswoman sought $50,000 in damages. The saleswoman was a citizen of State A, while her former employer ","B is incorrect because there is no amount in the controversy requirement for federal question jurisdiction. C is incorrect because the saleswoman would not be able to bring a claim against the company if it did not arise from the same case or controversy."
"158","19053","33040301","Hearsay > Hearsay Exceptions > Requiring unavailability of declarant","Evidence","Hearsay and Circumstances of Its Admissibility","manual","manual_override","manual review: dying declaration/unavailable declarant exception","The plaintiff asserted a tort claim against the defendant for battery but died of cancer before the trial. At the trial, the witness was called as a witness by the attorney for the plaintiff's estate. The witness testified that she was a po","B is incorrect because while the Federal Rules of Evidence (FRE) require the declarant to be unavailable, it does not require that he have died from the incident described in his statement, or even that he is dead. Although some controversy exists at common law about whether a dying declaration is admissible in anything but a criminal homicide prosecution, the FRE specifically permit its use in a civil action. C is therefore incorrect. The common law provides that an excited "
"159","19310","52040200","Gap-Fillers, Interpretation, and the Parol Evidence Rule > Interpretation","Contracts","Contract Content and Meaning","manual","manual_override","manual review: trade usage to interpret contract terms","A lumber supplier entered into a contract with a new home builder. The contract stated that the builder would purchase all the wood required by the builder for new homes he was building in 2013, but that in no event would the amount be less","B is therefore incorrect. Ordinarily, parties to a contract are understood to accept the economic risks resulting from subsequent events that were within their contemplation at the time the contract was formed. This means that if the parties did contemplate a decline in new home starts, a strong argument could be made that the builder should be bound by the 20,000-board-feet minimum set forth in the contract. The fact that they did not contemplate such a decline in new homes,"
"160","17898","64010500","Intentional Torts > Privileges","Torts","Intentional Torts","manual","manual_override","manual review: consent privilege/defense to battery in sports","A group of friends were playing a pickup soccer game. The plaintiff was dribbling the ball down the field when the defendant kicked the ball away, tripping the plaintiff and injuring him. If the plaintiff sues the defendant for battery, the","Battery is the intentional infliction of a harmful or offensive bodily contact. However, consent is a complete defense to battery, and a plaintiff's consent can be implied by the plaintiff's actions. Here, by taking part in the soccer game, the plaintiff impliedly consented to having the ball kicked away from him (a common occurrence in the game). While the defense of consent can be lost if the defendant goes beyond the consented-to level of contact, the defendant's actions h"
"161","19986","94010200","Federal Subject-Matter Jurisdiction > Federal-Question Jurisdiction","Civil Procedure","Jurisdiction and Venue","manual","manual_override","manual review: federal question subject-matter jurisdiction","A woman, a citizen of State A, sued a company for violations of the federal National Labor Relations Act in federal district court in State A. The company was incorporated in State B and had most of its factories in State A (including the f","Because the woman is bringing a federal claim, any issues regarding the citizenship of the parties are irrelevant. Therefore, A, B, and D are incorrect."
"162","20352","84040203","Titles, Deeds, and Conveyancing > Conveyance by Deed > Delivery and acceptance","Real Property","Titles","manual","manual_override","manual review: deed delivery/acceptance; later destruction does not revoke","A landowner decided to make a gift to his son of a parcel of land he owned. He properly prepared a deed for the transfer of the land according to state law and handed it to his son, saying “I want you to own this land.” Nine months later, t","C is incorrect because whether or not the son made a photocopy wouldn't change the analysis."
"163","17909","75070202","Fourth Amendment > Searches and Seizures > Exceptions to warrant requirement","Criminal Law and Procedure","Constitutional Protection of Accused Persons (Criminal Procedure)","high","row_text_rule","search warrant exceptions","A woman was the owner of a house in which she lived with her 23-year-old son, the defendant. After receiving a tip that the defendant was involved in the unlawful sale of drugs, two police officers went to the woman's home for the purpose o","Consent by a third party to search the property of a defendant makes a warrantless search lawful, but only if the person who consented had rights in the property that were equal to those of the defendant. Since the defendant was the only person who had a key to the footlocker, the woman did not have rights to its contents that were equal to the defendant's. Thus, her consent did not eliminate the need for a warrant to search it. A is therefore incorrect. Even the consent of a"
"164","19761","82010200","Nature and Ownership of Land > Future Interests","Real Property","Ownership","manual","manual_override","manual review: future interest in devise; sparse explanation","The landowner was the owner of a parcel of realty on which there were several buildings and a gold mine. The landowner lived in one of the buildings and personally worked the gold mine, earning a comfortable living by selling the gold that ","Consequently, A, B, and D are incorrect."
"165","17161","64010102","Intentional Torts > Intentional Torts to the Person > Battery","Torts","Intentional Torts","high","row_text_rule","battery","A defendant knew that he often became intoxicated upon drinking small quantities of alcoholic beverages. He frequently visited the neighborhood tavern because he liked the atmosphere, but he usually ordered orange juice or some other non-al","Criminal battery consists of the intentional, reckless, or criminally negligent application of force to the body of another person. One who knows that he or she often becomes intoxicated upon drinking small quantities of alcoholic beverages may be guilty of recklessness or criminal negligence by drinking half a glass of beer in the company of other people. Since this is all the mens rea required for a battery conviction, the fact that it was the alcohol that made the defendan"