excel_row,qid,outline_code,confidence,note,question_excerpt,explanation_excerpt
2,21128,55020201,medium,Bargain and exchange,"The plaintiff was a manufacturer of sewing supplies, including thread, needles, thimbles, and patterns. The defendant was an engineer employed by the plaintiff in its product desig","Even if a claim is invalid, a promise to abandon it may be consideration for another's promise of payment if the claim could have been asserted in good faith. If the plaintiff did not believe that it was entitled to the patent rights, it could not have asserted its claim in good faith, and its promise to abandon the cl"
3,18448,55020201,medium,Bargain and exchange,"Because its property was filling up with a lot of unwanted recycled plastic it didn't want to pay to have removed, a landfill gave a construction firm free recycled plastic for use","Even if a defendant can show that a plaintiff never overtly bargained for the defendant's promise to do something, as long as a court concludes that the defendant's promise induced the plaintiff's promise or performance, the fact that the defendant didn't expressly bargain in return for that promise doesn't matter. Her"
4,18276,55020205,reviewed,adequacy/sufficiency of consideration in equitable enforcement,"The defendant, an 84-year-old woman, suffered from Parkinson's disease. She asked the plaintiff, a woman who rented space in her home, to quit her job so she could care for the def","Even in equitable claims, courts judge the adequacy of consideration as of the time the contract was made, not as of the time the contract was allegedly breached. Thus, if it appeared fair at the time of contracting, a court will find it enforceable. Here, at the time of contracting, the plaintiff gave up her job and p"
5,20446,55020500,high,Implied-in-law contracts,"A licensed physician was driving home from the hospital where she worked when she saw a pedestrian fall unconscious to the pavement. The doctor stopped her car, examined the pedest","Even though no contract exists, a party can recover from another on a quasi-contract (i.e., a contract implied-in-law) theory when he or she rendered a service to the other with the reasonable expectation of compensation. Thus, if the doctor had a reasonable expectation of payment at the time she rendered medical servi"
6,21402,54030400,high,Statute of Frauds,"The shareholder was a major shareholder of the corporation, a retail company. In January, the corporation had cash-flow problems that placed it in danger of insolvency. On January ","Ever since 1677, the Statute of Frauds has required a promise to answer for the debt of another to be in writing. Since the shareholder's promise was to pay the debt of the corporation, it would be unenforceable over the shareholder's objection if it was not in writing. Although a promise made under duress (i.e., induc"
7,17481,51060101,reviewed,buyer market-contract damages,"In January, a farmer planted a field of beans that would be ready for harvest in June. Because she expected the harvest to yield more than 5,000 bushels of beans, she entered into ","Generally, a buyer's damages for a seller's non-delivery consist of the difference between the contract price and the market price on the day of delivery. Since the market price and the contract price are identical, the restaurant has sustained no real damage as a result of the farmer's non-delivery of 1,000 bushels. ("
8,18078,51060101,reviewed,UCC breach-of-warranty damages,"A home design store contracted with a manufacturer to buy 1,000 drinking cups made of glass. In response, the manufacturer sent 1,000 drinking glasses made of plastic. The store re","If a buyer accepts defective goods, that buyer generally can sue for breach of warranty. Here, by taking the cups and reselling them, the home design store accepted the goods. Under §2-714(2), the usual damages for breach of warranty are the “difference at the time and place of acceptance between the value of the goods"
9,19119,53070100,reviewed,intended donee beneficiary,"When a landowner's daughter and a painting contractor's son announced that they were getting married, the landowner and the contractor decided to give them a house as a wedding pre","If a contract is made with the intention of benefiting a third party to whom neither of the contracting parties owes any obligation, that third party is referred to as an intended donee beneficiary of the contract. Since the landowner's intention was to give a wedding gift to his daughter and the contractor's son, the "
10,17046,53070200,high,Assignment of Rights,"When he moved into a new condo, the owner entered into a written contract with a gardener. Pursuant to its terms, the gardener was to perform certain specified gardening services i","If a promise not to assign a contract is enforceable, it is like any other promise, in that damages may be available as a remedy for its breach. An assignment made in violation of such a promise is usually regarded as valid, however. This means that even though the gardener may be entitled to recover from the owner for"
11,21434,56050601,high,Impossibility,"On March 12, the plaintiff hired the defendant to construct a three-car garage on the plaintiff's realty. After negotiation, they entered into a valid written contract that fixed t","If an event that was not foreseeable to the parties at the time a contract was formed makes performance of the contract impossible, such performance is excused. In the absence of facts that specifically suggest the contrary, destruction of the subject matter of a contract is usually held to have been unforeseeable by t"
12,20345,51060201,reviewed,quasi-contract/restitution remedy,"By a valid written contract formed on May 7, the builder agreed to construct a warehouse for the landowner. Pursuant to the terms of the contract, the building was to be completed ","If the circumstances that resulted in destruction of the structure excused performance by the builder, his refusal to continue was not a breach. Since, however, he did not perform as promised, his only remedy would be in quasi-contract. If the circumstances did not excuse performance by the builder, his refusal to cont"
13,19716,55020102,reviewed,promise treated as acceptance,The plaintiff was the owner of a fleet of taxis that he leased to independent drivers in return for 60 percent of the fares that they collected. All the leases were scheduled to ex,"If the defendant's statement implied a promise to paint the cars, it was an acceptance of the plaintiff's offer, thus forming a contract of which the defendant's subsequent refusal to paint the cars would be a breach. (Note: Although the defendant's statement probably was not a promise, the question requires this to be"
14,20007,54030600,high,Mistake / Lack of Mutual Assent,An art dealer employed several agents who traveled throughout the world purchasing art for her to sell in her gallery. One of her agents sent her a painting that she said was by a ,"If, at the time a contract is formed, the parties to it are operating under a mutual mistake, the resulting lack of mutual agreement excuses non-performance by either party. Thus, if both the buyer and the dealer mistakenly believed that the painting was painted by the famous artist, the buyer's non-performance would n"
15,18511,51060107,high,Duty to mitigate,The plaintiff was employed by the defendant as department manager pursuant to a written contract. The contract was for a five-year term and fixed the plaintiff's compensation at $2,"In an action for breach of an employment contract, a non-breaching employee is entitled to receive the full contract price for the balance of the term plus consequential damages, less damages avoided by mitigation. Since the plaintiff mitigated damages by taking a job with another company at the same salary, he is enti"
16,21701,53070200,reviewed,assignment of right to receive benefit,A local school held a charity auction where companies and other members of the community donated items for the school to auction off. A local guitar maker agreed to donate a new el,"In an assignment, the assignor transfers to an assignee the assignor's right to receive a benefit from a third person. Here, the company promised to give the school a guitar, and the school transferred its right to receive it to the plaintiff when the plaintiff submitted the highest bid. Importantly, the company made a"
17,21259,56050300,reviewed,FOB/risk-of-loss performance rule,"By a written agreement, a university agreed to buy 100 air conditioners from a company at a price of $250 each, FOB the company's factory. On June 1, the company loaded the air con","In an FOB contract, the risk of loss passes to the buyer as soon as the goods are loaded on a carrier at the place specified. This means that once the air conditioners were loaded onto the trucking company's truck, any loss not resulting from the fault of the seller became the university's. The university is thus not e"
18,17625,54030400,high,Statute of Frauds,"After serving in the military for several years, a soldier informed her father that she had gotten married and was retiring from military service. Glad to hear the news, the soldie","In attempting to enforce the father's promise, the soldier faces two problems. First, the Statute of Frauds requires a writing for a promise to convey an interest in real estate, and the father's promise was oral. Second, a promise is not ordinarily enforceable if made without consideration, and the soldier gave nothin"
19,20513,53070300,high,Delegation of Duties,The homeowner hired a famous landscaper to fix up his lawn. The landscaper's design owner's house and planted with aquatic plants. Although the landscaper completed the rest of the,"In general, contract obligations are freely delegable unless the obligee has a special interest in having the obligations performed personally by the obligor. It is usually held that construction contracts are delegable, since any reputable builder can construct whatever was contracted for if provided with the proper p"
20,21290,55020400,reviewed,implied-in-fact promise to pay for requested services,"The defendant, who broke his leg falling from a ladder, was treated by a doctor. At the time treatment began, the defendant explained that he was short of cash, but that his treatm","In the absence of an agreement to the contrary, one who seeks the services of another, knowing that the other expects to be paid for those services, impliedly promises to pay for the services by availing himself or herself of them. Although the doctor agreed to wait for payment and to bill the defendant's insurance com"
21,19738,51060107,high,Duty to mitigate,"The plaintiff was the owner of an air-conditioning repair company. His employees did all the repair jobs, but the plaintiff himself did the estimating and made price quotes to cust","Losses that are normal but not inevitable results of a breach of contract (e.g., the plaintiff's claim of lost business resulting from non-delivery of the station wagon) are called “consequential damages,” and they may be recovered if they were foreseeable to the parties at the time the contract was made, and if they c"
22,17732,55020101,high,Offer,"When the plaintiff was admitted to law school, her mother was so proud of the plaintiff that she said, “If you successfully complete your first year, I'll buy all your books for th",Most jurisdictions agree that an offer for a unilateral contract cannot terminate once the offeree begins performance. The plaintiff's extra efforts to earn “A”s while her mother was alive would thus have prevented her mother's death from terminating the offer. Earning the “A”s constituted acceptance of the offer and e
23,18785,56050603,high,Frustration of purpose,"When the plaintiff's uncle died, he left her a 10-story office building that had a motion picture theater on its ground floor. The offices in the building were all occupied when th","None of the reasons given to justify a victory for the defendant is a good one. The doctrine of frustration of purpose may excuse performance of a contract when an unforeseen event destroys its underlying purpose, but only if both parties knew what that purpose was. A is incorrect because the plaintiff did not know the"
24,19461,56050608,reviewed,novation/substitution of party,"The landlord was the owner of a storefront building that she leased to the tenant for a three-year period. The tenant paid the rent for two years, and then he assigned the balance ","Novation is the substitution by mutual consent of a third person for a party to a contract. By assigning to the woman, the tenant agreed to substitute the woman for him. It may be argued that by accepting rent from the woman with the knowledge that the tenant had assigned to the woman, the landlord was also consenting "
25,20814,53070100,reviewed,intended beneficiary rights and vesting,"The defendant and his wife were co-owners of a parcel of realty. After 25 years of marriage, they decided to execute wills. Before executing the wills, they agreed in writing that ","One who will derive a benefit from a contract to which he or she is not a party is a third-party beneficiary of that contract. If the contracting parties meant for their contract to benefit the third party, he or she is an intended third-party beneficiary. At some point, an intended third-party beneficiary may acquire "
26,19373,55020205,reviewed,past consideration/moral-obligation exception,The defendant and her assistant were working alone late one night when the defendant had a heart attack that rendered her unconscious and caused her to fall down an airshaft. The a,"Ordinarily a promise is not enforceable unless there was consideration (i.e., something given in exchange for and to induce the promise) for it. Since the assistant's service had already been rendered without expectation of payment, it was not given in exchange for the promise and is not consideration for it. Some case"
27,17190,53070200,high,Assignment of Rights,"The plaintiff was a retailer of home-gardening supplies. On March 1, the plaintiff entered into a written contract with a wholesaler of seeds. According to the terms, the wholesale","Ordinarily, a party to a contract may assign its rights or delegate its duties to another. UCC §2-210 provides, however, that delegation does not relieve the delegator of contract duties or of liability for breach. Since the wholesaler delegated its duties to the new owner, and since the new owner breached those duties"
28,17850,55020300,high,Promissory Estoppel,"The defendant, who resided in the city, was the owner of a chain of dry cleaning stores. Because his stores had been financially successful, he began selling franchises. By the ter","Ordinarily, a promise is not enforceable unless it is supported by consideration. Consideration is something that is bargained for and given in exchange for the promise. Although consideration frequently is found in some benefit conferred upon a promisor in exchange for a promise, it is generally understood that a detr"
29,17899,55020204,high,Preexisting duty,"The defendant was a veterinarian who specialized in the treatment of livestock, including pigs, horses, cows, and sheep. The plaintiff was a farmer who raised various species of li","Ordinarily, a promise is unenforceable unless supported by consideration. Since consideration involves a bargained-for exchange, a preexisting obligation cannot serve as consideration for a new promise, since it was not given in exchange for that promise. Except for the $250 per month that the plaintiff was already obl"
30,21437,56050102,reviewed,personal satisfaction condition,"A boxer, the son of a poor family, grew up on his family's small farm just outside of town. Despite the handicaps of poverty and lack of education, the boxer eventually became the ","Ordinarily, a promise to perform services implies a promise to perform them in a satisfactory manner, judged by an objective standard. A specific agreement that personal satisfaction is required, however, is usually understood to call for subjective satisfaction so long as the party whose satisfaction is required acts "
31,21032,55020102,reviewed,accommodation shipment and acceptance,"A drug manufacturer made vaccines and sold them to various distributors. Just before the drug manufacturer was about to raise the price of its vaccines, one of the distributors lea","Ordinarily, an order to buy goods for current shipment will be deemed accepted if the seller ships conforming or non-conforming goods. However, “such a shipment of non-conforming goods does not constitute an acceptance if the seller seasonably notifies the buyer that the shipment is offered only as an accommodation to "
32,20808,55020300,high,Promissory Estoppel,"A woman, who had a son and daughter, agreed to deed to her daughter her farm so long as the daughter agreed to allow her brother to live on it for as long as he wished. The daughte","Ordinarily, no promise is enforceable unless it is supported by consideration. Consideration consists of some legal detriment sustained by the promisee in return for the promisor's promise. Since at the time the sister promised her brother that she would let him live on the farm, she was already obligated to do so, her"
33,19172,55020101,reviewed,option/firm offer,"The defendant was an investor who frequently bought and sold real estate on his own account. He had purchased a parcel of realty for $100,000 and was considering selling it. On Sep","Ordinarily, no promise is enforceable without consideration. Consideration consists of some legal detriment suffered by the promisee in return for the promise. Since the plaintiff suffered no legal detriment in return for the defendant's promise to keep the offer open, the defendant's promise is unenforceable. UCC §2-2"
34,19300,51060201,reviewed,return of price paid after nonconforming tender,"By a written contract, the owner of a bar agreed to purchase 200 pounds of large pickled eggs from a farmer at a specified price. A term of the contract provided that “payment shal","Ordinarily, non-delivery by the seller entitles the buyer to damages consisting of the difference between the contract price and either the “cover price” or the reasonable market value of the undelivered goods. Here, because the eggs delivered did not conform to the agreement, the bar owner was entitled to return them."
35,19428,51060101,reviewed,cost-to-complete expectation damages,"A manufacturer needed a new factory and purchased a parcel of realty on which he wished to have it constructed. After negotiation, the manufacturer entered into a valid written con","Ordinarily, the damages remedy is designed to put the parties in the position in which they would have been had the contract not been breached. If the builder had not breached the contract, the manufacturer would have a building that conformed to his specifications at a price of $250,000. To make the manufacturer whole"
36,19548,51060201,reviewed,restitution after excused construction performance,"On May 1, the defendant hired the plaintiff to reshingle the roof of his house at an agreed price of $5,000, to be paid within 10 days after completion, and with all work to be com","Ordinarily, when unforeseeable circumstances make performance impossible, that performance is excused. When this occurs after performance has begun, the party who has performed is not entitled to contract remedies, since there has been no breach by the other party. In construction contracts, if the contractor is hired "
37,18169,51060105,high,Liquidated damages,"The defendant signed a five-year contract with the plaintiff. According to the contract, the plaintiff would bag apples produced in the defendant's orchard. There was a fixed price","Parties to a contract may make an explicit agreement as to what each party's remedy for a breach of contract will be. However, such “liquidated damages clauses” are invalid if they act as a penalty. The purpose of damages is to put the plaintiff in the same position he or she would have been in had the contract been fu"
38,19189,56050102,high,Conditions,"A woman's hobby was restoring and collecting antique automobiles. After acquiring an antique automobile, she contacted a body shop about having the car repainted. The body shop sai","Performance of one of a series of mutual promises is a condition precedent to others in the series if the circumstances indicate that it should obviously precede the others. Since the writing called for payment of $300 in advance, it is obvious that the parties intended that it should be paid before the work commenced."
39,20206,55020300,high,Promissory Estoppel,The plaintiff worked for a corporation for 40 years. The corporation told the plaintiff that the plaintiff would be given the right to retire at any time with a lifetime pension. T,"Promissory estoppel is used by the courts to enforce promises when the promise induces the promisee to rely on it to his or her detriment. Here, the plaintiff relied on the promise to her detriment because she retired when she could have gone on working based on her belief that she would receive a pension. Consequently"
40,17948,54030100,high,Lack of Capacity,"The seller and the buyer had been friends for years. The seller was the owner of a rare antique sports car, which the buyer had offered to buy from her on several occasions but whi","Since a contract is a meeting of minds, a person who does not know the legal consequences of his or her act is incapable of contracting. Where the incapacity results from intoxication, some jurisdictions require proof that the other party was aware of the intoxication and the resulting incapacity. Although it is not cl"
41,17056,51060201,high,Legal Restitution,"On January 17, a homeowner hired a builder to build a new greenhouse on his property. After negotiation, they entered into a valid written contract that fixed the price at $8,000. ","Since quasi-contract remedies are essentially designed to prevent unjust enrichment, they are usually unavailable against a non-breaching defendant who has received no benefits from the plaintiff's work. A, B, and C are therefore incorrect. In addition, A is incorrect because its formula bears no reasonable relationshi"
42,17037,51060304,high,Specific performance,"On August 1, the homeowner entered into a written contract with a buyer for the purchase and sale of the homeowner's home at a price of $398,000, with title to close on December 1.","Since the buyer contracted to purchase the homeowner's home, his failure to do so is a breach that entitles the homeowner to any damages that result. A is therefore correct. A buyer can frequently obtain specific performance of a contract to sell realty because the uniqueness of a given parcel of realty makes money dam"
43,19539,51060101,reviewed,lost-volume/no-loss seller damages,"A furniture dealer had 500 chairs for sale. The chairs had a fair market value of $100 each. The manufacturer had discontinued production of the chairs, however, and they were the ","Since the dealer sold the chairs to another buyer at the same price that the decorator had contracted to pay, the dealer sustained no damage. Where there is no limit to the availability of the items sold, some cases allow a seller to recover lost profits when a buyer cancels, reasoning that even though the seller resol"
44,21000,53070200,high,Assignment of Rights,"In exchange for use of his neighbor's ski house, the homeowner hired a lawn service to maintain his lawn and his neighbor's lawn for the next two years, agreeing to pay the lawn se","Since the doctor did not, by word or deed, express or imply a willingness to pay for the maintenance of the neighbor's lawn, he is under no obligation to do so. (Note: It is generally understood that an assignment of contract rights includes a delegation of contract obligations. Since the homeowner assigned to the doct"
45,17078,55020101,reviewed,option/firm offer,"The buyer and the seller were members of the graduating class of a college. The buyer, who was planning to go to law school, told the seller that he might need some law books. The ","Since the promise to keep the offer open is unsupported by consideration, it is a gratuitous one, and therefore unenforceable. Although UCC §2-205 makes certain “firm offers” between merchants enforceable without consideration, at common law, an option (i.e., promise to hold an offer open) is not enforceable without co"
46,19535,55020101,high,Offer,"The seller's grandfather left her a collection of the first 30 Super Jimmy comics, the only Super Jimmy comics in existence. The seller sold some comics and pop art in her art gall","Since the seller's offer was for the sale of any or all of the comics, the dealer could accept by promising to purchase any or all of them. Since her telegram specifically agreed to the purchase of only one comic, the seller may successfully argue that she rejected the seller's offer to sell the others. A is incorrect "
47,18809,55020101,high,Offer,"An importer of arts and crafts products from Russia sold his products mainly to department stores and import shops. To keep his sales force down, the importer did most of his selli","Since the shop owner's order constituted an offer, and the shipment by the importer constituted an acceptance of that offer, the terms of the offer became the terms of the contract on July 30. The shop owner is thus entitled to the discount for which she contracted. If there is a discrepancy between printed words in a "
48,18735,51060304,high,Specific performance,"When the buyer's employer prepared to transfer him to its plant located in Twin Oaks, the buyer contracted with the seller for the purchase of the seller's home located in Twin Oak","Specific performance is a remedy that may coexist with the remedy of damages. Thus, its availability does not depend on the availability of damages — liquidated or otherwise. B and C are therefore incorrect. D is incorrect, since specific performance is available as a remedy for the seller's breach of a contract for th"
49,18619,51060304,high,Specific performance,"The seller and the buyer had been friends for years. The seller was the owner of a rare guitar, which the buyer had offered to buy from her on several occasions but which the selle","Specific performance of a sales contract will be granted where money damages that would accurately compensate cannot be measured because the subject of the sale is rare or unique. Since the guitar was a rare one, specific performance might be available. Although it is not certain that a court would decide to grant such"
50,18925,53070200,high,Assignment of Rights,"The homeowner hired the defendant to maintain his lawn, agreeing to pay him $50 per month for certain specified services. Two months later, the homeowner sold his house to the plai","The assignee of contract rights is entitled to enforce them to the same extent the assignor would have been. The defendant's breach of his contract with the homeowner gives the plaintiff, as the homeowner's assignee, a cause of action against the defendant. A and B are therefore incorrect. Contract rights are ordinaril"
51,21386,56050102,reviewed,broker commission condition precedent,"On June 1, a licensed real estate broker entered into a written contract with a homeowner. According to the contract, the broker was given the exclusive right to sell the homeowner","The brokerage contract made transfer of title a condition precedent to the homeowner's obligation to pay the broker. Since title was not transferred, the condition had not been met, and the homeowner's obligation to pay the commission never came into being. A is not a good defense because the homeowner voluntarily acce"
52,18008,55020101,high,Offer,"The buyer, who was planning to go to law school, told the seller that he might need some law books. The seller had recently inherited a law library, so he compiled a list of the bo","The buyer's offer was for a unilateral contract. According to its terms, it could be accepted only by performance consisting of delivery of the books to the buyer's home. An offer for a unilateral contract can be withdrawn at any time prior to the offeree's performance or commencement of performance. A is incorrect bec"
53,21214,51060201,high,Legal Restitution,"The plaintiff was fishing on her boat when she heard a call for help. Looking around, she saw a man drowning and flailing his arms over his head. The plaintiff jumped into the wate",The man made no express promise to pay for the fishing gear. There was no implied promise because there is no fact indicating that the plaintiff acted with the expectation of compensation or reimbursement for her losses. The executor is therefore not bound to pay for her loss. Quantum meruit is available to prevent unj
54,20861,55020101,high,Offer,"In response to an advertisement that he saw in the newspaper, the homeowner telephoned the contractor and asked him to come to the homeowner's home to estimate the cost of providin",The note that the contractor sent on September 5 demanding $325 was a rejection of the homeowner's offer to pay $300. An offeree who has killed an offer by rejecting it does not have the power to resurrect it by a subsequent acceptance. The contractor's note of September 12 was thus no more than a new offer. Since an o
55,21513,52040300,high,Parol Evidence Rule,"On June 11, the homeowner asked a local handyman whether the handyman would be interested in painting the homeowner's house. Following their conversation, they entered into the fol","The parol evidence rule prohibits the admission of extrinsic evidence of a prior or contemporaneous agreement to contradict, vary, or modify the terms of an unambiguous written contract that the parties intended to be a final and complete expression of their agreement. Almost all jurisdictions, however, permit extrinsi"
56,21270,52040300,high,Parol Evidence Rule,"A foreign country is an English-speaking republic on the continent of Europe. Its unit of currency is the “dollar,” which is worth about 85 U.S. cents. While on a business trip in ","The parol evidence rule prohibits the introduction of extrinsic evidence of prior or contemporaneous agreements offered to contradict, vary, or modify an unambiguous writing that the parties intended to be a full and final expression of their agreement (i.e., a “complete integration”). Since the “dollar” is the unit of"
57,21030,52040300,reviewed,parol evidence complete integration,"On May 15, after negotiation, a painter and a homeowner entered into a written agreement for the painting of the homeowner's home. The writing stated that the price was to be $300 ","The parol evidence rule prohibits the introduction of extrinsic evidence of prior or contemporaneous agreements to contradict, vary, or modify an unambiguous writing that the parties intended to be a full and final expression of their agreement. It is generally understood that in the absence of fraud or mistake, a clau"
58,20499,54031000,high,Public Policy,"Immediately after his graduation from college in June, the plaintiff announced his plan to begin law school the following September and to marry his girlfriend in December. The pla","The plaintiff's father's offer was for a unilateral contract — his promise to pay in return for the plaintiff's postponing the wedding. When the plaintiff postponed the wedding, he accepted his father's offer, and a contract was formed. Some cases have held that an agreement never to marry violates public policy, but t"
59,20657,56050400,medium,Breach,"In preparation for an annual convention that was to be held on January 9, the buyer ordered 500 ballpoint pens from the seller at a total price of $285, paying for them in advance.","The seller's obligation under a contract of sale is to deliver goods that conform in every way to the terms of the contract. Since the contract called for delivery of 500 pens, delivery of anything less is a breach. Since the seller failed to perform as promised, the buyer is entitled to the return of all money already"
60,19380,51060101,high,Expectation damages,"After a fire destroyed a storeowner's store, the storeowner entered into a contract with a builder to rebuild the store for $200,000. The contract called for work to be completed b","The standard measure for damages for a builder's breach of a construction contract is the difference between the contract price and the owner's actual cost of completing the building as agreed. Here, the original agreement was $200,000 for construction to be completed by December 1. The second builder agreed to complet"
61,19112,51060107,high,Duty to mitigate,"An entrepreneur entered into a contract with a seller to buy a new office building for his new company. Prior to the date set for closing, the entrepreneur contacted the seller and",The standard measure for damages for breach of a sales contract is the difference between the contract price and the fair market value on the date performance was required. It is generally understood that a non-breaching party has a duty to mitigate damages after a breach. This means that he or she cannot sit by and wa
62,17068,51060101,high,Expectation damages,An automobile dealer sold an expensive line of imported automobiles. The company that manufactured the vehicles in Germany sold them to the dealer at the wholesale price for resale,"The standard measure of damages for a buyer's breach of a sales contract is the difference between the price that the buyer agreed to pay and the reasonable market value or price received by the seller upon resale in a commercially reasonable manner. Under the standard measure for damages, the dealer would not be entit"
63,20680,56050606,reviewed,oral mutual rescission/subsequent agreement,"A developer entered into a written agreement with a farmer to buy the farmer's farm for $500,000. The closing was scheduled for September 5. On September 1, the farmer called the d","The Statute of Frauds applies to land sales, so any land sale agreement has to be in writing. However, under Rest. 2d. §148, so long as a contract does not involve a sale of goods, it can be rescinded orally even if the original agreement was in writing. Consequently, even though the original contract had to be in writ"
64,17450,54030400,high,Statute of Frauds,"A builder contracted to add a room to a homeowner's house for $3,000, with the understanding that the materials used by the builder were to be included in that price. The day befor","The Statute of Frauds requires a contract for the sale of goods with a price of $500 or more to be in writing, but it does not apply to a contract for services, even if goods are to be provided by the person performing the services."
65,20257,54030400,high,Statute of Frauds,Assume that the defendant in each of the following fact patterns objects to enforcement of the agreement on the ground that it violates the Statute of Frauds. In which of the follo,"The Statute of Frauds requires a contract for the sale of goods with a price of $500 or more to be in writing. It might be argued that the agreement in A was divisible — really 15 separate agreements, each for a single $100 purchase — and therefore not within the Statute of Frauds. (Note: Since the agreement was for th"
66,18880,54030400,high,Statute of Frauds,"A woman and her sister lived together in the woman's house in the town of Wildwood. On March 1, the woman called her daughter on the telephone and said that she was beginning to ha","The Statute of Frauds requires that a contract to create an interest in land be in writing. Most states agree that this requirement applies to a promise to create a leasehold interest, so it would apply to both promises made by the daughter. The Statute of Frauds also requires a writing if the contract is one that by i"
67,19953,56050300,reviewed,FOB delivery and risk-of-loss performance,The plaintiff was a manufacturer of wood-finishing products with a plant in the city. The defendant was a manufacturer of wooden furniture with a factory located in the town. Pursu,"The term FOB requires the seller to deliver the goods on board the carrier at the place specified, and the risk of loss does not pass to the buyer until the seller has done so. Since this contract was “FOB the defendant's factory,” the plaintiff's obligation was to deliver it there, and the risk of loss did not pass un"
68,18849,56050300,reviewed,UCC inspection/payment performance rule,The buyer agreed to purchase 250 2” × 4” construction-grade wooden studs from the seller by a written contract that provided that the buyer would make payment prior to inspection. ,"The UCC provides that where there is no agreement to the contrary, a buyer is entitled to inspect goods prior to making payment or accepting them. It provides further, however, that the parties may agree that payment is required before inspection. If so, failure to make payment upon delivery of the goods is a breach. A"
69,19567,54030400,high,Statute of Frauds,"On August 1, a wholesaler of office supplies contracted by telephone to sell 50 cases of typewriter ribbons to a business equipment retailer at a total price of $450. On August 15,","The UCC treats a modification of a contract as a new contract. For this reason, if the contract as modified falls within the provisions of the Statute of Frauds, the modification must be in writing. UCC §2-209(3). Since the modification resulted in an agreement to sell goods with a price of $500 or more, the Statute of"
70,18070,55010101,medium,Uniform Commercial Code (UCC),"In a transaction involving the sale of a bicycle, which of the following persons is NOT a merchant under the UCC?","UCC §2-104 defines a merchant as a person who deals in goods of the kind involved in the transaction, one who by his or her occupation holds himself or herself out as having knowledge peculiar to the goods involved in the transaction, one to whom such knowledge may be attributed by his or her employment, or a person wh"
71,21293,52040300,high,Parol Evidence Rule,"The buyer operated a grocery store in which he sold fresh fish and other food items. The seller was a wholesaler of fresh fish. By a written contract, the buyer and the seller agre","UCC §2-202 provides that a writing intended by the parties to be a final expression of their agreement cannot be modified by evidence of a prior or contemporaneous agreement. It further provides, however, that its terms may be explained by usage of trade. UCC §1-205 defines the term “usage of trade” as a practice or me"
72,19570,56050200,reviewed,UCC modification without consideration,"On June 2, a truck manufacturer and an engine maker entered into an agreement for the sale of a new engine for $1,000. In a telephone conversation with the engine maker on June 5, ","UCC §2-209 provides that the modification of a sales contract is valid, even without consideration. The engine maker's agreement to accept $200 as payment in full is, therefore, enforceable as a modification of the original contract. B is incorrect because a modification need not be in writing unless, as modified, the "
73,19765,54030400,high,Statute of Frauds,"The defendant, a manufacturer of widgets, entered into a valid written contract that called for the sale of 2,000 widgets to the plaintiff at a price of $10 per widget. Several wee","UCC §2-209(3) provides that an agreement to modify a contract must be in writing if the contract as modified is within the provisions of the Statute of Frauds. Since the contract as modified calls for the sale of 1,000 widgets at $10 per widget for a total price of $10,000, and since the Statute of Frauds requires a co"
74,19506,55020203,high,Requirement and output contracts,An airline agreed to buy all of its jet fuel requirements from a jet-fuel supplier. The supplier committed to supply those requirements at a price pegged to the industry-wide poste,"UCC §2-306 states that “a term which measures the quantity by the output of the seller or the requirements of the buyer means such actual output or requirements as may occur in good faith, except that no quantity unreasonably disproportionate to any stated estimate or in the absence of a stated estimate to any normal o"
75,18856,56050300,reviewed,preinspection payment and UCC performance,"By a written contract, the plaintiff, the operator of a natural foods store, agreed to purchase 200 pounds of large nuts from the defendant at a specified price. A term of the cont","UCC §2-512(2) specifically provides that where a contract calls for payment prior to inspection, such payment does not constitute acceptance and does not impair the buyer's right to inspect. The requirement of payment prior to inspection is not an uncommon one, and therefore not unconscionable, making A incorrect. B an"
76,21866,56050402,reviewed,perfect tender acceptance/rejection options,"The seller is a manufacturer of wall-coverings that he ordinarily sells to retailers in boxes containing 10 packages per box. By a valid written contract, the buyer agreed to purch","UCC §2-601 provides that if goods delivered fail in any respect to conform to the contract of sale, the buyer may reject the whole, accept the whole, or accept any commercial units (i.e., quantities that may be sold commercially without substantially impairing their value) and reject the rest. UCC §2-607 provides that "
77,20688,56050300,reviewed,acceptance of goods after inspection,The buyer agreed to purchase 300 commercial-grade metal screws from the seller by a written contract that provided that the buyer would make payment prior to inspection. The screws,"UCC §2-606 provides that unless the buyer does some act inconsistent with the seller's ownership, acceptance of goods occurs only after the buyer has had a reasonable opportunity to inspect the goods and either notifies the seller of his or her intention to keep them or fails to reject them. Thus, payment did not const"
78,21068,53070300,high,Delegation of Duties,"The defendant was a retailer of home-gardening supplies. On March 1, the defendant entered into a written contract with a wholesaler of seeds. According to the terms, the wholesale","UCC §2-609 provides that when one party to a contract has reasonable grounds for insecurity about the other's performance, it may demand assurances and suspend its own performance until they are received. The section also provides that failure to furnish such assurances is a repudiation of the contract. Since UCC §2-21"
79,21362,55020201,medium,Bargain and exchange,"In August 2012, a bar owner threatened to sue the student for $10,000, claiming that the student owed him that sum for unpaid bar bills. The student asked his mother to lend him mo","Under modern law, forbearance to assert a claim against another party is consideration for the other party's promise to pay money if the party who forbears reasonably believes his or her claim to be valid. Thus, if the bar owner reasonably believed his claim for unpaid bar bills to be valid (whether or not the student "
80,19376,56050200,high,Modifications,"A trash collector contracted with the city to collect garbage. Although the contract entitled the collector to $150,000 for five years, the collector requested an additional $10,00","Under Rest. 2d §89(a), a modification is binding if it is “fair and equitable in view of circumstances not anticipated by the parties when the contract was made.” Here, the modification was fair and equitable, voluntarily entered into, and motivated by events that were not anticipated at the time the original contract "
81,18723,56050102,reviewed,broker commission condition prevention,"On June 1, the plaintiff, a licensed real estate broker, entered into a written contract with the defendant. According to the contract, the plaintiff was given the exclusive right ","Under the brokerage contract, transfer of title was a condition precedent to the defendant's obligation to pay a commission. There is always an implied agreement, however, that a party will not willfully prevent the performance of a condition to his or her obligation. If transfer of title was prevented by the defendant"
82,18427,56050603,reviewed,frustration of purpose,A famous musician was scheduled to play a concert that would be broadcast on national television. A music-streaming service that had an exclusive agreement with the musician contra,"Under the doctrine of frustration of purpose, a party may be discharged from a contract if the party's purpose is completely or almost completely frustrated by events that destroy the party's purpose in entering the contract. The television station could broadcast the advertisement, but since the music-streaming servic"
83,17521,55020102,reviewed,mailbox acceptance,"A publisher mailed an offer to publish a writer's first book for $25,000. The writer immediately mailed back her acceptance. The acceptance was properly addressed with the correct ","Under the mailbox rule, an acceptance is effective when sent. However, if the offeror never receives the acceptance, the acceptance has to be properly dispatched in order to create a contract. Here, since the facts state that the writer put the correct address and proper postage on the acceptance, the mailbox rule appl"
84,20782,55020204,reviewed,preexisting duty rule,"A group of workmen signed contracts at a fixed rate to work on a ship during the salmon-canning season, as the ship went from San Francisco to Alaska and back. When the ship arrive","Under the pre-existing duty rule, if someone does or promises to do something that he or she is already legally obligated to do, or if he or she forbears or promises to forbear from doing something he or she is not legally obligated to do, he or she has not incurred a sufficient detriment to count as consideration. Mos"
85,17954,55020101,high,Offer,"On August 1, a cell phone manufacturer posted a notice in the employee lounge offering $200 to any employee who could design a “killer app” by November 1, in time for the Christmas","Under the Restatement of Contracts, Second, an offer for a unilateral contract cannot effectively be withdrawn once the offeree has begun performance. Since the designer began working on the design prior to the manufacturer's attempt to withdraw its offer, the manufacturer's offer will be held to be irrevocable. A bila"
86,21847,54030400,high,Statute of Frauds,"On March 22, by a written memorandum signed by both parties, the seller agreed to sell and the buyer agreed to buy a described parcel of realty. The buyer and seller were both in t","Under the Statute of Frauds, a contract for the sale of any interest in real estate must be in writing, and the writing must contain all the essential terms. The price is an essential term in a contract for the sale of realty, since the court will be unable to fashion a remedy without it. Although UCC §2-305(1) makes s"
87,20316,54030400,high,Statute of Frauds,"When the plaintiff was accepted to law school, her mother was so proud of the plaintiff that she said, “If you successfully complete your first year, I'll buy all your books for th","Under the Statute of Frauds, a promise that by its terms cannot be performed within a year must be in writing. Since the mother's promise to buy books for a two-year period could not be performed within a year, it violated the Statute of Frauds. Even if the offer made by the mother was divisible, the plaintiff's succes"
88,20916,54030400,reviewed,UCC Statute of Frauds memorandum,"On May 15, a music store telephoned a guitar factory and ordered 50 guitars at a price of $200 per guitar. On May 16, the music store sent a signed letter marked “Confirmation” tha","Under UCC §2-201(1), a contract can be enforced against a party if that party has sent the other party a memorandum. To be enforceable, the memorandum has to be a “writing sufficient to indicate that a contract for sale has been made between the parties and signed by the party against whom enforcement is sought . . . A"
89,19629,54030400,high,Statute of Frauds,"A sporting goods store called a distributor and ordered 200 football jerseys at $50 a piece. Three days later, the distributor sent the store a signed letter marked “Confirmation.”","Under UCC §2-201(2), “between merchants if within a reasonable time a writing in confirmation of the contract and sufficient against the sender is received and the party receiving it has reason to know its contents, it satisfies the requirements [of the Statute of Frauds] against such party unless written notice of obj"
90,19812,56050200,reviewed,UCC modification not within Statute of Frauds,"In preparation for a big convention to be held on June 16, the convention committee ordered 500 bobblehead dolls from the company at a total price of $500, paying for them in advan","Under UCC §2-209(1), an agreement to modify a contract is enforceable even though unsupported by consideration. Since, as modified, the agreement does not fall within the provisions of the Statute of Frauds, it need not be in writing. Thus, if the committee agreed to accept 475 bobbleheads instead of 500, the company's"
91,17379,54030400,high,Statute of Frauds,"Important as a food commodity, pears are traded on the American Pear Exchange. Although farmers are free to negotiate prices for the sale of their pears, the price received by pear","Under UCC §2-209, a modification of a contract is valid even though unsupported by consideration. That same section provides, however, that the Statute of Frauds applies to a contract which, as modified, is within its provisions. Since the agreement made on April 15 between the buyer and the farmer called for the purch"
92,18327,56050200,reviewed,UCC modification no-consideration rule,"The defendant was a veterinarian who sometimes acquired exotic animals from local zoos. The plaintiff was the owner of a large livestock ranch.  On March 10, the defendant and the ","Under UCC §2-209, an agreement to modify a contract for the sale of goods needs no consideration to be binding. Since a contract for the sale of an aardvark is a contract for the sale of goods, the agreement that the defendant made to “throw in a pig” for the plaintiff's daughter is binding and may be enforced by the p"
93,20845,51060101,high,Expectation damages,"The buyer agreed to purchase steel beams from the seller by a written contract. The beams were delivered by truck and were in a closed box. Upon inspection, however, the buyer disc","Under UCC §2-313, a warranty is made by any description of the goods that is given by the seller and which is part of the basis of the bargain. The seller thus warranted that the beams delivered would be steel. Under UCC §2-714, a buyer who has accepted nonconforming goods and who notifies the seller of the nonconformi"
94,21023,55010101,reviewed,UCC warranty disclaimer/as-is rule,"After lengthy negotiations, the plaintiff purchased a car from the defendant, a car dealer. The plaintiff was driving it the following day when the brakes failed due to a defect th","Under UCC §2-314, an implied warranty of merchantability accompanies every sale by a merchant unless disclaimed by unequivocal language. UCC §2-316(3)(a) specifically provides that the phrase “as is” may be used to disclaim the warranty. B is incorrect because the implied warranty may accompany the sale of a used produ"
95,21028,56050300,reviewed,UCC cash-payment performance rule,"The buyer went to a car dealer to look at some of the cars on display. Selecting a car, he began negotiating with the dealer. The dealer offered to sell him the car that was on dis","Under UCC §2-511, a contract that is silent as to the manner of payment calls for payment in any manner current in the ordinary course of business. The seller is entitled to demand payment in cash, but if he or she does so, the buyer is entitled to a reasonable opportunity to procure the necessary cash. A is incorrect "
96,20370,56050402,reviewed,acceptance/rejection of nonconforming goods,"On January 3, a lumber retailer ordered from a lumber wholesaler 1,000 2” × 4” fir boards, each 8 feet in length, for delivery by January 15. When the wholesaler delivered the fir ","Under UCC §2-606, acceptance occurs when the buyer fails to make an effective rejection. Under §2-602, rejection must be made within a reasonable time after delivery and is ineffective unless the buyer seasonably notifies the seller. Since the retailer was aware of the nonconformity the day the boards were delivered bu"
97,17413,51060101,reviewed,buyer cover/market damages,"A parts dealer agreed to deliver a special bumper to a car collector's home for $150. After the contract was signed, the dealer called the collector and told him that he would not ","Upon breach of the sales contract, the non-breaching party is ordinarily entitled to compensatory, incidental, and consequential damages. A buyer's compensatory damages consist of the difference between the contract price and either the fair market value or the “cover” price (i.e., actual cost of replacement, so long a"
98,20125,55020205,high,Sufficiency of consideration,"A hiker was hiking in the woods when she heard a cry for help. She then saw a climber hanging from the edge of a cliff, clearly about to fall. The hiker ran to the cliff's edge and","Usually, a promise is unenforceable unless it is supported by consideration, which requires a bargained-for exchange. Since the climber's promise was made after the hiker rendered a service with no apparent expectation of compensation, the service was not given in exchange for the promise and the promise is not support"
99,20860,55020201,medium,Bargain and exchange,"After the plaintiff said that the defendant owed him $3,000, the defendant promised to pay $2,000, which the plaintiff agreed to accept as payment in full. Subsequently, the defend","Usually, a promise is unenforceable unless it is supported by consideration. Consideration is a bargained-for exchange of value given for a promise and may consist of benefit to the promisor or detriment to the promisee. If an alleged debt is invalid, a person who promises to pay a sum in settlement of it receives no b"
100,17260,51060302,high,Rescission,"A landowner wanted to open a miniature golf course on a parcel of real estate that he owned. After negotiation, the landowner hired a builder to build the golf course and a watersl","When a builder commits an anticipatory repudiation of a building contract, the person who hired him or her may be entitled to rescind and be free of all obligations under the contract. A is incorrect, however, because the builder is then entitled to an offset based on quasi-contract (i.e., the reasonable value of his o"
101,17649,56050102,high,Conditions,The seller was the owner of a lot and building that contained two residential apartments. The seller resided in the upstairs apartment and rented the downstairs apartment to a tena,"When a contract calls for performance by one party prior to performance by the other, the first party's performance is generally held to be a condition precedent to the other party's performance. A condition precedent is an event without which a party's obligation does not become absolute. Since the contract provided t"
102,19397,56050603,reviewed,frustration from change in law,"On February 1, the landlord and the tenant entered into a written contract. By its terms, the landlord was to rent the tenant a building for use by the tenant as a “sports book,” w","When an unforeseeable change in circumstances makes a contract fail of its essential purpose, the parties to it may be excused from performance under the doctrine of frustration of purpose. The essential purpose of the contract between the landlord and the tenant was the operation of a “sports book.” Since an unforesee"
103,19029,56050400,reviewed,breach excuses further performance and supports damages,"A landowner wanted to open an amusement park on a parcel of real estate that he owned. After negotiation, the landowner hired a contractor to build a roller coaster and several oth","When either party to a contract breaches it, the other party is excused from further performance. Since the landowner breached by refusing to make payment as required, the contractor may refuse to perform any further work. In addition, the non-breaching party is entitled to damages consisting of the losses that he or s"
104,20460,53070100,high,Third-Party Beneficiary Contracts,"The homeowner hired a painting contractor to paint the homeowner's residence, entering into a valid written contract with the contractor that fixed the price of the job at $5,000 a","When parties to a contract agree that one of the benefits of the contract will flow directly to a non-contracting party, that person is an intended third-party beneficiary. If the agreement was made for the purpose of satisfying an obligation that one of the contracting parties owed to the third-party beneficiary, he o"
105,21577,53070100,reviewed,intended beneficiary enforcement,"A woman, who was dying, wanted to leave her house to her niece. The woman's will left the house to her husband. Because the woman was unlikely to live long enough for a new will to","A beneficiary may sue the promisor only if the beneficiary was an “intended” beneficiary. The test for an “intended” beneficiary is whether the circumstances show that the promisee intended to give the beneficiary the benefit of the promised performance. Here, the woman (the promisee) intended to give her niece the ben"
106,20587,51060101,high,Expectation damages,"On January 3, a retailer of lumber ordered from a lumber wholesaler 1,000 2” × 4” fir boards, each 8 feet in length, for delivery by January 15. When the wholesaler delivered the f","A buyer who rightfully rejects nonconforming goods is entitled to damages for non-delivery. Under UCC §2-713(1), these consist of the difference between the contract price and the market price at the time when the buyer learned of the breach. Since the retailer learned of the nonconformity on January 15, B is correct. "
107,17932,56050102,reviewed,constructive condition of performance,A homeowner asked a builder to build a new pool in his backyard while he was away on a three-week bus tour of Europe. The homeowner and the builder signed a contract for 10 percent,"A condition is an event that must occur before the performance of a contractual obligation is due. Because the builder could not build the pool until the homeowner identified where it should be built, the homeowner's failure to indicate the correct address could be seen as a failure of the condition. Until necessary co"
108,17069,56050102,reviewed,satisfaction condition precedent,"In an agreement made on April 15, the plaintiff agreed to design a coat of arms for the defendant and to fabricate a wooden door with the coat of arms carved into it for the front ","A condition precedent is an event that must occur before a party's obligation to perform under a contract becomes absolute. Since the agreement provided that the defendant would be under no obligation to pay unless he was satisfied with the product, satisfaction was a condition precedent to his obligation to accept and"
109,19092,56050102,reviewed,broker commission express conditions,"When the defendant's employers transferred him to the West Coast, they promised to pay all his relocation expenses, including any commission that he might have to pay for the sale ","A condition precedent to a contractual obligation is an event that must occur before a party will be under a duty to perform. Real estate brokerage contracts frequently make the broker's commission due upon producing a buyer who is “ready, willing, and able” to purchase on the agreed terms. In the contract by which the"
110,17764,54030200,high,Illegality,The plaintiff was a professional gambler who made his living by accepting illegal bets on horse races and other sporting events. Because he suspected that the police had discovered,"A contract for the lease of realty is not illegal even though the lessee might have an illegal activity in mind when he or she enters into the lease. Ordinarily, the courts will not aid either party to an illegal contract unless the party seeking relief was not equally guilty (i.e., in pari delicto) with the other part"
111,21182,55020100,reviewed,offer plus acceptance mutual assent,"A world-renowned artist's will left a collection of 30 of his paintings to his niece, an art dealer. The paintings inherited by the niece were untitled, but they were identified by","A contract is formed upon acceptance of an offer. An offer is a manifestation of present intent to be bound to specific terms. Since the niece's letter of August 1 clearly expressed her willingness to sell each of the paintings to the dealer for $2,000, it was an offer. An acceptance occurs when the offeree communicate"
112,17155,55020101,high,Offer,"The seller was an importer of arts and crafts products from Mediterranean countries, selling mainly to large department stores and import shops. To keep his sales force down to a m","A contract is formed upon acceptance of an offer. Since the buyer's order identified the subject of the transaction, specified the quantity, set forth price and terms, and called for shipment, it conferred upon the seller the power to create a contract by accepting and was, therefore, an offer. Under UCC §2-206(1)(b), "
113,19652,56050102,reviewed,condition precedent to duty,"For several years following his graduation from college, the plaintiff made no attempt to find employment. During this period, he was usually intoxicated, and spent most of his tim","A contract may make the happening of a particular event a condition precedent to the performance of a contractual duty. If so, the obligation to perform that duty does not become absolute until the condition precedent is fulfilled. Thus, if the plaintiff's remaining in law school was a condition precedent to his mother"
114,18090,51060303,reviewed,reformation for writing mismatch,"The seller and the buyer entered into a written contract for the sale of 200 electric power drills. Although they orally agreed on a price, they inadvertently failed to include it ","A court may reform a contract to reflect the intentions of the parties if, as a result of inadvertence, the writing does not actually reflect the intentions. In determining the intentions of the parties, the court may admit whatever evidence is relevant and material. B is incorrect because UCC §2-201 declares that a wr"
115,17975,53070100,reviewed,third-party beneficiary modification before vesting,"When his daughter was about to turn 21, a builder decided he wanted to give her some money so she could buy a new car. Consequently, the builder entered into a written contract wit","A donee third-party beneficiary of a contract may enforce it. The parties are free to modify that contract, however, any time prior to the donee beneficiary's detrimental reliance on it. Since the daughter did not learn of the contract until after it had been modified, she has no right to enforce the terms that existed"
116,21275,51060105,reviewed,liquidated damages clause,"The landowner was the owner of two adjoining parcels of unimproved realty. Although she was interested in improving and selling the realty, she did not have the necessary capital. ","A liquidated damages clause is a provision in a contract fixing the amount of damages should a breach occur. Courts enforce liquidated damages clauses so long as the amount set is reasonable, the actual damages are difficult to ascertain, and the contract tailors the liquidated damages to the circumstances. If any of t"
117,18201,51060105,high,Liquidated damages,"Because the buyer was arranging to move his family across the country on April 20, the buyer insisted that the contract for his new home contain a liquidated damages clause. The cl","A liquidated damages clause is enforceable (and does not constitute a penalty) if the amount specified is reasonable in light of what the parties contemplated at the time the contract was formed, if the actual damages would be difficult to ascertain, and if the liquidated damages agreed to are tailored to the circumsta"
118,18684,54030100,high,Lack of Capacity,"The plaintiff, a minor, purchased a used car from the defendant for $1,200. The reasonable rental value of the car was $150 per month. After she had owned the car for two months, t","A minor may disaffirm a contract on the ground of incapacity. If, however, the disaffirming minor is the plaintiff in an action for restitution, his or her recovery will be offset by the reasonable value of the benefit that he or she had received. Measuring the benefit in terms of reasonable rental value is a common ju"
119,21525,54030100,reviewed,minor's capacity/disaffirmance,"The plaintiff, a minor who looked older than he was, wished to purchase a motorcycle. The plaintiff went to the defendant's motorcycle shop and looked at some of the models on disp","A minor may disaffirm his contract on the ground that he or she lacked capacity, but the party contracting with him or her may not. A and B are therefore incorrect. Detrimental reliance is sometimes given as a reason for enforcing a promise that was unsupported by consideration. C is incorrect because the defendant's p"
120,20585,53070100,high,Third-Party Beneficiary Contracts,"When the landowner's daughter told him that she was getting married, the landowner was so happy that he promised to deed her a parcel of realty that he owned and to have a house bu","A non-contracting party who will benefit from a contract between two other persons is a third-party beneficiary. If the contracting parties intended that the benefit flow to him or her when they contracted, he or she is an intended beneficiary. If they did not, he or she is an incidental beneficiary. Although an intend"
121,19788,55020101,high,Offer,"A man texted his friend, “I really want to sell my motorcycle. I would consider $2,000 for it.” His friend immediately texted back, “I accept! I'll give you a check immediately!” T","A party who wishes to make a contract may make statements that are not offers but rather solicitations of bids. These bids are the basis of preliminary negotiations and cannot be accepted. Here, the man saying “I would consider” shows his statement to be a mere solicitation of bids, and not a true offer. Consequently, "
122,21519,55020202,high,Illusory promises,"In anticipation of changing over to a more “upscale” restaurant, a restaurant entered into a written agreement with a new butcher. Under the agreement, the butcher would provide “a","A party's promise is illusory if that party's promise has not created a binding obligation. If each party has not agreed to a binding obligation, the agreement is not enforceable. Under the agreement, the butcher agreed to provide meat at $10 per pound, but the restaurant didn't actually promise to do anything. The res"
123,21505,53070200,high,Assignment of Rights,"The defendant owned a trucking company. His wife, the plaintiff, was a freelance book illustrator. When a book publisher contacted the defendant to discuss the transportation of hi","A promise is ordinarily not enforceable unless it is supported by consideration. Thus, a promise to make a gift is not usually enforceable. Once a gift has been completed, however, the donee's rights do not depend on the donor's promise. Thus, although a promise to make a gift may be unenforceable, a completed (or exec"
124,17448,55020300,reviewed,promissory estoppel despite SOF/consideration issues,"After seeing the small airplane that the pilot was flying go down in stormy seas, the pilot's wife stood on the shore screaming, “Oh, God, won't somebody please save my husband?” U","A promise that is unenforceable for lack of consideration or because it fails to satisfy the requirements of the Statute of Frauds may nevertheless be enforceable under the doctrine of promissory estoppel if the promisee justifiably relied upon it to his or her detriment. If, however, no express or implied promise was "
125,17638,55020201,medium,Bargain and exchange,"A man, who had been studying the writings of various mystical philosophers, decided to sell all his worldly possessions, give the money to charity, and wander about in the desert f",A promise to forbear or abandon a civil claim in return for some payment by the promisee is referred to as a compromise. The promise to forbear is sufficient consideration for the promisee's promise to pay if the claim could have been asserted in good faith. Although the facts do not indicate whether the plaintiff beli
126,21009,55020205,reviewed,past consideration,"The defendant's 20-year-old son became ill while traveling. The plaintiff, a youth hostel operator, let the son stay in one of the hostel's rooms and nursed the son back to health.","A promise to pay for services received in the past is usually held not to be supported by consideration. Here, since the plaintiff's services were not given at the defendant's request, the promise was unsupported by consideration and could not be enforced as a contract. Thus, A is incorrect. C is incorrect because the "
127,20556,56050403,reviewed,prospective inability/anticipatory nonperformance,"The defendant was the owner and operator of a summer resort located at a high elevation in the northern part of the country. Because the hotel was open only during the summer, the ","A prospective inability to perform occurs when a party to a contract has, by his or her own conduct, divested himself or herself of the ability to perform. A party who justifiably relies to its detriment on another party's prospective inability to perform is discharged from its obligations under the contract. Since the"
128,18453,53070200,high,Assignment of Rights,"The defendant's father earned his living as a crop-duster, using an airplane to dust farmers' fields with insecticides for a fee. When he died, he left the business to the defendan","A transfer of contract rights is called an assignment; a transfer of contract duties is called a delegation. In general, contract duties are delegable so long as delegation would not prevent the obligee from getting what he or she bargained for. Duties that involve personal services (i.e., that depend upon the obligor'"
129,20883,55010202,reviewed,unilateral contract,"A manufacturer of computer hardware and software was seeking a way to speed up the operation of its Basic Computer Program. On March 1, it posted the following notice in the employ","A unilateral contract is a promise to perform in exchange for a specified act by the promisee. Since the company promised to make payment to the employee who submitted the winning design, its offer was for a unilateral contract. A bilateral contract is an exchange of promises, each given in return for the other. Since "
130,19393,55020101,reviewed,unilateral reward offer and revocation,The homeowner went into his garage one morning and found that someone had broken in during the night and stolen a hand-carved milking stool that had been stored there. The stool di,"A unilateral contract is one in which only the offeror promises to perform, and only if the offeree performs a specified act. Since the homeowner's offer was to pay $1,000 to the person who “finds the thief,” he has made an offer for a unilateral contract. As with any offer, an offer for a unilateral contract does not "
131,21282,55020201,medium,Bargain and exchange,"The plaintiff, an unmarried woman, became pregnant. Before the child was born, she told the defendant that he was the father. The defendant agreed to pay the expenses of having the","All courts agree that a plaintiff's promise to waive a valid claim constitutes sufficient consideration for the defendant's promise to pay a settlement. Additionally, most modern courts would probably hold that the waiver of an invalid claim constitutes sufficient consideration for a settlement if the plaintiff, at the"
132,17022,53070100,high,Third-Party Beneficiary Contracts,"In exchange for use of his neighbor's boat, the homeowner hired a lawn service to maintain his lawn and his neighbor's lawn for the next two years. The homeowner and the lawn servi","Although a contract is not usually enforceable except by one in privity, a third-party beneficiary may enforce it if the parties to the contract intended that it should benefit him or her. This is true whether the intended third-party beneficiary is a creditor beneficiary or a donee beneficiary. A creditor beneficiary "
133,19279,52040100,high,Gap-Fillers,"The defendant was the owner and operator of a store that sold exotic birds and aviary supplies. The plaintiff was the owner and operator of a pet shop in which dogs, cats, tropical","Although a court may reform a contract by filling in a missing term in accordance with the manifest intent of the parties, it may not create a contract where the writing fails to indicate that the parties had the intent of creating one. The January 5 document leaves the price term to subsequent agreement after determin"
134,19799,53070200,high,Assignment of Rights,"A pawnbroker occasionally sold used jewelry to the buyer, who owned a jewelry store. On June 1, the pawnbroker sold the buyer a ring for $2,500, representing the stone in it to be ","Although an assignment does not imply a warranty that the obligor will perform, an assignment for consideration does imply a warranty that at the time of the assignment, the obligor has no defenses. Since at the time of the pawnbroker's assignment to the retailer, the buyer had a defense based on the nonconformity of t"
135,19416,53070200,high,Assignment of Rights,"A woman's father earned his living as a fumigator, using a fleet of trucks to fumigate office buildings with insecticides for a fee. When he died, he left the business to his daugh","Although an assignment of contract rights divests the assignor of those rights, a delegation of contract duties does not have the same effect, even when consented to by the obligee. For this reason, the woman will remain liable to the banker for any breach of their contract. On the other hand, a delegatee of contract d"
136,18468,55020101,high,Offer,"On September 10, the company, a well-known publisher of law books, posted a notice in the law school bookstore that it would award $10,000 to the student with the highest grade poi","Although an offer can ordinarily be withdrawn by the offeror at any time prior to its acceptance, the Restatement rule is that an offer for a unilateral contract cannot be withdrawn once the offeree has begun to perform. Thus, if the student began making extra efforts in an attempt to win the prize, the company was pre"
137,17347,55020205,high,Sufficiency of consideration,"A man, who had been studying the writings of various saints, decided to sell all his worldly possessions, give the money to charity, and hike for a while to seek insight and spirit","Although the administrator's forbearance might have been consideration for the husband's promise to pay, the question specifically asks whether the doctor's services are sufficient consideration. Consideration involves a bargained-for exchange, and since the husband did not ask the doctor for the services, they cannot "
138,17271,56050403,reviewed,prospective inability to perform,"An attorney decided to invest $4,000 in art for her office. On November 1, she decided to purchase a painting from the defendant, with delivery to be made to the attorney on Decemb","Although the attorney's refusal to accept the painting is excused by her reinvestment of the money in reliance on of the defendant's prospective inability to perform, her refusal of the defendant's tender discharges the defendant from further obligation to perform. B is incorrect since the defendant's obligation to del"
139,18636,51060101,reviewed,no damages where substitute performance same price,"A man and the plaintiff were neighbors in a recently created subdivision. Since both wanted to have landscaping work done, they decided to join forces in hopes of getting a better ","Although the defendant breached his contract with the plaintiff, he is not liable unless the breach resulted in damage. If there are equally competent gardeners in the area who will perform the same work at the same price, the plaintiff has sustained no damage as a result of the defendant's failure to perform. An incre"
140,19921,52040300,high,Parol Evidence Rule,"A building contractor's daughter was about to celebrate her 21st birthday, and the contractor wanted to give her a gift that would express his sentiments for her. He was a wealthy ","Although the parol evidence rule prevents the introduction of extrinsic evidence for the purpose of modifying the terms of certain written memorandums, it does not prevent the admission of such testimony for the purpose of establishing that no contract was ever formed. Since the oral agreement made before execution of "
141,20737,51060304,high,Specific performance,"On January 17, a storeowner agreed to sell a penguin-shaped ring to the plaintiff for $2,000. However, when the plaintiff came to pick up the ring on January 18, the storeowner ref","Although the usual remedy for breach of a sales contract is a judgment for damages, specific performance is available to a buyer if the subject of the contract was unique or highly unusual. This is nearly always true of contracts for the sale of realty, because every piece of realty is regarded as unique. Though not as"
142,17133,56050607,reviewed,accord and satisfaction,"The seller and the buyer entered into a written contract for the sale of 500 bicycles at a total price of $50,000. The contract required delivery by the seller prior to June 1 and ","An accord is a new obligation intended to take the place of an existing one. To be enforceable, it must be supported by consideration. To discharge the original obligation, it must actually be performed. Performance of the new obligation is known as “satisfaction,” and it is the satisfaction rather than the accord that"
143,18142,53070200,high,Assignment of Rights,"On May 20, on a form provided by an air-conditioning company, the defendant agreed to purchase from the company 100 described air-conditioning units at a price of $250 each, FOB th","An agreement for the sale of goods FOB a particular place requires the seller to load the goods on board a carrier at that place. Once the seller has done so, the buyer's obligation to pay the seller for the goods becomes complete. Under UCC §2-210, a seller who has completely performed may assign its rights even if te"
144,20399,56050403,reviewed,anticipatory breach/remedy before performance date,"Proud of a local painter's accomplishments, the town council voted to erect a statue commemorating the painter's victory over his social and economic disadvantages. Pursuant to tow","An anticipatory breach occurs when, before performance is required, a party to a contract says or does something that indicates that he or she will not perform as required. When an anticipatory breach occurs, the other party need not wait until the time for performance is passed but may immediately avail itself of reme"
145,20429,53070300,high,Delegation of Duties,"On April 1, a law firm hired a famous and uniquely skilled software specialist to design and install new computer software specifically for the firm. The new software was to be ins","An anticipatory repudiation is an unequivocal statement that he or she will not perform made by a party before performance is due under a contract. Upon a party's anticipatory repudiation, the other party has an immediate right to sue for breach of contract. In general, all duties under a contract are delegable except "
146,20052,56050403,high,Anticipatory repudiation,"In January, a farmer planted an orchard of apples that would be ready for harvest in June. The farmer entered into a written contract with a restaurant on March 2, wherein the farm",An anticipatory repudiation occurs when a promisor makes a positive statement to the promisee that he or she will not perform his or her contractual duties. An anticipatory repudiation by a promisor may be treated as an immediate breach by the promisee. One who repudiates before the time for performance may withdraw hi
147,20851,53070200,reviewed,assignment distinguished from third-party beneficiary,"Because he always wanted his nephew to live nearby, the landowner offered to leave his nephew half of his estate if he agreed to move back to the city. The nephew agreed. The nephe","An assignment is a transfer of a right to receive the benefits of a contract. If there was an enforceable agreement between the nephew and the landowner, the nephew's promise to share some of the rights that he received under that contract could be called an assignment. Although it is not certain that the nephew's conv"
148,20174,53070200,high,Assignment of Rights,"After the commercial success of a rock music group, its lead singer entered into a contract with the defendant. According to its terms, the singer, singing alone, was to record a s","An assignment is effective only if the assignor has given up all rights under the assigned contract. Thus, if the singer has made an effective assignment, he no longer has any rights against the defendant. A is incorrect for several reasons: First, since the contract was for the singer's business, the singer's infancy "
149,21516,53070200,reviewed,assignment extinguishes assignor rights,"When he won the state lottery, the defendant bought a new home and decided to have it landscaped by a well-known landscape architect. After investigating several sources, the defen","An assignment transfers the assignor's rights to the assignee and extinguishes those rights in the assignor. Thus, if the plaintiff has made a valid assignment of his rights to another person, the plaintiff no longer has those rights and cannot enforce them against the defendant. A non-contracting party who will benefi"
150,18337,53070200,high,Assignment of Rights,"At the age of 14, the plaintiff designed a program for a computer game. He demonstrated the program to the defendant, a company in the business of marketing computer software. The ","An assignment transfers the assignor's rights to the assignee, thus extinguishing the assignor's rights under the contract. Since the plaintiff has assigned his rights under the contract, he can no longer enforce them. A is incorrect for two reasons: First, lack of contractual capacity makes a contract voidable only at"
151,17254,53070200,high,Assignment of Rights,"When they decided to computerize their paperwork, a law firm contacted a specialist in the application of computer technology to the practice of law. After negotiations, the firm e","An effective assignment transfers all the assignor's rights to the assignee. If the specialist made an effective assignment of her rights under the contract with the firm, she can no longer enforce those rights, and the court must find against her. Since the contract called for payment of $5,000 within 30 days after in"
152,17931,unsure,reviewed,insurance-contingency agreement has no close Contract code,"When the homeowner purchased her home, she obtained a fire insurance policy. The policy provided that if the home was destroyed or seriously damaged by fire, the insurance company ",An insurance contract involves an agreement by the insurer to pay the insured upon the occurrence of an event not within the control of either. The payment agreed upon need not bear any relationship to damage that results from the event (although many policies require that there be such a relationship). Since the insur
153,17007,53070200,high,Assignment of Rights,"A banking firm hired a computer-banking specialist to update its computer network for $15,000. The specialist then went to work installing hardware and writing special software for","An obligor is discharged of liability to the obligee's assignee to the extent of any payments made to the original obligee prior to notice of the assignment. Thus, if the firm paid $15,000 to the specialist before being advised that the specialist had assigned her rights to the programmer, it could not be required to p"
154,18842,55020101,high,Offer,"When the seller inherited a valuable painting, he asked the buyer, an art dealer, if she was interested in buying it. On January 15, after looking at the painting, the buyer said t","An offer can ordinarily be accepted at any time prior to its termination. An offer terminates, however, when the offeree becomes aware that the offeror has acted in a manner inconsistent with the offer. When the buyer learned that the seller had sold the painting to someone else, the seller's offer terminated, deprivin"
155,20910,55020101,high,Offer,"On September 10, the company, a well-known publisher of law books, posted the following notice on the bulletin board at a law school:  As an incentive to research and scholastic ex","An offer for a unilateral contract involves an offer to exchange a promise for an act. Since the notice offered a prize to the student achieving the highest Grade Point Average and did not ask students to make any promise or agreement that they would do so, it was a promise offered in return for an act. B is therefore "
156,17431,55020101,reviewed,offer construed from reasonable recipient perspective,"The seller wanted to sell his piano. Because four buyers had all expressed interest in it, the seller wrote and signed the following letter on May 1, sending a photocopy to each of",An offer is a manifestation of present intent to be bound to specified terms. One of the tests of whether a statement should be construed as an offer is whether a reasonable person in the shoes of a person receiving it would believe that only his or her expression of assent is necessary to form a binding contract. Sinc
157,19667,55020101,high,Offer,"The seller wanted to sell his accordion. Because four buyers had all expressed interest in it, the seller wrote to all of them on May 1, telling them he was selling his accordion, ","An offer is a manifestation of present intent to be bound to specified terms. Since the seller's letter expresses an unequivocal intention to sell the accordion to the second buyer for $2,000, it is an offer. C is therefore incorrect. An acceptance is an agreement to be bound to the terms of an offer. The seller's lett"
158,19429,55020101,high,Offer,"The buyer was a collector of antiques who had purchased many expensive pieces from the seller, an antiques dealer. Knowing that the seller was traveling to Europe, the buyer wrote ",An offer is a manifestation of the offeror's willingness to enter into a contract on the terms specified. It is sometimes said that a communication is an offer if an acceptance is the only thing necessary to turn it into a binding contract. The language used by the seller — “Are you still interested?” — leaves some dou
159,21039,55020101,high,Offer,"The buyer received an advertising brochure from the seller in the mail. The brochure contained a photograph of a computer, and above it the statement, “While they last. All compute","An offer is a manifestation of willingness to be bound to specified terms that gives an offeree the power to create a contract by accepting. Since an advertisement rarely does this, it is usually regarded as a mere invitation for offers rather than as an offer unless the circumstances indicate that the party who publis"
160,20593,55020101,high,Offer,"On January 5, because he needed money to pay the rent on his store, the storeowner sent copies of the following letter to four possible buyers:  I need to sell my heart-shaped diam","An offer is an expression by the offeror of willingness to enter into a contract with the offeree on specified terms. A valid offer creates in the offeree the power of acceptance. To determine whether a particular communication qualifies as an offer, it is thus necessary to decide whether the reasonable person in the p"
161,21879,52040200,high,Interpretation,"On July 1, after hearing that the buyer was going to attend law school, the seller sent the buyer a letter offering to sell his old law books. The buyer wrote back on July 8 and to","An offer is an expression of willingness to be bound to specified terms. Since both parties were aware of the price and terms set forth in the buyer's letter, the seller's statement could be construed as an offer to sell the books to the buyer under those same terms. B and C are incorrect because the buyer's letter of "
162,19520,55020101,reviewed,revocation of offer,"The seller and the buyer were neighbors who owned homes on adjoining parcels of realty. They were both in the business of selling art supplies, each operating an art supply store t",An offer may be revoked at any time prior to its acceptance and is effectively revoked when the offeree learns of an act by the offeror that is wholly inconsistent with the offer. The seller's offer to sell the tractor to the buyer was thus revoked when the buyer learned that the seller had sold it to the other neighbo
163,19561,55020101,reviewed,option contract keeps offer open,A landowner was suffering from a terminal disease and did not expect to live much longer. She was the owner of a parcel of realty known as Blackacre and wanted her son to have it. ,"An option is a promise to keep a particular offer open for a specified period of time. If it is supported by consideration, it is a separate contract and is enforceable during the specified period. Since the document stated that the landowner received $20 in return for her promise to keep the offer open, her promise wa"
164,19123,56050606,reviewed,mutual rescission,"A painter entered into a contract to paint the homeowner's house for $5,000. After painting the doors and the trim, the painter got a job offer in a different state that he had to ","As long as neither party has fully performed a contract, the parties may agree to cancel the whole contract. Such an agreement is called a mutual rescission. However, when parties agree to a mutual rescission, most courts hold that neither party is obligated to pay for any benefits already received under the contract. "
165,21798,53070200,high,Assignment of Rights,"On March 1, an aluminum siding contractor entered into a written contract with the homeowner for the installation of aluminum siding on the exterior of the homeowner's home. The co","Assignment of a contract transfers all the assignor's rights to the assignee. After the assignment, the assignor has no rights in the contract and cannot sue to enforce it. A is incorrect because assignment does not discharge the assignor of his or her obligations under the contract. There is a presumption, however, th"
166,18534,53070200,high,Assignment of Rights,A man developed a new phone application that allowed users to follow the records of their favorite college teams. A company liked the application and offered the man a job as an in,"Before the obligor learns of an assignment by the obligee, if an obligor and obligee agree in a commercially reasonable manner to a valid modification of the contract, the modification is effective as to rights that the assignee has acquired against the obligor. Thus, the plaintiff is bound by the modification. An obli"
167,20490,52040100,high,Gap-Fillers,"The plaintiff had long admired the defendant's dog, which was trained to get the paper and start the coffeepot every morning. The plaintiff finally convinced the defendant to agree","By its terms, the UCC applies to all transactions in “goods,” which are defined as any things that are movable at the time of the sale. The UCC provides approaches for filling in certain missing terms, but the absence or presence of any particular terms in a contract does not determine whether the UCC applies. B is the"
168,20192,55020204,high,Preexisting duty,"On June 1, after arson fires had damaged several city buildings, the city council voted to offer a reward to aid in apprehension of the arsonists. On June 2, by order of the city c","Consideration is a benefit to the promisor or a detriment to the promisee that was bargained for and given in return for the promisor's promise. For this reason, if the police officer did something that he was already obligated to do, his act could not be consideration for the city's promise to pay since no new benefit"
169,18814,55020201,medium,Bargain and exchange,"A rescuer saved the life of a man's wife, who subsequently promised to change her will to leave $500 to the rescuer. The wife later died intestate, however, survived only by her hu","Consideration requires a bargained-for exchange. Since the husband did not ask the rescuer to save his wife, the rescuer's doing so was neither bargained for nor given in exchange for the husband's promise. The fact that a promisor calls something “consideration” for his or her promise does not make it so. A is incorre"
170,21462,55020101,reviewed,firm offer/option without consideration,"A manufacturer of tractors had purchased hundreds of motors from an engine maker in the past at a price of $5,000 each. In 2011, the engine maker ceased production of the motor. By","Consideration usually consists of some legal detriment suffered by the promisee that is given in exchange for the promisor's promise. Since the manufacturer gave nothing in return for the engine maker's promise to keep the offer open, her promise was not supported by consideration. Under UCC §2-205, an assurance given "
171,21589,53070100,high,Third-Party Beneficiary Contracts,"After serving in the military for 10 years, the plaintiff informed her father that she had gotten married and was retiring from military service. Glad to hear the news, the plainti","Contracts frequently benefit persons other than the contracting parties (i.e., third-party beneficiaries). In general, contracts can be enforced only by parties to them. Under some circumstances, however, intended third-party beneficiaries can enforce contracts to which they are not parties. Whether a third-party benef"
172,17445,53070100,high,Third-Party Beneficiary Contracts,"During negotiations with a printing company, a publisher agreed to hire the printing company president's wife as a cover artist for a year in exchange for a lower rate on printing ","Contracts frequently benefit persons other than the contracting parties. Such persons are called third-party beneficiaries. If the contracting parties meant for those persons to benefit from the contract, they are intended beneficiaries; otherwise, they are incidental beneficiaries. If a promisor's performance is inten"
173,14384,52040300,high,Parol Evidence Rule,"Responding to the county's written advertisement for bids, a tire salesman was the successful bidder for the sale of tires to the county for the county's vehicles. The tire salesma","A is correct. The parol evidence bars the introduction of evidence of a prior agreement that contradicts the terms of a final written contract. Notwithstanding the parol evidence rule, however, such evidence may be introduced to explain an ambiguity in the written contract. The written contract between the tire salesma"
174,14379,52040300,high,Parol Evidence Rule,"A written construction contract began with the following recital: ""This Agreement, between Land, Inc. (hereafter called 'Owner'), and Builder, Inc., and Boss, its President (hereaf","A is correct. The parol evidence rule bars extrinsic evidence of statements made prior to the execution of a final written agreement where the statements contradict the terms of the final written agreement or where the statements purport to add to the agreement where the agreement is completely integrated (i.e., one th"
175,14377,52040300,high,Parol Evidence Rule,"On March 1, a homeowner contacted a builder about constructing an addition to the homeowner's house. The builder orally offered to perform the work for $200,000 if his pending bid ","B is correct. The homeowner cannot recover for the builder's nonperformance based on the oral condition to the contract. Normally, the parol evidence rule bars evidence from prior or contemporaneous negotiations and agreements that contradict, modify or vary contractual terms if the contract is intended to be a complet"
176,14376,52040300,high,Parol Evidence Rule,A property owner and a landscape architect signed a detailed writing in which the landscape architect agreed to landscape the owner's residential property in accordance with a desi,"B is correct. The parol evidence rule bars extrinsic evidence of a prior agreement either where the prior agreement contradicts the terms of a final written agreement or where the prior agreement purports to add to a completely integrated agreement (i.e., one that is intended by the parties to be both the final and exc"
177,14373,52040300,high,Parol Evidence Rule,"A buyer contracted in writing with a shareholder, who owned all of XYZ Corporation's outstanding stock, to purchase all of her stock at a specified price per share. At the time thi","B is correct. The parol evidence rule bars extrinsic evidence of a prior agreement where the prior agreement contradicts the terms of a final written agreement or where the prior agreement purports to add to a completely integrated agreement (i.e., one that is intended by the parties to be both the final and exclusive "
178,14372,52040300,high,Parol Evidence Rule,"A rancher and a fancier of horses signed the following writing: ""For $5,000, the rancher will sell to the fancier a gray horse that the fancier may choose from among the grays on t","B is correct. The parol evidence rule bars the introduction of evidence of an agreement made prior to the adoption of a final written contract if the prior agreement relates to matters within the scope of the writing. However, if the prior agreement does not contradict the writing but merely supplements it, evidence of"
179,14378,52040300,high,Parol Evidence Rule,"A seller and a buyer have dealt with each other in hundreds of separate grain contracts over the last five years. In performing each contract, the seller delivered the grain to the","B is correct. The Uniform Commercial Code controls. Specifically, UCC § 2-202, which is the UCC embodiment of the parol evidence rule, explicitly provides that, while a final written expression of agreement may not be contradicted by any prior agreement, it may be explained or supplemented ""by course of dealing or usag"
180,14375,56050200,reviewed,no-oral-modification clause and reliance on extras,"A written construction contract, under which a contractor agreed to build a new house for an owner at a fixed price of $200,000, contained the following provision: Prior to constru",D is correct. A provision in a written contract that specifies that any modification to the agreement is unenforceable unless made in writing and signed by both parties is referred to as a no-oral-modification clause. Such clauses are common in construction contracts (such as the owner-contractor agreement) and may be 
181,14374,52040300,high,Parol Evidence Rule,"A radio manufacturer and a retailer, after extensive negotiations, entered into a final written agreement in which the manufacturer agreed to sell and the retailer agreed to buy al","D is correct. The parol evidence rule bars the introduction of extrinsic evidence of certain statements made prior to the adoption of a final written agreement. Evidence of course-of-performance, however, is admissible to interpret a writing so long as the evidence can reasonably be construed in a way that is consisten"
182,14380,52040200,high,Interpretation,"A farmer contracted to sell 100,000 bushels of wheat to a buyer. When the wheat arrived at the destination, the buyer discovered that the farmer had delivered only 96,000 bushels. ","D is correct. This transaction involves a sale of goods and is subject to Uniform Commercial Code (UCC) Article 2. Under Article 2, evidence of trade usage that can be construed as reasonably consistent with an agreement's express language is admissible to interpret or supplement an agreement. The majority rule provide"
183,14383,52040200,high,Interpretation,"A computer company contracted in writing with a bank to sell and deliver to the bank a mainframe computer using a new type of magnetic memory, then under development but not perfec","D is correct. Under the Uniform Commercial Code (UCC), any trade usage that is observed with sufficient regularity in a place, vocation, or trade so as to justify an expectation that the parties contracted with reference to it can be introduced to interpret the parties' agreement, so long as the usage can be reasonably"
184,14382,52040200,high,Interpretation,"A beverage distribution company agreed in writing with Fizzy Cola Company to serve for three years as a distributor in a six-county area of Fizzy Cola, which contains a small amoun","D is correct. Under the Uniform Commercial Code (UCC), any trade usage that is observed with sufficient regularity so as to justify an expectation that the parties contracted with reference to it can be introduced to interpret the parties' agreement, so long as the usage can be reasonably construed as being consistent "
185,14385,52040300,high,Parol Evidence Rule,"A buyer purchased a new car from a dealer under a written contract that provided that the price of the car was $20,000 and that the buyer would receive a ""trade-in allowance of $7,","D is correct. Under the Uniform Commercial Code's (UCC) parol evidence rule, a merger clause does not conclusively establish that an agreement is completely integrated. Moreover, a finding that an agreement is completely integrated does not necessarily bar the admission of extrinsic evidence. Although extrinsic evidenc"
186,14381,52040300,high,Parol Evidence Rule,"A buyer and a seller entered into a written contract for the sale of a copy machine, using the same form contract that they had used a number of times in the past. The contract sta","D is correct. Under Uniform Commercial Code (UCC) § 1-303(b), course of dealing is defined as ""a sequence of conduct concerning previous transactions between the parties to a particular transaction . . . ."" In this case, on several past occasions, the buyer had taken a 5% discount without objection from the seller, thu"
187,14393,54030800,high,Misrepresentation / Fraud,"Before putting her home up for sale, a homeowner painted the living room ceiling to conceal major water damage caused by a leaking roof that had not yet been repaired. On the first","B is correct. A misrepresentation of fact that induces assent provides a basis for avoidance of a contract. A misrepresentation is defined as a statement that is not in accord with the facts. Affirmative conduct that is ""intended or known likely to prevent another from learning a fact is equivalent to an assertion that"
188,14390,54030800,high,Misrepresentation / Fraud,"A son, who knew nothing about horses, inherited a thoroughbred colt whose disagreeable behavior made him a pest around the barn. The son sold the colt for $1,500 to an experienced ","B is correct. A person's nondisclosure of fact may be tantamount to a misrepresentation of fact sufficient to allow rescission of a contract where the person knows that disclosure of the fact would correct the other party's mistake with respect to a basic assumption of the contract, and where nondisclosure amounts to a"
189,14401,54030400,high,Statute of Frauds,"In financial straits and needing $4,000 immediately, a nephew asked his uncle for a $4,000 loan. The uncle said that he would lend the money to the nephew only if the nephew's moth","B is correct. The mother's letter to her son satisfies the Statute of Frauds (SOF) requirement for suretyship contracts to be in writing. The letter identifies both parties, describes the subject matter and the terms, and is signed by the mother. The fact that it was not made contemporaneously with the promise to pay t"
190,14397,54030400,high,Statute of Frauds,"In a telephone conversation, a jewelry maker offered to buy 100 ounces of gold from a precious metals company if delivery could be made within 10 days. The jewelry maker did not sp","B is correct. The parties failed to comply with the writing requirement of Uniform Commercial Code (UCC) § 2-201(1). The absence of a writing signed by the jewelry maker renders the parties' oral agreement unenforceable. A A is incorrect. Under UCC § 2-305, a contract may be enforceable in the absence of a price term s"
191,14395,54030400,high,Statute of Frauds,"A ski-shop operator, in a telephone conversation with a glove manufacturer, ordered 12 pairs of vortex-lined ski gloves at the glove manufacturer's list price of $600 per dozen ""fo","B is correct. Under the Uniform Commercial Code (UCC), a contract for the sale of goods for $500 or more must be evidenced by a writing that is signed by the person against whom enforcement is sought. As an exception to the rule, a signed writing will not be required between merchants where a written confirmation of a "
192,14402,54030400,high,Statute of Frauds,"A dry goods retailer telephoned a towel manufacturer and offered to buy for $5 each a minimum of 500 and a maximum of 1,000 large bath towels, to be delivered in 30 days. The manuf","B is correct. Under the Uniform Commercial Code's (UCC) Statute of Frauds, a contract for the sale of goods for $500 or more is not enforceable unless there is a writing sufficient to indicate that a contract has been made, which is signed by the party against whom enforcement is sought. The writing need not contain al"
193,14391,54030600,high,Mistake / Lack of Mutual Assent,"A retailer of guns in a state received on June 1 the following signed letter from a gun-wholesaler in another state: ""We have just obtained 100 of the assault rifles you inquired a","B or C is correct. Although rare, on a few occasions the NCBE has released two correct answers for one question. For this question, when it was scored, either answer B or C was accepted as correct and given credit. However, moving forward, examinees should still approach each question as if only one answer is correct. "
194,14396,54031000,high,Public Policy,An insurance company issued an insurance policy to a homeowner. The policy failed to contain certain coverage terms required by a state insurance statute. When the homeowner suffer,"C is correct. A contract that violates a state statute may be declared unenforceable on grounds of public policy. Where, however, the contract violates a policy that was intended for the benefit of a contracting party seeking relief, the contract may be enforceable in order to avoid frustrating the policy behind the st"
195,14394,54030400,high,Statute of Frauds,"A father and his adult daughter encountered an old family friend on the street. The daughter said to the family friend, ""How about lending me $1,000 to buy a used car? I'll pay you","C is correct. Generally, a promise to guarantee a debt to a third person falls under the Statute of Frauds and therefore must be in writing and signed by the party to be charged in order to be enforceable. However, the promise will not fall under the statute where the principal purpose of making the guarantee was to be"
196,14399,54030600,high,Mistake / Lack of Mutual Assent,"A breeder bought a two-month-old registered boar at auction from a seller for $800. No express warranty was made. 15 months later, tests by experts proved conclusively that the boa","C is correct. Mutual mistake will only discharge duties under a contract when the party seeking to avoid it did not assume the risk of the mistake. The facts state that both parties knew the fertility was unknown due to the boar's young age, which means there was uncertainty, not mistake. The fact that the breeder knew"
197,14388,54030300,high,Unconscionability,"On August 1, a geriatric company operating a ""lifetime care"" home for the elderly admitted an 84-year-old man for a trial period of two months. On September 25, the 84-year-old man","C is correct. Restitution generally is not available to recover a benefit conferred pursuant to a valid and binding contract. When determining whether a contract may be unenforceable on grounds of unconscionability, the fairness of the exchange is determined as of the time that the contract was entered into. Although t"
198,14398,54030300,high,Unconscionability,"A landholder was land-rich by inheritance but money-poor, having suffered severe losses on bad investments, but still owned several thousand acres of unencumbered timberland. He ha","C is correct. The landholder should invoke substantive and procedural unconscionability. At the time he agreed to sell, the landholder was financially desperate, with no cash and only land rights. When presented with a cash offer that was 70% lower than comparable contracts, which he was unaware of, the landholder effe"
199,14403,54030900,high,Undue Influence,"The mother of a son and a daughter was dying. The daughter visited her mother in a hospice facility and said, “You know that I have always been the good child, and my brother has a","D is correct. A contract is voidable if the elements of undue influence - undue susceptibility to pressure and excessive pressure - are established. The undue susceptibility element can be established either by the circumstances (e.g., the mother's illness) or the existence of a confidential relationship (such as a par"
200,14387,54030600,high,Mistake / Lack of Mutual Assent,"A wallpaper hanger sent a general contractor, this telegram: Will do all paperhanging on new Doctors' Building, per owner's specs, for $14,000 if you accept within reasonable time ","D is correct. A contract may be rescinded on grounds of unilateral mistake if the mistake relates to a fundamental assumption of the contract that has a material effect on the exchange, if the party asserting mistake should not bear the risk of the mistake and if either (i) the non-mistaken party has reason to know of "
201,14389,54030800,high,Misrepresentation / Fraud,"A developer contracted in writing to sell to a buyer a house on a one-acre lot for $100,000. The developer told the buyer that the lot abutted a national park and that the water fo","D is correct. A party may avoid a contract to which the party's assent was induced by fraud. The time period within which a party may avoid a contract due to misrepresentation does not begin to run until that party either knows or has reason to know of the misrepresentation. In this case, the buyer's eight-month delay "
202,14392,55020100,reviewed,objective manifestations of assent,"A farmer who wanted to sell her land received a letter from a developer that stated, ""I will pay you $1,100 an acre for your land."" The farmer's letter of reply stated, ""I accept y","D is correct. An enforceable contract requires mutual assent as determined by the parties' objective, rather than subjective, manifestations of assent. Given the parties' knowledge of the price of comparable land, the developer's offer created a reasonable understanding that the developer would purchase the land for $1"
203,14439,56050200,reviewed,common-law modification and unanticipated circumstances,"A woman entered into a contract with a painter, by the terms of which the painter was to paint the woman's office for $1,000 and was required to do all of the work over the followi","A is correct. A unilateral modification of a contract (such as the woman's promise to pay an additional $200 for the same work) lacks consideration because of the preexisting duty rule. However, some unilateral modifications may be enforceable notwithstanding the lack of additional consideration if the modification was"
204,14405,56050402,reviewed,nonconforming accommodation shipment,"On June 1, a seller received a mail order from a buyer requesting prompt shipment of a specified computer model at the seller's current catalog price. On June 2, the seller mailed ","A is correct. As of June 5, having received a letter accepting the buyer's offer to purchase the correct computers along with the incorrect computers, the buyer had the right to accept or reject the shipment. The mailed notice of accommodation is a distraction from those dispositive facts. Whether the buyer accepts or "
205,14453,55020201,medium,Bargain and exchange,"An automobile retailer had an adult daughter who needed a car in her employment but had only $3,000 with which to buy one. The retailer wrote to his daughter, ""Give me your $3,000 ","A is correct. Bargained-for consideration is required for a contract to be enforceable, and a court will find adequate consideration without inquiring into the adequacy of the detriment to one party or another. Here, the fact that the daughter is paying $3,000 to the retailer for a car worth $10,000, although uneven, w"
206,14411,55020204,high,Preexisting duty,"A man owed his friend $1,000, plus interest at 8% until paid, on a long-overdue promissory note, collection of which would become barred by the statute of limitations on June 30. O","A is correct. Because the man was already obligated to pay the friend $1,000 at 8% interest, normally a promise to do the same would not be sufficient consideration to support the friend's promise to refrain from suit. However, the man offered to extend interest payments until December 31 in consideration for the frien"
207,14426,55020101,high,Offer,"A borrower owed a lender $50,000 due on March 1. On January 10, the lender telephoned the borrower and said that he would discharge the debt if the borrower would promise to pay th","A is correct. By not returning an actual promise to pay the $45,000 by January 15, the borrower's vague response to the offer on January 10, although intentional, was not sufficiently promissory to constitute acceptance of an offer and create a binding contract. B B is incorrect. The January 10 conversation did not con"
208,14417,unsure,reviewed,at-will permanent employment has no close Contract code,"A bakery offered a chef a permanent full-time job as a pastry chef at a salary of $3,000 per month. The chef agreed to take the position and to begin work in two weeks. In her empl","A is correct. The characterization of the pastry chef position as ""permanent"" indicates that it was an employment-at- will relationship, which may be terminated by either party, at any time, for any reason. B B is incorrect. The reason for not following through with the bakery position is irrelevant. The correct answer"
209,14434,55020400,high,Implied-in-fact contracts,"For several weeks, a wealthy, unemployed widow and a car dealer negotiated unsuccessfully over the purchase price of a new sports car. The car dealer knew the widow wanted her son ","A is correct. The exchange of correspondence between the car dealer and the widow proposing the same terms shows the condition was met, and their conduct manifested their agreement. B B is incorrect. The mirror image rule does not apply because the parties' proposed terms were the same. C is incorrect. A cross-offer wi"
210,14416,52040200,reviewed,conflicting meanings and contract interpretation,"An innkeeper, who had no previous experience in the motel or commercial laundry business and who knew nothing about the trade usages of either business, bought a motel and signed a","A is correct. The laundry company knew that the innkeeper thought ""daily service"" included Sundays, even though it was contrary to industry standards. And the innkeeper, unaware of the industry standard, did not, therefore, know that the laundry company attached a different meaning to the term. In this scenario, the in"
211,14430,55020101,high,Offer,"On April 1, an owner and a buyer signed a writing in which the owner, in consideration of $100 to be paid to the owner by the buyer, offered the buyer the right to purchase Greenac","A is correct. The owner and the buyer did not enter into an option contract, but the offer was not set to lapse until April 30. The buyer was free to accept as of April 21 unless the offer was otherwise revoked. B B is incorrect. Obtaining a loan is not justified reliance by the buyer under these circumstances. C is in"
212,14433,55020201,medium,Bargain and exchange,"A man sent an email to a friend that stated: ""Because you have been a great friend to me, I am going to give you a rare book that I own."" The friend replied by an email that said: ","A is correct. To constitute consideration, a return promise must be bargained for. A return promise is bargained for when it is sought by the promisor in exchange for his promise and is given by the promisee in exchange for that promise. Because the man's promise to give the rare book to the friend did not seek a retur"
213,14412,55020204,high,Preexisting duty,"A debtor's liquidated and undisputed $1,000 debt to a creditor was due on March 1. When the debt was still unpaid on March 15, the creditor told the debtor that if the debtor promi","A is correct. Under the pre-existing duty rule, the creditor's promise to forbear from suing to collect was not supported by consideration from the debtor because the amount due was liquidated and the debtor promised to do nothing more than he was already obligated to do. B B is incorrect. The creditor's promise to for"
214,14406,55020202,high,Illusory promises,"On July 18, a shovel manufacturer received an order for the purchase of 500 snow shovels from a wholesaler. The wholesaler had mailed the purchase order on July 15. The order requi","A is correct. When the wholesaler reserved the right to cancel the order at any time before September 1, this meant that as of July 22, the wholesaler gave only an illusory promise to purchase the shovels and the contract became unenforceable. B B is incorrect. Because there is no indication in the fact pattern that th"
215,14432,55020300,reviewed,detrimental reliance/promissory estoppel,"A developer obtained a bid of $10,000 to tear down her old building and another bid of $90,000 to replace it with a new structure in which she planned to operate a sporting goods s","B is correct. A promise may be enforceable even if not bargained-for where: (i) the promisor should reasonably have expected the promise to induce reliance; (ii) there is reliance in fact; and (iii) enforcement of the promise is necessary to prevent injustice. Because the lender reviewed the plans for the project, the "
216,14454,55020102,reviewed,manner of acceptance,"A developer, needing a water well on one of his projects, met several times about the matter with a well driller. Subsequently, the well driller sent a developer an unsigned typewr","B is correct. An offer is a manifestation of a willingness to bargain that creates a capacity in the offeree to form a contract by consent. Unless otherwise provided, an offer is construed as inviting acceptance in any reasonable manner and by any medium reasonable under the circumstances. Any objective manifestation o"
217,14424,55020300,reviewed,subcontractor bid made irrevocable by reliance,"A wallpaper hanger sent a general contractor this telegram: Will do all paperhanging on new Doctors' Building, per owner's specs, for $14,000 if you accept within reasonable time a","B is correct. If the general contractor had to submit a bid bond relying on bids from subcontractors, those bids would generally be held irrevocable until the general contractor gets the job and accepts the subcontractors' bids. A A is incorrect. The general contractor's mitigation of her damages after the wallpaper ha"
218,14404,56050200,reviewed,accepted contract modification,"On November 1, an accountant and a lawyer contracted for the sale by the accountant to the lawyer of the law books the accountant had inherited from his father. The lawyer agreed t","B is correct. The accountant proposed a unilateral modification of the contract, which the lawyer validly accepted before it lapsed. A A is incorrect. Agreeing to take the stacks will not constitute new consideration. C is incorrect. The lawyer's November 14 communication served to accept the modification, without disc"
219,14441,52040200,reviewed,express term controls trade usage,"An actor straight out of drama school and an agent entered into a one-year written contract that described the services the agent would provide. Because he was eager for work, the ","B is correct. The parties' new contract adopted the terms of their previous contract, which included the 15% fee. Evidence of express terms is given greater weight than evidence of trade usage. Therefore the express term, the 15% fee, is controlling because a court would give it greater weight than the evidence of trad"
220,14428,55020101,high,Offer,"On December 15, a lawyer received from a retailer of supplies an offer consisting of its catalog and a signed letter stating, ""We will supply you with as many of the items in the e","B is correct. The retailer made a firm offer to the lawyer that could not be revoked for three months, so the price increase is not effective. A A is incorrect. There are no facts in this question that show substantial reliance by the lawyer on the firm offer. C is incorrect. Firm offers do not require consideration to"
221,14425,55020101,high,Offer,"A buyer faxed the following signed message to his long-time widget supplier: ""Urgently need blue widgets. Ship immediately three gross at your current list price of $600."" Upon rec","B is correct. The supplier notified the buyer of the accommodating shipment of red widgets, so this shipment was not an acceptance of the buyer's offer, and therefore not in breach of contract. A A is incorrect. The buyer may not recover damages after rejecting the accomodating shipment. C is incorrect. The accommodati"
222,14445,55020102,reviewed,battle-of-forms material additional term,"A manager, aged 60, who had no plans for early retirement, had worked for an insurance company for 20 years as a managerial employee-at-will when he had a conversation with the com","B is correct. Under the theory of detrimental reliance, a gratuitous promise may be enforceable notwithstanding lack of consideration if the party making the promise has reason to expect the promise will induce reliance on the part of the promisee, where there has been reliance in fact, and where injustice may be avoid"
223,14451,55020201,medium,Bargain and exchange,"A chef purchased the front portion of the land needed for a restaurant he desired to build and operate, but the back portion was the subject of a will dispute between a sister and ","C is correct. A quitclaim deed, even when the holder is aware that their claim to the property is doubtful, is sufficient consideration to form a contract. A A is incorrect. An unequal exchange of value between two parties will not, by itself, invalidate the consideration. B is incorrect. The ""legal detriment"" aspect o"
224,14448,55020102,reviewed,mailbox acceptance and additional terms,"A restaurant supplier sent a letter to a regular customer offering to sell the customer an industrial freezer for $10,000. Two days later, the customer responded with a letter that","C is correct. An enforceable contract was formed when the customer mailed the acceptance to the supplier. The customer's ""condition"" of a warranty of merchantability was not an additional or different term that turned the acceptance into a counteroffer because that warranty is implied in every contract for the sale of "
225,14422,55020102,reviewed,battle-of-forms additional arbitration term,A buyer sent a seller an offer to buy 50 tons of cotton of a specified quality. The offer contained no terms except those specifying the amount and quality of the cotton. The selle,"C is correct. Because the buyer's offer was silent as to arbitration, the arbitration provision in the seller's acknowledgment should be characterized as an additional term. The arbitration provision will be considered a term of the contract if the seller can successfully argue that the provision did not materially alt"
226,14413,55020101,high,Offer,"While waiting in line to open an account with a bank, a customer read a poster on the bank's wall that said, “New Customers! $25 FOR 5 MINUTES. If you stand in line for more than f","C is correct. By beginning performance on the unilateral contract established by the poster, the bank's offer became an option contract and thus irrevocable. A A is incorrect. Completion of performance is what constitutes acceptance, but it is not necessary to render the offer irrevocable. As such, the manager's remova"
227,14435,56050200,reviewed,modification not supported by consideration,"A car dealer owed a bank $10,000, due on June 1. The dealer subsequently sold a car to a buyer at a price of $10,000, payable at $1,000 per month beginning on June 1. The dealer th","C is correct. The bank's agreement to allow the dealer to pay the debt in installments was not supported by consideration necessary to make this modification enforceable. A A is incorrect. The agreement did not need to be in a signed writing to be effective. However, the agreement did need to be supported by considerat"
228,14409,56050602,reviewed,impracticability and assumed risk,"For an agreed price of $20 million, a builder specializing in large scale construction projects contracted with a property owner to design and build on the property owner's commerc","C is correct. The builder is engaged in the business of excavation and had the opportunity to investigate the condition of the ground. He knew that he had to excavate at least 25 feet and failed to do any test inspections ahead of time. Therefore, the contractual duty will not be discharged for increased price and diff"
229,14429,55020400,high,Implied-in-fact contracts,Which of the following fact patterns most clearly suggests an implied-in-fact contract?,"C is correct. The contractor took the action of paving the neighbor's driveway, and when the neighbor saw the contractor doing this, he did not say or do anything to object, thus forming an implied-in-fact contract based on conduct rather than oral or written communication. A A is incorrect. This is not a scenario in w"
230,14408,55020101,high,Offer,"On May 1, an uncle mailed a letter to his adult nephew that stated: “I am thinking of selling my pickup truck, which you have seen and ridden in. I would consider taking $7,000 for","C is correct. The uncle's original letter was not an offer. It was merely a statement indicating a possible interest in selling the truck, and a suggestion as to a price that might be acceptable. It would be regarded, if anything, as a statement soliciting an offer. The nephew's letter, mailed on May 3, constituted an "
231,14431,56050200,reviewed,modification for unforeseen difficulty,"A construction company contracted with a warehouse owner to construct for $500,000 a warehouse and an access driveway at highway level. Shortly after commencing work on the drivewa","C is correct. Under common law, a modification of a contract is unenforceable when there is no new consideration. However, where there is an unforeseen difficulty so severe it rises to the level of impracticability, the consideration required for modification will be considered satisfied by the party's promise to compl"
232,14446,56050200,reviewed,UCC good-faith modification,"On June 1, a widget manufacturer entered into a written agreement with a tool maker in which the tool maker agreed to produce and sell to the manufacturer 12 sets of newly designed","C is correct. Under the UCC, a modification to a contract for the sale of goods needs no additional consideration to be binding if the modification was made in good faith. Although the modification increasing the purchase price under the tool maker-manufacturer contract was not supported by consideration, the modificat"
233,14436,54030100,high,Lack of Capacity,"A girl, who was a minor both in fact and appearance, bought on credit and took delivery of a telescope from a 30-year- old seller for an agreed price of $100. Soon after reaching t","C is correct. When a promise is voidable, the promisor may later reaffirm the promise, even without new consideration, and it will still be enforceable. Here, the girl's promise to pay $100 was not enforceable because she was an infant, but her later promise to pay $75 for the telescope was not voidable because she was"
234,14427,55020101,high,Offer,"A seller sent an email to a potential buyer, offering to sell his house to her for $150,000. The buyer immediately responded via email, asking whether the offer included the house'",D is correct. A reply to an offer that merely requests information regarding the offer constitutes an inquiry rather than a counteroffer. The buyer's response asking whether the seller intended to include the front porch swing in his offer was an inquiry rather than a counteroffer. The buyer's subsequent email stating 
235,14419,55020101,high,Offer,"On March 1, an apartment complex received a letter from a retailer offering to sell the apartment complex 1,200 window air conditioners suitable for the apartments in the complex's","D is correct. Because the retailer's firm offer stated that the apartment complex's acceptance must be received on or before March 20, and the apartment complex's acceptance did not arrive until March 21, it was ineffective in establishing a contract. A A is incorrect. This was a UCC firm offer, which means it was irre"
236,14423,56050102,reviewed,promise payable when able,"A woman bought on credit and took delivery of a telescope from a seller for an agreed price of $100. The woman promised to pay the seller, ""as soon as I am able."" The woman subsequ","D is correct. Because the woman made a promise to pay as soon as she was able, she will have to pay it once it is proven that she has $100. A A is incorrect. Nothing in this promise would give one of the parties grounds to void the contract, such as duress or undue influence from the seller. B is incorrect. The woman's"
237,14420,55020102,reviewed,shipment as acceptance and breach,"A buyer ordered from a seller 500 bushels of No. 1 Royal Fuzz peaches, at a specified price, ""for prompt shipment."" The seller promptly shipped 500 bushels, but by mistake shipped ","D is correct. By shipping non-conforming goods (the No. 2 peaches rather than No. 1), the seller was accepting the buyer's offer, thus forming a contract, and breaching it at the same time. Without any evidence that the seller tried to notify the buyer or offer the No. 2 peaches as an accommodation, the buyer may simpl"
238,14444,56050403,high,Anticipatory repudiation,"A potential buyer telegraphed a vendor on June 1, ""At what price will you sell 100 of your QT-Model garbage-disposal units for delivery around June 10?"" Thereafter, the following c","D is correct. If the June 9 communication was an unequivocal refusal to perform by the potential buyer, it would act as a repudiation and the vendor would have no obligation to perform, even under an existing contract. A A is incorrect. The vendor's June 2 communication manifested an intent to make an offer, even if it"
239,14421,55020201,reviewed,bargained-for consideration,"An owner and operator of a small business encourages ""wellness"" on the part of his employees and supports various physical-fitness programs to that end. Learning that one of his em","D is correct. In order to be enforceable, a promise must be supported by bargained-for consideration. Consideration is bargained for if it is given by the promisee in exchange for the promise. It does not matter that the promisee may have benefited from the requested performance, or that her motives for furnishing the "
240,14442,55020100,medium,Mutual Assent,"A niece had worked in her aunt's bookstore for many years. The bookstore business, which was housed in a building that the aunt leased, was independently appraised at $200,000. The","D is correct. Manifestations of assent are sufficient to conclude an enforceable contract even though parties manifest intent to memorialize their agreement in a writing that is not subsequently prepared. Here, the parties' agreement on essential terms constituted the manifestation of mutual assent sufficient to create"
241,14450,55020101,high,Offer,"A buyer mailed a signed order to a seller that read: ""Please ship us 10,000 widgets at your current price."" The seller received the order on January 7 and that same day mailed to t","D is correct. The buyer's order was mailed, which invited acceptance also by mail, which the seller properly did, thus establishing a valid contract when it was dispatched on January 7. The buyer's January 8 attempt at revocation was therefore ineffective because a valid contract had already been formed. A A is incorre"
242,14440,55020204,reviewed,debtor promise exception to preexisting duty,"A debtor owed a lender $1,500. The statute of limitations barred recovery on the claim. The debtor wrote to the lender, stating, “I promise to pay you $500 if you will extinguish t","D is correct. The enforcement of a debtor's promise is a long-established exception to the pre-existing duty rule. A A is incorrect. The debtor still promised to pay the $500, implying that there was no reliance on the statute of limitations. B is incorrect. A promise to pay a debt after the running of the statute of l"
243,14414,55020102,reviewed,acceptance by making requested loan,"A borrower asked a lender to lend her $1,000. The lender replied that he would do so only if the borrower's father would guarantee the loan. At the borrower's request the father ma","D is correct. The father's letter could only be accepted by the lender lending $1,000 to the borrower. Therefore, when the lender made the loan to the borrower on September 15, the contract was effectively accepted even if the father had not yet been notified. Thus, the father's death on September 16 does nothing to re"
244,14410,55020204,reviewed,preexisting duty owed to third person,"A burglar stole a collector's impressionist painting valued at $400,000. The collector, who had insured the painting for $300,000 with an insurance company, promised to pay $25,000","D is correct. The insurance company's pre-existing duty to return the painting will not prevent the investigator, a separate party, from returning the painting in exchange for the reward. A A is incorrect. The rule does not apply when the duty is owed to a third person. B is incorrect. The insurance company's pre-exist"
245,14418,56050200,reviewed,unilateral modification accepted before lapse,"A U.S. manufacturer on the west coast gave a hardware retailer who was relocating to the east coast the following ""letter of introduction"" to a hardware wholesaler on the east coas","D is correct. The manufacturer's offer to the hardware wholesaler was an offer to form a unilateral contract because the manufacturer wanted the wholesaler to provide credit to the hardware retailer, instead of a return promise. However, circumstances require the hardware wholesaler to be given notice of the acceptance"
246,14443,56050200,reviewed,oral modification lacks new consideration,"A landowner and a contractor entered into a written contract under which the contractor agreed to build a building and pave an adjacent sidewalk for the landowner for $200,000. Lat","D is correct. The oral modification that removed the contractor's duty to pave the sidewalk will not be enforced because it was not supported by new consideration, nor did it fall under an exception that allows modification without new consideration. The contractor is bound to the original agreement and by refusing to "
247,14447,55020300,reviewed,promissory estoppel reliance not justifying enforcement,"A notorious spendthrift, who was usually broke for that reason, received the following letter from his uncle, a wealthy and prudent man: ""I understand you're in financial difficult","D is correct. The uncle should have foreseen that his promise would induce action on the spendthrift's part, which the promise did. However, the nature of the spendthrift's reliance (buying a car that he could not afford) is inconsistent with the intended purpose of the uncle's gift, which suggests that justice does no"
248,14452,55020102,reviewed,battle-of-forms material limitation term,"On June 1, a wholesale company received a purchase-order form from a retailer, in which the latter ordered 1,000 anti-recoil widgets for delivery no later than August 30 at a deliv","D is correct. The wholesale company's acceptance of the retailer's offer was effective, but the limitation-on-liability clause proposes a material alteration to the contract and will not become a part of the final agreement because the retailer did not expressly agree to it. A A is incorrect. The wholesale company's ac"
249,14407,55020102,reviewed,battle-of-forms material warranty disclaimer,"A bottling company sent a purchase order to a wholesaler that stated, “Ship 100,000 empty plastic bottles at the posted price.” Two days after receipt of this purchase order, the w","D is correct. Warranty disclaimers, like the language in the wholesaler's acknowledgment form, are material alterations that require agreement from both parties to be effective. A A is incorrect. Buyers are generally entitled to recover consequential damages when the damages were foreseeable. B is incorrect. The acknow"
250,14470,56050601,reviewed,rescission/restitution after impossibility,"A woman owns an exceptionally seaworthy boat that she charters for sport fishing at a $500 daily rate. The fee includes the use of the boat with the woman as the captain, and one o","A is correct. A contract may be rescinded on grounds of supervening impossibility where a party's performance is made impossible without his fault due to the occurrence of an event, the non-occurrence of which was a basic assumption on which the contract was made. Where a contract has been rescinded on grounds of super"
251,14497,56050402,high,Perfect Tender Rule,"In a signed writing, a retired general contracted to purchase a 25-foot travel trailer from a trailer company for $15,000, cash on delivery no later than June 1. The general arrive","A is correct. The UCC perfect tender rule allows for the general to have rejected the non-conforming trailer that did not have a spare tire, but the company had the right to cure the defect because the time for delivery had not yet expired. B B is incorrect. Although the general's initial rejection was proper under the"
252,14481,56050601,high,Impossibility,"On June 1, a seller agreed to sell an antique car to a buyer for $20,000, in a writing signed by both the seller and the buyer. At the time, the car was on display in a museum in a","A is correct. UCC § 2-613 provides that where goods, identified at the time the contract was made, are totally destroyed before the risk of their loss has passed to the buyer and without the fault of either party, the contract is void and each party is relieved of its respective obligation to perform. Under UCC § 2-501"
253,14484,56050102,reviewed,constructive condition of exchange,"In a single writing, a painter contracted with a farmer to paint three identical barns on her rural estate for $2,000 each. The contract provided for the farmer's payment of $6,000","A is correct. Under the doctrine of constructive conditions, a party's contractual obligation is conditioned upon the other party's substantial performance. However, where one party's performance requires a period of time (such as the painter's obligation to paint the barns), that performance is due before the other pa"
254,14467,56050300,fallback,Performance,"A borrower asked a lender to lend her $1,000. The lender replied that he would do so only if the borrower's father would guarantee the loan. At the borrower's request, the father m","B is correct. Although the borrower failed to make three repayments of the debt and expressed her inability to repay the debt in the future, the lender cannot accelerate the debt unless the contract specified otherwise and can only recover the three months of unpaid debt due and outstanding as of January 15. A A is inc"
255,14486,56050402,high,Perfect Tender Rule,"A mill and a bakery entered into a written contract that obligated the mill to deliver to the bakery 1,000 pounds of flour every Monday for 26 weeks at a specified price per pound.","B is correct. Because the contract authorizes the delivery of flour in separate lots to be separately accepted, the parties entered into an installment contract. UCC § 2-612 adopts a ""substantial impairment"" standard for determining whether a buyer can reject a particular installment or cancel the entire contract. A bu"
256,14482,52040100,reviewed,UCC gap-filler for place of delivery,"A fixtures company, in a signed writing, contracted with an apartment complex for the sale to the apartment complex of 50 identical sets of specified bathroom fixtures, 25 sets to ","B is correct. Because the fixtures company-apartment complex contract is silent with respect to the place of delivery, the fixtures company only is obligated to make the goods available at the fixtures company's place of business for the apartment complex to take delivery. If the apartment complex does not tender payme"
257,14489,56050602,reviewed,impracticability of personal-services performance,A producer contracted to pay an inexperienced performer a specified salary to act in a small role in a play the producer was taking on a six-week road tour. The contract was for th,"B is correct. If these facts were true, the producer would have had no choice but to hire the actor. To simply wait until the performer recovered, without a replacement or any idea of how long until she could resume working, would have greatly burdened the producer. Thus, by hiring the only available substitute, the pr"
258,14456,56050602,reviewed,incapacity makes personal performance impracticable,An engineer entered into a written contract with an owner to serve in the essential position of on-site supervisor for construction of an office building. The day after signing the,"B is correct. The engineer is not in breach. The incapacity of a particular person to perform his or her duty under a contract renders the performance impracticable and operates as an excuse for nonperformance. The parties contracted for the engineer to personally provide on-site services. Therefore, the engineer's con"
259,14478,56050402,reviewed,installment nonconformity/substantial impairment,"A wholesaler contracted in a signed writing to sell to a bakery 10,000 pounds of flour each week for 10 weeks, the flour to be delivered to the bakery on Mondays and payment to be ","B is correct. The second delivery of less than the contracted-for amount (5,000 instead of 10,000 pounds of flour) constituted a non-conformity that substantially impaired the value of the installment since the wholesaler could not deliver the remaining 5,000 pounds until the day after the bakery needed the flour to fu"
260,14457,55020203,high,Requirement and output contracts,"A lawn service company agreed in writing to purchase from a supplier all of its requirements for lawn care products during the next calendar year. In the writing, the supplier agre","B is correct. The supplier breached this valid requirements contract by refusing to adhere to the term ensuring the company would receive a 10% discount off the published prices. Although the supplier did reserve the right to increase the published prices, it did not reserve the right to take away the company's promise"
261,14487,56050607,reviewed,accord and satisfaction lacks consideration,A tenant rented a commercial building from a landlord and operated a business in it. The building's large front window was smashed by vandals six months before expiration of the te,B is correct. The tenant's offer for an accord and satisfaction was not enforceable because it lacked consideration. A A is incorrect. The notation on the check was sufficiently conspicuous to put the window company on notice of its existence. C is incorrect. An accord and satisfaction is not enforceable unless the deb
262,14465,56050607,reviewed,accord and satisfaction by payment-in-full check,"A client consulted a lawyer about handling the sale of the client's building, and asked the lawyer what her legal fee would be. The lawyer replied that her usual charge was $100 pe","B is correct. Under rules of accord and satisfaction, a debtor may make an offer to settle a dispute by offering a check marked ""payment in full."" If the notation was sufficiently plain that the creditor should have understood it, and if the amount owed to the creditor is an unliquidated sum, then cashing the check wit"
263,14494,56050604,reviewed,waiver of delivery-date condition,"On July 15, in a writing signed by both parties, a fixture company agreed to deliver to a druggist on August 15 five storage cabinets from inventory for a total price of $5,000 to ","B is correct. Waiver is an excuse for the nonoccurrence or delay of a condition to fulfill a duty. Under the Uniform Commercial Code (UCC), consideration is not required for a valid waiver. When the fixture company and the druggist agreed to postpone their delivery date under the contract from August 15 to August 20, i"
264,14455,56050102,reviewed,constructive condition requiring complete performance before payment,"Under the terms of a written contract, a builder agreed to construct a garage for a homeowner for $10,000. Nothing was stated in the parties' negotiations or in the contract about ","B is correct. Where one party's performance is to take place over a period of time, that party must complete its performance before the other party is required to perform, unless the language or circumstances indicate otherwise. Here the parties did not provide for progress payments in the contract. Therefore the build"
265,14479,56050602,reviewed,supervening impracticability,"The manager of a state fair contracted with a renowned hog breeder to exhibit the breeder's world champion animal for the three weeks of the annual fair, at the conclusion of which","C is correct. A contract may be rescinded on grounds of supervening impracticability where a party's performance is made impracticable without his fault due to the occurrence of an event, the non-occurrence of which was a basic assumption on which the contract was made. Such event may include the destruction or deterio"
266,14459,56050403,high,Anticipatory repudiation,A lumber supplier agreed to sell to a furniture manufacturer all the lumber that the manufacturer required over a two- year period. The sales contract provided that payment was due,"C is correct. A party to a contract with reasonable grounds to worry that the other party might not perform can request adequate assurances of performance, pursuant to Uniform Commercial Code § 2-609. The supplier in this case did so, but the information provided by the manufacturer would be regarded as satisfying the "
267,14476,56050102,reviewed,express condition and implied good faith,"A buyer agreed to purchase a seller's house for $250,000 ""on condition that the buyer obtain mortgage financing within 30 days."" Thirty days later, the buyer told the seller that t","C is correct. A performance that is subject to an express condition cannot become due unless the condition occurs or its non-occurrence is excused. However, the duty of good faith, which is implied in every contract, imposed an obligation on the buyer to make reasonable efforts to secure mortgage financing. The non-occ"
268,14485,56050403,high,Anticipatory repudiation,"On June 1, a seller and a buyer contracted in writing for the sale and purchase of the seller's cattle ranch (a large single tract) and to close the transaction on December 1. The ","C is correct. If the effect of a repudiation is to deprive the non-repudiating party of a substantial part of the contract, it gives the non-repudiating party the right to terminate the contract and pursue remedies for total breach. The repudiating party, however, is still free to retract the repudiation and reinstate "
269,14469,56050607,reviewed,accord and satisfaction supported by disputed claim,"In a written contract, an architect agreed to draw up the plans for and to supervise construction of a client's new house. In return, the client agreed to pay the architect a fee o","C is correct. The architect will not recover the $2,500 from the client because they executed an accord and satisfaction, supported by consideration based on the $7,500 tendered and the client's good faith dispute as to the architect's performance. A A is incorrect. Payment of $7,500 did amount to valid consideration f"
270,14458,55020203,high,Requirement and output contracts,"Under a written agreement, a pastry company promised to sell its entire output of baked buns at a specified unit price to a baked goods retailer for one year. The baked goods retai",C is correct. The baked goods retailer was under an implied obligation to use its best efforts to promote the sale of the pastry company's buns for the duration of the contract. A A is incorrect. The contract implied an obligation on the part of the baked goods retailer to use its best efforts to promote the sale of th
271,14483,56050403,high,Anticipatory repudiation,"A broker needed a certain rare coin to complete a set that he had contracted to assemble and sell to a collector. On February 1, the broker obtained such a coin from a hoarder in e","C is correct. The broker's statement manifested an intent to repudiate, which entitled the hoarder to treat his statement as a total breach of contract, even though performance is not due until December 31. A A is incorrect. An injured party must act reasonably to mitigate damages only after the other party commits a m"
272,14477,56050401,reviewed,minor failure not materially affecting performance,"A seller and a buyer entered into a written agreement providing that the seller was to deliver 1,000 cases of candy bars to the buyer during the months of May and June. Under the a","C is correct. The buyer will prevail because, even though the buyer failed to make the proper specifications regarding the candy by March 1, the fact that the buyer did make the selection by March 2, just one day later, ensured that this failure did not ""materially affect"" the seller's ability to perform A A is incorre"
273,14461,51060101,high,Expectation damages,A produce distributor contracted to provide a grocer with eight crates of lettuce at the distributor's listed price. The distributor's shipping clerk mistakenly shipped only seven ,"C is correct. The distributor shipped non-conforming goods (seven crates instead of eight), but the grocer accepted the shipment, rendering the grocer obligated to pay the contract price of those accepted goods, minus any damages caused by the distributor's breach. A A is incorrect. By choosing to accept the non-confor"
274,14468,56050604,reviewed,waiver of written-notice condition,"In a writing signed by both parties on December 1, a man agreed to buy from a distributor a gasoline engine for $1,000, delivery to be made on the following February 1. Through a s","C is correct. The non-occurrence of the express condition to provide written notice of re-sale by January 2 would normally discharge the parties' duties under the contract, however, the condition was excused when the distributor verbally waived the condition by agreeing to send the engine without written notice. A A is"
275,14463,55020203,reviewed,requirements contract breach,The owner of a fleet of taxis contracted with a dealer in petroleum products for the purchase and sale of the taxi fleet owner's total requirements of gasoline and oil for one year,"C is correct. The taxi fleet owner agreed to purchase its total requirements for gasoline and oil from the petroleum dealer for one year, so its purchase of substantial amounts of gasoline from a competitor amounted to a material breach, thereby justifying the petroleum dealer's repudiation of its obligation to place a"
276,14488,56050300,reviewed,shipment contract risk of loss,"A buyer and a seller entered into a contract for the sale of 10,000 novelty bracelets. The seller had the bracelets in stock. The contract specified that the seller would ship the ","C is correct. Under UCC § 2-509(1), a contract that requires the seller to ship goods to the buyer by a third-party carrier is either a shipment or a destination contract. Comment 5 to UCC § 2-503 provides that where the contract is otherwise silent, a shipment contract is presumed where the contract requires shipment "
277,14475,56050102,reviewed,express condition and good-faith efforts,"A seller entered into a contract to sell to a buyer a house for a price of $150,000. The contract contained the following clause: “This contract is conditional on the buyer's secur","D is correct. A performance that is subject to an express condition cannot become due unless the condition occurs or its nonoccurrence is excused. According to the Restatement (Second) of Contracts, the duty of good faith is implied inasmuch as ""every contract imposes upon each party a duty of good faith and fair deali"
278,14480,56050102,high,Conditions,"A fugitive was wanted for murder. The authorities offered the following reward: “$20,000 to anyone who provides information leading to the arrest and conviction of this fugitive.” ","D is correct. A performance that is subject to an express condition cannot become due unless the condition occurs or its nonoccurrence is excused. The detective's entitlement to the reward was subject to two conditions: the arrest and conviction of the fugitive. The first, the arrest, was satisfied when the detective d"
279,14490,56050604,reviewed,waiver of constructive condition,"An amateur computer whiz agreed in writing to design three new games a year for a five-year period for a corporation that distributed TV game systems. The writing provided, in a cl","D is correct. A waiver is an excuse of the nonoccurrence or delay of a condition to a duty. Constructive conditions of exchange can be waived through conduct, by treating a breach as only a partial breach and continuing to perform the contract. Although a waiver may be retractable in certain situations, a waiver is not"
280,14491,56050403,reviewed,mere doubt is not anticipatory repudiation,"On March 1, an excavator entered into a contract with a contractor to perform excavation work on a large project. The contract expressly required that the excavator begin work on J","D is correct. An anticipatory repudiation occurs when a party unequivocally manifests an intention not to perform or an inability to perform. Expressions of doubt as to a party's ability to perform or a mere request by a party (in this case, the excavator) that the other party (the contractor) consider modifying their "
281,14473,56050403,high,Anticipatory repudiation,"On June 1, a seller and a buyer contracted in writing for the sale and purchase of the seller's cattle ranch (a large single tract) and to close the transaction on December 1. On O","D is correct. Anticipatory repudiation requires an unequivocal statement of unwillingness to perform on a contractual obligation, not mere doubt or uncertainty. Here, the buyer expressed serious doubt and may have established insecurity, but did not amount to a full repudiation. This was also not a breach because the t"
282,14471,56050604,reviewed,waiver of condition,"A seller and a buyer entered into a contract obligating the seller to convey title to a parcel of land to the buyer in exchange for $100,000. The agreement provided that the buyer'","D is correct. Courts look beyond the words of a condition, and if it is clear that the intent of the condition was to benefit or protect one of the parties, the language of the condition will be interpreted as if that intent had been clearly expressed in the contract terms. In this case, it is clear that the condition "
283,14493,56050403,high,Anticipatory repudiation,"A buyer agreed in writing to purchase a car from a seller for $15,000, with the price to be paid on a specified date at the seller's home. The contract provided, and both parties i","D is correct. Selling the car to the third party was an action that made the seller's performance under the contract impossible, which amounted to an implied anticipatory repudiation, which gives the buyer an immediate claim for breach of contract. A A is incorrect. Impossibility is unavailable to the seller as a defen"
284,14474,56050403,high,Anticipatory repudiation,"On June 1, a general contractor and a subcontractor entered into a contract under which the subcontractor agreed to deliver all of the steel joists that the general contractor requ",D is correct. The adequate assurance doctrine requires that a party respond to a demand for adequate assurance only if the demand is reasonable and justified. A demand is justified if the party making the demand has reasonable grounds for insecurity with respect to the other party's potential performance. The facts in 
285,14523,51060304,high,Specific performance,"The aged mother of a sister and brother, both adults, wished to employ a live-in companion so that she might continue to live in her own home. The mother, however, had only enough ","A is correct. A court may grant specific performance of a contractual obligation where an award of monetary damages is inadequate - in other words, where damages would not be a just or reasonable substitute for performance of the promise, or where the calculation of adequate damages would be impracticable. Here the cal"
286,14527,51060201,high,Legal Restitution,"A tenant rented a commercial building from a landlord, and operated a business in it. The building's large front window was smashed by vandals six months before expiration of the t","A is correct. Generally, a party that has made a contract with another cannot later disregard the contract and bring suit in restitution against a third person, even if that third person has received a benefit from the contract. B B is incorrect. The landlord made no promise on which the window company relied. C is inc"
287,14504,51060303,high,Reformation,"A seller and a buyer, standing on Greenacre, orally agreed to its sale and purchase for $5,000 and orally marked its bounds as ""that line of trees down there, the ditch that inters",A is correct. Reformation is only proper when the parties' original agreement is improperly documented in a way that does not reflect their shared understanding. A clerical error about an agreed-upon boundary line falls within this category and reformation would be proper. B B is incorrect. Reformation is not available
288,14500,51060101,high,Expectation damages,"A carpenter contracted with a homeowner to remodel the homeowner's home for $10,000, the contract price to be paid on completion of the work. On May 29, relying on his expectation ","A is correct. The carpenter is entitled to the contract price for the work done - $10,000. The other items of damage are unrecoverable either because they were unforeseeable at the time the contract was made or because they were not caused by the breach. No unjust enrichment claim is viable on these facts, because an u"
289,14514,56050402,high,Perfect Tender Rule,A collector bought from a gallery a painting correctly described in the parties' signed contract as a “one-of-a-kind self- portrait” by a famous artist who had recently died. The c,"A is correct. The collector rightfully rejected the goods. However, the collector's exercise of ownership by selling the painting, after his rejection, was wrongful against the gallery and constituted conversion. The remedy for conversion is the fair market value of the goods at the time of the conversion. The collecto"
290,14510,51060101,reviewed,seller action for price/damages,"A buyer ordered a new machine from a manufacturer. The machine arrived on time and conformed in all respects to the contract. The buyer, however, rejected the machine because he no","A is correct. The manufacturer does not have an action for the price. Such an action is available under three circumstances, none of which is present here: (1) where the buyer has accepted the goods; (2) where the goods are lost or damaged within a commercially reasonable time after the risk of loss has passed to the b"
291,14532,51060107,high,Duty to mitigate,"A mother whose adult son was a law school graduate contracted with a tutor to give the son a bar exam preparation course. “If my son passes the bar exam,” the mother explained to t",A is correct. The victim of a breach is entitled to recover only those damages which could not reasonably have been avoided. Failure to take reasonable steps to mitigate damages defeats only a claim for consequential damages. It does not deprive the victims of the breach of the opportunity to claim damages measured by 
292,14517,51060103,high,Consequential damages,"On March 1, a mechanic contracted to repair a textile company's knitting machine by March 6. On March 2, the textile company contracted to manufacture and deliver specified cloth t","B is correct. Assuming other requirements are met, an aggrieved party is entitled to recover consequential damages only if they were reasonably foreseeable to the breaching party. A A is incorrect. The recovery of consequential damages requires more than a determination of the breach. Consequential damages must have be"
293,14502,51060107,high,Duty to mitigate,"A businesswoman sold her business to a company for $25 million in cash pursuant to a written contract that was signed by both parties. Under the contract, the company agreed to emp","B is correct. The company's unjustified termination of the businesswoman's employment constituted a breach of contract entitling the businesswoman to recover monetary damages. A wrongfully discharged employee is expected to mitigate damages by making reasonable efforts to seek comparable employment. However, if no comp"
294,14522,56050403,high,Anticipatory repudiation,"On November 15, a contractor, in a signed writing, contracted with a homeowner for an agreed price to personally remodel the homeowner's kitchen according to specifications provide","B is correct. The contractor may recover as damages his expected profit on his contract with the homeowner. He cannot, however, recover the $5,000 that he spent on materials because he incurred those expenses after being notified of the homeowner's repudiation of the contract. A A is incorrect. The contractor is only p"
295,14499,51060201,high,Legal Restitution,"A business owner entered into a contract with a painter, by the terms of which the painter was to paint the owner's office for $1,000 and was required to do all of the work over th","B is correct. The destruction of the owner's office discharged the painter's obligation to paint and the owner's obligation to pay for the work. Payment for the work that was already done, however, is nonetheless recoverable in restitution, or quasi-contract. A A is incorrect. The painter can recover in restitution. C "
296,14513,51060107,high,Duty to mitigate,"In January, a teacher contracted with a summer camp to serve as its head counselor at a salary of $10,000 for 10 weeks, from the first of June to the middle of August. In March, th","B is correct. The teacher is entitled to be put in the position he would have been in if the contract had been performed. Application of this principle leads to recovery of the difference between the contract salary ($10,000) and the amount earned at the local summer school ($6,000), plus the reasonable expenses incurr"
297,14506,51060304,high,Specific performance,"A landowner contracted in a signed writing to sell Greenacre, a 500-acre tract of farmland, to a farmer. The contract provided for exchange of the deed and purchase price of $500,0","B is correct. When a party has committed only a partial (as opposed to a total) breach of a contract, the other party to the contract remains obligated to perform, and refusal to perform will give the partially-breaching party the right to either specific performance or damages for total breach. Because the facts sugge"
298,14531,51060101,reviewed,expectation damages formula,"A homeowner and a contractor entered into a contract for the construction of a home for $300,000. The contractor was to earn a profit of $10,000 for the job. After the contractor h","C is correct. $50,000 represents the contractor's expectation measure of recovery and gives the contractor the benefit of the bargain-this amount would place the contractor in the position he would have been in but for the breach. It is also the greatest amount the contractor is able to recover. The general expectation"
299,14503,51060201,high,Legal Restitution,"In a single writing, Painter contracted with Farmer to paint three identical barns on her rural estate for $2,000 each. The contract provided for Farmer's payment of $6,000 upon Pa","C is correct. A breaching party is entitled to recover in restitution for the reasonable value of the benefit conferred on the non-breaching party in the way of part performance, less any damages that the non-breaching party suffered due to the breach. Since Painter terminated the contract without justification, it is "
300,14516,51060101,reviewed,expectation damages after cover,"A bank agreed to lend a merchant $10,000 for one year at 8% interest. The loan proceeds were to be disbursed within two weeks. The merchant intended to use the loan proceeds to pur","C is correct. Contract remedies typically strive to put the parties in the same position they would have been in if the contract had been fully performed. Here, other than the loss from paying extra interest, there are no damages to the merchant (other than the higher rate of interest they had to pay to cover for the b"
301,14524,51060101,reviewed,lost-volume seller damages,"A high-volume, pleasure-boat retailer entered into with a boater, a written contract signed by both parties, to sell the boater a power boat for $12,000. The manufacturer's price o","C is correct. The boater will only recover the $4,000 MINUS the ""lost volume"" seller's lost profits from selling one boat instead of two. A A is incorrect. It would be an unjust enrichment for the retailer, as a lost volume seller, to retain an amount greater than his losses from having one fewer customer. B is incorre"
302,14521,51060101,high,Expectation damages,"A contractor agreed to build a power plant for a public utility. A subcontractor agreed with the contractor to lay the foundation for $200,000. The subcontractor supplied goods and","C is correct. The contractor had to seek substitute performance to complete the contract which cost him $120,000. The contractor had to spend $20,000 more than he would have if the subcontractor had completed the original contract. Therefore, the contractor can recover the additional $20,000 spent to complete the work,"
303,14507,51060201,high,Legal Restitution,"A seller entered into an agreement to sell a machine to a buyer for $5,000. At the time of the order, the buyer gave the seller a down payment of $1,000. The buyer then built a fou",C is correct. The protection of the restitutionary interest restores to a party any benefit conferred to the other party. Restatement (Second) of Contracts § 344(c). A A is incorrect. The $250 cost of the foundation conferred no benefit on the seller and would constitute incidental damages rather than restitution (see 
304,14526,51060103,reviewed,foreseeability of consequential damages,"An experienced rancher contracted to harvest his neighbor's wheat crop for $1,000 “when the crop [was] ripe.” In early September, the neighbor told the rancher that the crop was ri","C is correct. The rules of contract law limit the recoverability of damages for a breach of contract. According to the Restatement (Second) of Contracts § 351, a non-breaching party is entitled to recover damages that the party in breach ""had reason to foresee as a probable result of the breach"" when the parties entere"
305,14528,51060107,high,Duty to mitigate,"On June 15, a teacher accepted a contract for a one-year position teaching math at a public high school at a salary of $50,000, starting in September. On June 22, the school inform","C is correct. The teacher is entitled to recover damages that will place her in the position she would have been in but for the school's breach. However, an injured party is expected to make reasonable efforts to mitigate the loss resulting from the other party's breach. In the case of a wrongfully discharged employee,"
306,14520,51060101,high,Expectation damages,"A buyer entered into a written contract to purchase from a seller 1,000 sets of specially manufactured ball bearings of a nonstandard dimension for a price of $10 per set. The sell","C is correct. The Uniform Commercial Code controls in this situation. The seller is entitled to be put in the position it would have been in if the contract had been performed. The proper measure of damages here is set out in UCC § 2- 708(2), which provides that a seller is entitled to the profit the seller would have "
307,14509,51060101,reviewed,seller resale/market/lost-volume damages,"By the terms of a written contract signed by both parties on January 15, a computer store agreed to sell a specific ICB personal computer to a customer for $3,000, and the customer","C is correct. Under the UCC, where the buyer has repudiated a contract the seller may, if resale is done in accordance with UCC rules (which among other things requires giving notice to buyer of any private resale), recover the difference between the contract price and the resale price, plus any incidental damages. In "
308,14525,51060101,reviewed,lost profits with reasonable certainty,"The plaintiff, a baseball star, contracted with the Municipal Symphony Orchestra, Inc., to perform for $5,000 at a children's concert as the narrator of ""Peter and the Wolf."" Short","D is correct. In order to recover lost profit damages, the plaintiff must prove that the losses suffered were substantially certain and not simply speculative. In this case, there is uncontroverted testimony that there were forgone profits, and such testimony could establish an amount of damages with reasonable certain"
309,14508,56050403,reviewed,repudiation retraction after reliance,"On May 1, a seller and a buyer entered into a written contract, signed by both parties, for the sale of a tract of land for $100,000. Delivery of the deed and payment of the purcha","D is correct. The buyer had already purchased the substitute tract of land when the seller attempted to retract the repudiation, which means the buyer had changed his position in material reliance on the repudiation, rendering the retraction ineffective. A A is incorrect. An effective retraction must be communicated be"
310,14518,51060101,reviewed,UCC breach-of-warranty damages,"An art collector paid a gallery $1,000 to purchase a framed drawing from the gallery's collection. The price included shipping by the gallery to the collector's home. The gallery's","D is correct. The gallery's use of inadequate materials to wrap the drawing constituted a breach of warranty. Therefore, the collector is entitled to be placed in the position he would have been in but for the gallery's breach. Under UCC § 2-714(2), the generally applicable standard for measuring the collector's result"
311,14519,56050300,medium,Performance,A landowner entered into a single contract with a builder to have three different structures built on separate pieces of property owned by the landowner. Each structure was distinc,"D is correct. This contract is divisible because it contains an equal number of divisible and corresponding parts for each party, and by completing one entire (but separate) part, the builder has the right to recover for that performance, even before the contract is completed. However, the landowner will have the right"
312,14512,54030800,high,Misrepresentation / Fraud,"During negotiations to purchase a used car, a buyer asked a dealer whether the car had ever been in an accident. The dealer replied: “It is a fine car and has been thoroughly inspe","D is correct. When a seller induces a buyer into consenting to a contract by means of a material misrepresentation, the resulting contract is voidable at the election of the buyer. In this case, the buyer asked a direct question about whether the car had ever been in an accident, and the seller gave an answer that a re"
313,14549,53070300,high,Delegation of Duties,"An expert in lifting and emplacing equipment atop tall buildings, contracted in a signed writing to lift and emplace certain air-conditioning equipment atop a builder's building. A","A is correct. The builder's oral agreement to accept the delegation of the expert's duties to the man was not sufficient to constitute a ""novation,"" which also requires a release of the expert from liability. B B is incorrect. For a delegation of duties to be effective, new consideration is not required. C is incorrect"
314,14545,53070100,reviewed,incidental beneficiary,"On December 1, a broker contracted with a collector to sell her one of a certain type of rare coin for $12,000, delivery and payment to occur on the next March 1. To fulfill that c","A is correct. The contract between the hoarder and the broker had nothing to do with or anticipate the collector's interest in the deal, and any future benefit he would have received was only incidental, preventing him from having any contractual rights. B B is incorrect. The broker will win because the collector was m"
315,14546,53070100,high,Third-Party Beneficiary Contracts,"In exchange for valid and sufficient consideration, a mother orally promised her son, who had no car and wanted a minivan, ""to pay to anyone from whom you buy a minivan within the ","B is correct. The mother and son both intended that the promise would confer a benefit on the future seller of the minivan to the son. This purpose is clear from the terms of the mother's promise, which was to pay the purchase price ""to anyone from whom you buy a minivan."" The dealership is, therefore, an intended thir"
316,14547,53070100,high,Third-Party Beneficiary Contracts,"The aged mother of a sister and brother, both adults, wished to employ a live-in companion so that she might continue to live in her own home. Their mother, however, had only enoug","B is correct. The mother was not a party to the contract between the sister and the brother, so the only way for her to have contractual rights is if she was the intended beneficiary of the contract. For the mother to be an intended beneficiary, she must be the person to whom performance is to be given. In this case, s"
317,14541,53070100,high,Third-Party Beneficiary Contracts,A computer retail outlet contracted to service a bank's computer equipment for one year at a fixed monthly fee under a contract that was silent as to assignment or delegation by ei,"B is correct. The retail outlet did not execute a novation when delegating its service contract to the computer services company, so the retail outlet will remain liable to the bank, which can enforce the outlet's duty to perform as an intended beneficiary of the contract. A A is incorrect. The retail outlet remains li"
318,14551,53070200,high,Assignment of Rights,"A builder borrowed $10,000 from a lender to finance a small construction job under a contract with a homeowner. The builder gave the lender a writing that stated, ""Any money I rece",B is correct. There was no effective assignment of the builder's rights to the lender. The writing did not sufficiently establish the builder's intent to immediately and completely extinguish the builder's rights under the contract with the homeowner and transfer them to the lender. A A is incorrect. Without an effecti
319,14552,53070200,high,Assignment of Rights,"Under the terms of a written contract, a builder agreed to construct for a homeowner a garage for $10,000. Nothing was said in the parties' negotiations or in the contract about pr","C is correct. After contract rights are assigned, an obligor may be able to recoup damages against any claims by the assignee if they arise under the original contract that was assigned. Thus, the homeowner may recoup any losses sustained from the builder's material breach, even after the assignment to the bank. A A is"
320,14535,53070200,high,Assignment of Rights,"A debtor's $1,000 contractual obligation to a creditor was due on July 1. On the preceding June 15, the creditor called her niece and said, ""As my birthday gift to you, you may col","C is correct. Although contract rights generally are freely assignable, when a contract right is assigned to a party gratuitously (i.e., without receiving anything in exchange), the assignor retains the power to revoke the assignment unless and until the assignee obtains performance from the obligor. On June 15, the cr"
321,14538,53070100,reviewed,intended third-party beneficiary,"A seller borrowed $5,000 from a bank. Soon thereafter the seller filed for bankruptcy, having paid nothing on his debt to the bank. Five years after the debt had been discharged in","C is correct. The bank will recover $5,000 from the buyer because the contract between the buyer and seller explicitly designated performance (the payment of $5,000) to run to the bank, which establishes the bank as an intended third- party beneficiary. A A is incorrect. The buyer's promise to pay the bank is enforceab"
322,14539,53070100,reviewed,third-party beneficiary rights vested by reliance,"An accountant and a bookkeeper, as part of a contract dissolving their accounting business, agreed that each would contribute $100,000 to fund an annuity for a clerk who was a long",C is correct. The clerk was an intended beneficiary of the contract between the accountant and the bookkeeper because their promise to fund the annuity was clearly intended to benefit the clerk. The clerk materially changed his position in reliance on the promise when he purchased a retirement home. The clerk's materia
323,14550,53070100,high,Third-Party Beneficiary Contracts,"A janitorial service contracted in writing with a hospital for a one-year term. Under the terms of the contract, the janitorial service agreed to clean the hospital daily in accord","C is correct. The patient has no ability to enforce the contract as an incidental beneficiary because the hospital did not intend to give the patient the benefit of the promised performance. A A is incorrect. Because the patient is an incidental beneficiary, the janitorial service is not liable for breach of contract, "
324,14544,53070300,high,Delegation of Duties,"A famous chef entered into a written agreement with his friend, a well-known interior decorator respected for his unique designs, in which the decorator agreed, for a fixed fee, to","C is correct. Unless the contract provides otherwise, a contractual duty may be delegated to another unless the other party to the contract has a substantial interest in having the original obligor perform. Typically the other party will have such an interest where the contract is a personal services contract involving"
325,14542,53070100,high,Third-Party Beneficiary Contracts,"A famous chef entered into a written agreement with his neighbor, a well-known interior decorator respected for his unique designs, in which the decorator agreed, for a fixed fee, ","D is correct. The chef may sue the decorator because there was no novation releasing him or consenting to the delegation, and the chef may also bring suit as a third-party beneficiary because the contract was for his benefit. A A is incorrect. The chef may also sue the friend as a third-party beneficiary of the friend-"
326,14537,53070300,reviewed,valid delegation of duties,"A flour wholesaler contracted to deliver to a producer of fine baked goods her flour requirements for a one-year period. Before delivery of the first scheduled installment, the flo","D is correct. The miller and the flour wholesaler have comparable reputations and experience, and there is no other indication that the baked goods producer would have a substantial interest in having the flour wholesaler perform instead. Thus, this was a valid assignment and delegation of duties, and the miller will p"
327,14534,53070200,high,Assignment of Rights,"On January 5, a creditor loaned $1,000 to a debtor under a contract calling for the debtor to repay the loan at the rate of $100 per month payable on the first day of each month. O","D is correct. The parties modified the contract, which was supported by consideration; going forward, the debtor benefitted from later due dates and the creditor benefitted from receiving cashier's checks. Because the bank was the assignee, it will be subject to any claims that were valid against the creditor. A A is i"
328,14533,53070200,high,Assignment of Rights,"A patient owed a physician $25,000 for professional services. The physician orally assigned this claim to her adult daughter as a wedding gift. Shortly thereafter, on suffering sud","D is correct. When a contract right is assigned to a party gratuitously (i.e., without receiving anything in exchange), the assignor retains the power to revoke the assignment if done prior to receiving payment from the obligor, or before the assignee has relied on the assignment or brought suit to enforce it. Revocati"
